Using Radeon Python environment: /workspace/rdna


============================ ROCm System Management Interface ============================
================================== Memory Usage (Bytes) ==================================
GPU[0]		: VRAM Total Memory (B): 51522830336
GPU[0]		: VRAM Total Used Memory (B): 28028928
==========================================================================================
====================================== Product Info ======================================
GPU[0]		: Card Series: 		AMD Radeon Graphics
GPU[0]		: Card Model: 		0x744b
GPU[0]		: Card Vendor: 		Advanced Micro Devices, Inc. [AMD/ATI]
GPU[0]		: Card SKU: 		D7070910
GPU[0]		: Subsystem ID: 	0x0e0c
GPU[0]		: Device Rev: 		0x00
GPU[0]		: Node ID: 		2
GPU[0]		: GUID: 		6853
GPU[0]		: GFX Version: 		gfx1100
==========================================================================================
================================== End of ROCm SMI Log ===================================
{
  "python": "3.12.3",
  "torch": "2.9.1+rocm7.2.1.gitff65f5bc",
  "rocm": "7.2.53211-e1a6bc5663",
  "device": "AMD Radeon Graphics",
  "device_count": 1
}
Radeon Cloud preflight passed.
[38;5;159m[Genesis] [00:59:52] [INFO] [38;5;121m╭───────────────────────────────────────────────╮[0m[38;5;159m[0m
[38;5;159m[Genesis] [00:59:52] [INFO] [38;5;121m│┈┉┈┉┈┉┈┉┈┉┈┉┈┉┈┉┈┉┈[0m[38;5;159m [38;5;121m[1m[3mGenesis[0m[38;5;159m [38;5;121m┈┉┈┉┈┉┈┉┈┉┈┉┈┉┈┉┈┉┈│[0m[38;5;159m[0m
[38;5;159m[Genesis] [00:59:52] [INFO] [38;5;121m╰───────────────────────────────────────────────╯[0m[38;5;159m[0m
[38;5;159m[Genesis] [00:59:52] [INFO] Running on [38;5;121m[4m[AMD Radeon Graphics][0m[38;5;159m with backend [38;5;121m[4mgs.amdgpu[0m[38;5;159m. Device memory: [38;5;121m[4m47.98[0m[38;5;159m GB.[0m
[38;5;159m[Genesis] [00:59:52] [INFO] 🚀 Genesis initialized. 🔖 version: [38;5;121m[4m1.2.3[0m[38;5;159m, 🎨 theme: [38;5;121m[4mdark[0m[38;5;159m, 🌱 seed: [38;5;121m[4m0[0m[38;5;159m, 🐛 debug: [38;5;121m[4mFalse[0m[38;5;159m, 📏 precision: [38;5;121m[4m32[0m[38;5;159m, 🔥 performance: [38;5;121m[4mFalse[0m[38;5;159m, 💬 verbose: [38;5;121m[4mINFO[0m[38;5;159m[0m
[38;5;159m[Genesis] [00:59:54] [INFO] Scene [38;5;121m[3m<310819c>[0m[38;5;159m created.[0m
[38;5;159m[Genesis] [00:59:54] [INFO] Adding [38;5;121m<gs.engine.entities.RigidEntity>[0m[38;5;159m. idx: [38;5;121m0[0m[38;5;159m, uid: [38;5;121m[3m<cae3205>[0m[38;5;159m, morph: [38;5;121m<gs.morphs.Plane>[0m[38;5;159m, material: [38;5;121m<gs.materials.Rigid>[0m[38;5;159m.[0m
[38;5;159m[Genesis] [00:59:54] [INFO] Adding [38;5;121m<gs.engine.entities.RigidEntity>[0m[38;5;159m. idx: [38;5;121m1[0m[38;5;159m, uid: [38;5;121m[3m<e4029fd>[0m[38;5;159m, morph: [38;5;121m<gs.morphs.Box>[0m[38;5;159m, material: [38;5;121m<gs.materials.Rigid>[0m[38;5;159m.[0m
[38;5;159m[Genesis] [00:59:54] [INFO] Adding [38;5;121m<gs.engine.entities.RigidEntity>[0m[38;5;159m. idx: [38;5;121m2[0m[38;5;159m, uid: [38;5;121m[3m<c8c4508>[0m[38;5;159m, morph: [38;5;121m<gs.morphs.Box>[0m[38;5;159m, material: [38;5;121m<gs.materials.Rigid>[0m[38;5;159m.[0m
[38;5;159m[Genesis] [00:59:54] [INFO] Adding [38;5;121m<gs.engine.entities.RigidEntity>[0m[38;5;159m. idx: [38;5;121m3[0m[38;5;159m, uid: [38;5;121m[3m<b8826a7>[0m[38;5;159m, morph: [38;5;121m<gs.morphs.MJCF(file='/workspace/parcel-sorter-rocm/third_party/genesis-world/genesis/assets/xml/franka_emika_panda/panda.xml')>[0m[38;5;159m, material: [38;5;121m<gs.materials.Rigid>[0m[38;5;159m.[0m
[38;5;226m[Genesis] [00:59:55] [WARNING] (MJCF) Approximating tendon by joint actuator for `finger_joint1`[0m
[38;5;226m[Genesis] [00:59:55] [WARNING] (MJCF) Approximating tendon by joint actuator for `finger_joint2`[0m
[38;5;159m[Genesis] [00:59:55] [INFO] Adding [38;5;121m<gs.engine.entities.RigidEntity>[0m[38;5;159m. idx: [38;5;121m4[0m[38;5;159m, uid: [38;5;121m[3m<e9147d1>[0m[38;5;159m, morph: [38;5;121m<gs.morphs.Box>[0m[38;5;159m, material: [38;5;121m<gs.materials.Rigid>[0m[38;5;159m.[0m
[38;5;159m[Genesis] [00:59:55] [INFO] Building scene [38;5;121m[3m<310819c>[0m[38;5;159m...[0m
[38;5;226m[Genesis] [00:59:57] [WARNING] Neutral robot position (qpos0) exceeds joint limits.[0m
[38;5;226m[Genesis] [00:59:57] [WARNING] Constraint solver time constant should be greater than 2*substep_dt. timeconst is changed from `0.005` to `0.00833333`). Decrease simulation timestep or increase timeconst to avoid altering the original value.[0m
[38;5;226m[Genesis] [01:00:01] [WARNING] Filtered out geometry pairs causing self-collision for the neutral configuration (qpos0): (8, 13), (9, 13), (16, 23), (17, 22), (18, 25), (19, 24). Consider tuning Morph option 'decompose_robot_error_threshold' or specify dedicated collision meshes. This behavior can be disabled by setting Morph option 'enable_neutral_collision=True'.[0m
[38;5;159m[Genesis] [01:00:03] [INFO] Compiling simulation kernels...[0m
[38;5;159m[Genesis] [01:01:21] [INFO] Building visualizer...[0m
{"episode": 7000000, "profile": "large_narrow_carton", "success": false, "stage": "approach", "retries": 0}
[38;5;159m[Genesis] [01:01:39] [INFO] Scene [38;5;121m[3m<a867e62>[0m[38;5;159m created.[0m
[38;5;159m[Genesis] [01:01:39] [INFO] Adding [38;5;121m<gs.engine.entities.RigidEntity>[0m[38;5;159m. idx: [38;5;121m0[0m[38;5;159m, uid: [38;5;121m[3m<d9810cb>[0m[38;5;159m, morph: [38;5;121m<gs.morphs.Plane>[0m[38;5;159m, material: [38;5;121m<gs.materials.Rigid>[0m[38;5;159m.[0m
[38;5;159m[Genesis] [01:01:39] [INFO] Adding [38;5;121m<gs.engine.entities.RigidEntity>[0m[38;5;159m. idx: [38;5;121m1[0m[38;5;159m, uid: [38;5;121m[3m<0d59cd6>[0m[38;5;159m, morph: [38;5;121m<gs.morphs.Box>[0m[38;5;159m, material: [38;5;121m<gs.materials.Rigid>[0m[38;5;159m.[0m
[38;5;159m[Genesis] [01:01:39] [INFO] Adding [38;5;121m<gs.engine.entities.RigidEntity>[0m[38;5;159m. idx: [38;5;121m2[0m[38;5;159m, uid: [38;5;121m[3m<f01d66c>[0m[38;5;159m, morph: [38;5;121m<gs.morphs.Box>[0m[38;5;159m, material: [38;5;121m<gs.materials.Rigid>[0m[38;5;159m.[0m
[38;5;159m[Genesis] [01:01:39] [INFO] Adding [38;5;121m<gs.engine.entities.RigidEntity>[0m[38;5;159m. idx: [38;5;121m3[0m[38;5;159m, uid: [38;5;121m[3m<07f7985>[0m[38;5;159m, morph: [38;5;121m<gs.morphs.MJCF(file='/workspace/parcel-sorter-rocm/third_party/genesis-world/genesis/assets/xml/franka_emika_panda/panda.xml')>[0m[38;5;159m, material: [38;5;121m<gs.materials.Rigid>[0m[38;5;159m.[0m
[38;5;226m[Genesis] [01:01:40] [WARNING] (MJCF) Approximating tendon by joint actuator for `finger_joint1`[0m
[38;5;226m[Genesis] [01:01:40] [WARNING] (MJCF) Approximating tendon by joint actuator for `finger_joint2`[0m
[38;5;159m[Genesis] [01:01:40] [INFO] Adding [38;5;121m<gs.engine.entities.RigidEntity>[0m[38;5;159m. idx: [38;5;121m4[0m[38;5;159m, uid: [38;5;121m[3m<c5304cf>[0m[38;5;159m, morph: [38;5;121m<gs.morphs.Box>[0m[38;5;159m, material: [38;5;121m<gs.materials.Rigid>[0m[38;5;159m.[0m
[38;5;159m[Genesis] [01:01:40] [INFO] Building scene [38;5;121m[3m<a867e62>[0m[38;5;159m...[0m
[38;5;226m[Genesis] [01:01:40] [WARNING] Neutral robot position (qpos0) exceeds joint limits.[0m
[38;5;159m[Genesis] [01:01:40] [INFO] Preprocessing geom idx [38;5;121m[4m26[0m[38;5;159m.[0m
[38;5;226m[Genesis] [01:01:40] [WARNING] Constraint solver time constant should be greater than 2*substep_dt. timeconst is changed from `0.005` to `0.00833333`). Decrease simulation timestep or increase timeconst to avoid altering the original value.[0m
[38;5;226m[Genesis] [01:01:41] [WARNING] Filtered out geometry pairs causing self-collision for the neutral configuration (qpos0): (8, 13), (9, 13), (16, 23), (17, 22), (18, 25), (19, 24). Consider tuning Morph option 'decompose_robot_error_threshold' or specify dedicated collision meshes. This behavior can be disabled by setting Morph option 'enable_neutral_collision=True'.[0m
[38;5;159m[Genesis] [01:01:42] [INFO] Compiling simulation kernels...[0m
[38;5;159m[Genesis] [01:01:42] [INFO] Building visualizer...[0m
{"episode": 7000001, "profile": "large_narrow_carton", "success": false, "stage": "abort", "retries": 0}
[38;5;159m[Genesis] [01:01:59] [INFO] Scene [38;5;121m[3m<2199add>[0m[38;5;159m created.[0m
[38;5;159m[Genesis] [01:01:59] [INFO] Adding [38;5;121m<gs.engine.entities.RigidEntity>[0m[38;5;159m. idx: [38;5;121m0[0m[38;5;159m, uid: [38;5;121m[3m<7a2e862>[0m[38;5;159m, morph: [38;5;121m<gs.morphs.Plane>[0m[38;5;159m, material: [38;5;121m<gs.materials.Rigid>[0m[38;5;159m.[0m
[38;5;159m[Genesis] [01:01:59] [INFO] Adding [38;5;121m<gs.engine.entities.RigidEntity>[0m[38;5;159m. idx: [38;5;121m1[0m[38;5;159m, uid: [38;5;121m[3m<00a80cc>[0m[38;5;159m, morph: [38;5;121m<gs.morphs.Box>[0m[38;5;159m, material: [38;5;121m<gs.materials.Rigid>[0m[38;5;159m.[0m
[38;5;159m[Genesis] [01:01:59] [INFO] Adding [38;5;121m<gs.engine.entities.RigidEntity>[0m[38;5;159m. idx: [38;5;121m2[0m[38;5;159m, uid: [38;5;121m[3m<719b99d>[0m[38;5;159m, morph: [38;5;121m<gs.morphs.Box>[0m[38;5;159m, material: [38;5;121m<gs.materials.Rigid>[0m[38;5;159m.[0m
[38;5;159m[Genesis] [01:01:59] [INFO] Adding [38;5;121m<gs.engine.entities.RigidEntity>[0m[38;5;159m. idx: [38;5;121m3[0m[38;5;159m, uid: [38;5;121m[3m<3aab085>[0m[38;5;159m, morph: [38;5;121m<gs.morphs.MJCF(file='/workspace/parcel-sorter-rocm/third_party/genesis-world/genesis/assets/xml/franka_emika_panda/panda.xml')>[0m[38;5;159m, material: [38;5;121m<gs.materials.Rigid>[0m[38;5;159m.[0m
[38;5;226m[Genesis] [01:01:59] [WARNING] (MJCF) Approximating tendon by joint actuator for `finger_joint1`[0m
[38;5;226m[Genesis] [01:01:59] [WARNING] (MJCF) Approximating tendon by joint actuator for `finger_joint2`[0m
[38;5;159m[Genesis] [01:01:59] [INFO] Adding [38;5;121m<gs.engine.entities.RigidEntity>[0m[38;5;159m. idx: [38;5;121m4[0m[38;5;159m, uid: [38;5;121m[3m<e3e1747>[0m[38;5;159m, morph: [38;5;121m<gs.morphs.Box>[0m[38;5;159m, material: [38;5;121m<gs.materials.Rigid>[0m[38;5;159m.[0m
[38;5;159m[Genesis] [01:01:59] [INFO] Building scene [38;5;121m[3m<2199add>[0m[38;5;159m...[0m
[38;5;226m[Genesis] [01:01:59] [WARNING] Neutral robot position (qpos0) exceeds joint limits.[0m
[38;5;159m[Genesis] [01:01:59] [INFO] Preprocessing geom idx [38;5;121m[4m26[0m[38;5;159m.[0m
[38;5;226m[Genesis] [01:01:59] [WARNING] Constraint solver time constant should be greater than 2*substep_dt. timeconst is changed from `0.005` to `0.00833333`). Decrease simulation timestep or increase timeconst to avoid altering the original value.[0m
[38;5;226m[Genesis] [01:02:01] [WARNING] Filtered out geometry pairs causing self-collision for the neutral configuration (qpos0): (8, 13), (9, 13), (16, 23), (17, 22), (18, 25), (19, 24). Consider tuning Morph option 'decompose_robot_error_threshold' or specify dedicated collision meshes. This behavior can be disabled by setting Morph option 'enable_neutral_collision=True'.[0m
[38;5;159m[Genesis] [01:02:01] [INFO] Compiling simulation kernels...[0m
[38;5;159m[Genesis] [01:02:01] [INFO] Building visualizer...[0m
{"episode": 7000002, "profile": "large_narrow_carton", "success": false, "stage": "approach", "retries": 0}
[38;5;159m[Genesis] [01:02:20] [INFO] Scene [38;5;121m[3m<0002a4a>[0m[38;5;159m created.[0m
[38;5;159m[Genesis] [01:02:20] [INFO] Adding [38;5;121m<gs.engine.entities.RigidEntity>[0m[38;5;159m. idx: [38;5;121m0[0m[38;5;159m, uid: [38;5;121m[3m<090ea94>[0m[38;5;159m, morph: [38;5;121m<gs.morphs.Plane>[0m[38;5;159m, material: [38;5;121m<gs.materials.Rigid>[0m[38;5;159m.[0m
[38;5;159m[Genesis] [01:02:20] [INFO] Adding [38;5;121m<gs.engine.entities.RigidEntity>[0m[38;5;159m. idx: [38;5;121m1[0m[38;5;159m, uid: [38;5;121m[3m<283c534>[0m[38;5;159m, morph: [38;5;121m<gs.morphs.Box>[0m[38;5;159m, material: [38;5;121m<gs.materials.Rigid>[0m[38;5;159m.[0m
[38;5;159m[Genesis] [01:02:20] [INFO] Adding [38;5;121m<gs.engine.entities.RigidEntity>[0m[38;5;159m. idx: [38;5;121m2[0m[38;5;159m, uid: [38;5;121m[3m<278db02>[0m[38;5;159m, morph: [38;5;121m<gs.morphs.Box>[0m[38;5;159m, material: [38;5;121m<gs.materials.Rigid>[0m[38;5;159m.[0m
[38;5;159m[Genesis] [01:02:20] [INFO] Adding [38;5;121m<gs.engine.entities.RigidEntity>[0m[38;5;159m. idx: [38;5;121m3[0m[38;5;159m, uid: [38;5;121m[3m<e013a7e>[0m[38;5;159m, morph: [38;5;121m<gs.morphs.MJCF(file='/workspace/parcel-sorter-rocm/third_party/genesis-world/genesis/assets/xml/franka_emika_panda/panda.xml')>[0m[38;5;159m, material: [38;5;121m<gs.materials.Rigid>[0m[38;5;159m.[0m
[38;5;226m[Genesis] [01:02:20] [WARNING] (MJCF) Approximating tendon by joint actuator for `finger_joint1`[0m
[38;5;226m[Genesis] [01:02:20] [WARNING] (MJCF) Approximating tendon by joint actuator for `finger_joint2`[0m
[38;5;159m[Genesis] [01:02:20] [INFO] Adding [38;5;121m<gs.engine.entities.RigidEntity>[0m[38;5;159m. idx: [38;5;121m4[0m[38;5;159m, uid: [38;5;121m[3m<5d06d6a>[0m[38;5;159m, morph: [38;5;121m<gs.morphs.Box>[0m[38;5;159m, material: [38;5;121m<gs.materials.Rigid>[0m[38;5;159m.[0m
[38;5;159m[Genesis] [01:02:20] [INFO] Building scene [38;5;121m[3m<0002a4a>[0m[38;5;159m...[0m
[38;5;226m[Genesis] [01:02:20] [WARNING] Neutral robot position (qpos0) exceeds joint limits.[0m
[38;5;159m[Genesis] [01:02:20] [INFO] Preprocessing geom idx [38;5;121m[4m26[0m[38;5;159m.[0m
[38;5;226m[Genesis] [01:02:21] [WARNING] Constraint solver time constant should be greater than 2*substep_dt. timeconst is changed from `0.005` to `0.00833333`). Decrease simulation timestep or increase timeconst to avoid altering the original value.[0m
[38;5;226m[Genesis] [01:02:22] [WARNING] Filtered out geometry pairs causing self-collision for the neutral configuration (qpos0): (8, 13), (9, 13), (16, 23), (17, 22), (18, 25), (19, 24). Consider tuning Morph option 'decompose_robot_error_threshold' or specify dedicated collision meshes. This behavior can be disabled by setting Morph option 'enable_neutral_collision=True'.[0m
[38;5;159m[Genesis] [01:02:22] [INFO] Compiling simulation kernels...[0m
[38;5;159m[Genesis] [01:02:23] [INFO] Building visualizer...[0m
{"episode": 7000003, "profile": "large_narrow_carton", "success": false, "stage": "abort", "retries": 0}
[38;5;159m[Genesis] [01:02:27] [INFO] Scene [38;5;121m[3m<713289b>[0m[38;5;159m created.[0m
[38;5;159m[Genesis] [01:02:27] [INFO] Adding [38;5;121m<gs.engine.entities.RigidEntity>[0m[38;5;159m. idx: [38;5;121m0[0m[38;5;159m, uid: [38;5;121m[3m<3e25bb0>[0m[38;5;159m, morph: [38;5;121m<gs.morphs.Plane>[0m[38;5;159m, material: [38;5;121m<gs.materials.Rigid>[0m[38;5;159m.[0m
[38;5;159m[Genesis] [01:02:27] [INFO] Adding [38;5;121m<gs.engine.entities.RigidEntity>[0m[38;5;159m. idx: [38;5;121m1[0m[38;5;159m, uid: [38;5;121m[3m<d478fcf>[0m[38;5;159m, morph: [38;5;121m<gs.morphs.Box>[0m[38;5;159m, material: [38;5;121m<gs.materials.Rigid>[0m[38;5;159m.[0m
[38;5;159m[Genesis] [01:02:27] [INFO] Adding [38;5;121m<gs.engine.entities.RigidEntity>[0m[38;5;159m. idx: [38;5;121m2[0m[38;5;159m, uid: [38;5;121m[3m<ef5f263>[0m[38;5;159m, morph: [38;5;121m<gs.morphs.Box>[0m[38;5;159m, material: [38;5;121m<gs.materials.Rigid>[0m[38;5;159m.[0m
[38;5;159m[Genesis] [01:02:27] [INFO] Adding [38;5;121m<gs.engine.entities.RigidEntity>[0m[38;5;159m. idx: [38;5;121m3[0m[38;5;159m, uid: [38;5;121m[3m<05e6aea>[0m[38;5;159m, morph: [38;5;121m<gs.morphs.MJCF(file='/workspace/parcel-sorter-rocm/third_party/genesis-world/genesis/assets/xml/franka_emika_panda/panda.xml')>[0m[38;5;159m, material: [38;5;121m<gs.materials.Rigid>[0m[38;5;159m.[0m
[38;5;226m[Genesis] [01:02:27] [WARNING] (MJCF) Approximating tendon by joint actuator for `finger_joint1`[0m
[38;5;226m[Genesis] [01:02:27] [WARNING] (MJCF) Approximating tendon by joint actuator for `finger_joint2`[0m
[38;5;159m[Genesis] [01:02:27] [INFO] Adding [38;5;121m<gs.engine.entities.RigidEntity>[0m[38;5;159m. idx: [38;5;121m4[0m[38;5;159m, uid: [38;5;121m[3m<fbc0590>[0m[38;5;159m, morph: [38;5;121m<gs.morphs.Box>[0m[38;5;159m, material: [38;5;121m<gs.materials.Rigid>[0m[38;5;159m.[0m
[38;5;159m[Genesis] [01:02:27] [INFO] Building scene [38;5;121m[3m<713289b>[0m[38;5;159m...[0m
[38;5;226m[Genesis] [01:02:27] [WARNING] Neutral robot position (qpos0) exceeds joint limits.[0m
[38;5;159m[Genesis] [01:02:27] [INFO] Preprocessing geom idx [38;5;121m[4m26[0m[38;5;159m.[0m
[38;5;226m[Genesis] [01:02:27] [WARNING] Constraint solver time constant should be greater than 2*substep_dt. timeconst is changed from `0.005` to `0.00833333`). Decrease simulation timestep or increase timeconst to avoid altering the original value.[0m
[38;5;226m[Genesis] [01:02:28] [WARNING] Filtered out geometry pairs causing self-collision for the neutral configuration (qpos0): (8, 13), (9, 13), (16, 23), (17, 22), (18, 25), (19, 24). Consider tuning Morph option 'decompose_robot_error_threshold' or specify dedicated collision meshes. This behavior can be disabled by setting Morph option 'enable_neutral_collision=True'.[0m
[38;5;159m[Genesis] [01:02:29] [INFO] Compiling simulation kernels...[0m
[38;5;159m[Genesis] [01:02:29] [INFO] Building visualizer...[0m
{"episode": 7000004, "profile": "large_narrow_carton", "success": false, "stage": "abort", "retries": 0}
[38;5;159m[Genesis] [01:02:34] [INFO] Scene [38;5;121m[3m<38ca531>[0m[38;5;159m created.[0m
[38;5;159m[Genesis] [01:02:34] [INFO] Adding [38;5;121m<gs.engine.entities.RigidEntity>[0m[38;5;159m. idx: [38;5;121m0[0m[38;5;159m, uid: [38;5;121m[3m<de2b8c9>[0m[38;5;159m, morph: [38;5;121m<gs.morphs.Plane>[0m[38;5;159m, material: [38;5;121m<gs.materials.Rigid>[0m[38;5;159m.[0m
[38;5;159m[Genesis] [01:02:35] [INFO] Adding [38;5;121m<gs.engine.entities.RigidEntity>[0m[38;5;159m. idx: [38;5;121m1[0m[38;5;159m, uid: [38;5;121m[3m<a365778>[0m[38;5;159m, morph: [38;5;121m<gs.morphs.Box>[0m[38;5;159m, material: [38;5;121m<gs.materials.Rigid>[0m[38;5;159m.[0m
[38;5;159m[Genesis] [01:02:35] [INFO] Adding [38;5;121m<gs.engine.entities.RigidEntity>[0m[38;5;159m. idx: [38;5;121m2[0m[38;5;159m, uid: [38;5;121m[3m<51769f4>[0m[38;5;159m, morph: [38;5;121m<gs.morphs.Box>[0m[38;5;159m, material: [38;5;121m<gs.materials.Rigid>[0m[38;5;159m.[0m
[38;5;159m[Genesis] [01:02:35] [INFO] Adding [38;5;121m<gs.engine.entities.RigidEntity>[0m[38;5;159m. idx: [38;5;121m3[0m[38;5;159m, uid: [38;5;121m[3m<a820bec>[0m[38;5;159m, morph: [38;5;121m<gs.morphs.MJCF(file='/workspace/parcel-sorter-rocm/third_party/genesis-world/genesis/assets/xml/franka_emika_panda/panda.xml')>[0m[38;5;159m, material: [38;5;121m<gs.materials.Rigid>[0m[38;5;159m.[0m
[38;5;226m[Genesis] [01:02:35] [WARNING] (MJCF) Approximating tendon by joint actuator for `finger_joint1`[0m
[38;5;226m[Genesis] [01:02:35] [WARNING] (MJCF) Approximating tendon by joint actuator for `finger_joint2`[0m
[38;5;159m[Genesis] [01:02:35] [INFO] Adding [38;5;121m<gs.engine.entities.RigidEntity>[0m[38;5;159m. idx: [38;5;121m4[0m[38;5;159m, uid: [38;5;121m[3m<78b1c9b>[0m[38;5;159m, morph: [38;5;121m<gs.morphs.Box>[0m[38;5;159m, material: [38;5;121m<gs.materials.Rigid>[0m[38;5;159m.[0m
[38;5;159m[Genesis] [01:02:35] [INFO] Building scene [38;5;121m[3m<38ca531>[0m[38;5;159m...[0m
[38;5;226m[Genesis] [01:02:35] [WARNING] Neutral robot position (qpos0) exceeds joint limits.[0m
[38;5;159m[Genesis] [01:02:35] [INFO] Preprocessing geom idx [38;5;121m[4m26[0m[38;5;159m.[0m
[38;5;226m[Genesis] [01:02:35] [WARNING] Constraint solver time constant should be greater than 2*substep_dt. timeconst is changed from `0.005` to `0.00833333`). Decrease simulation timestep or increase timeconst to avoid altering the original value.[0m
[38;5;226m[Genesis] [01:02:36] [WARNING] Filtered out geometry pairs causing self-collision for the neutral configuration (qpos0): (8, 13), (9, 13), (16, 23), (17, 22), (18, 25), (19, 24). Consider tuning Morph option 'decompose_robot_error_threshold' or specify dedicated collision meshes. This behavior can be disabled by setting Morph option 'enable_neutral_collision=True'.[0m
[38;5;159m[Genesis] [01:02:37] [INFO] Compiling simulation kernels...[0m
[38;5;159m[Genesis] [01:02:37] [INFO] Building visualizer...[0m
{"episode": 7000005, "profile": "large_narrow_carton", "success": true, "stage": "complete", "retries": 0}
[38;5;159m[Genesis] [01:02:45] [INFO] Scene [38;5;121m[3m<c7639d8>[0m[38;5;159m created.[0m
[38;5;159m[Genesis] [01:02:45] [INFO] Adding [38;5;121m<gs.engine.entities.RigidEntity>[0m[38;5;159m. idx: [38;5;121m0[0m[38;5;159m, uid: [38;5;121m[3m<2580f77>[0m[38;5;159m, morph: [38;5;121m<gs.morphs.Plane>[0m[38;5;159m, material: [38;5;121m<gs.materials.Rigid>[0m[38;5;159m.[0m
[38;5;159m[Genesis] [01:02:45] [INFO] Adding [38;5;121m<gs.engine.entities.RigidEntity>[0m[38;5;159m. idx: [38;5;121m1[0m[38;5;159m, uid: [38;5;121m[3m<737f2e3>[0m[38;5;159m, morph: [38;5;121m<gs.morphs.Box>[0m[38;5;159m, material: [38;5;121m<gs.materials.Rigid>[0m[38;5;159m.[0m
[38;5;159m[Genesis] [01:02:45] [INFO] Adding [38;5;121m<gs.engine.entities.RigidEntity>[0m[38;5;159m. idx: [38;5;121m2[0m[38;5;159m, uid: [38;5;121m[3m<97ca065>[0m[38;5;159m, morph: [38;5;121m<gs.morphs.Box>[0m[38;5;159m, material: [38;5;121m<gs.materials.Rigid>[0m[38;5;159m.[0m
[38;5;159m[Genesis] [01:02:45] [INFO] Adding [38;5;121m<gs.engine.entities.RigidEntity>[0m[38;5;159m. idx: [38;5;121m3[0m[38;5;159m, uid: [38;5;121m[3m<397b8ab>[0m[38;5;159m, morph: [38;5;121m<gs.morphs.MJCF(file='/workspace/parcel-sorter-rocm/third_party/genesis-world/genesis/assets/xml/franka_emika_panda/panda.xml')>[0m[38;5;159m, material: [38;5;121m<gs.materials.Rigid>[0m[38;5;159m.[0m
[38;5;226m[Genesis] [01:02:45] [WARNING] (MJCF) Approximating tendon by joint actuator for `finger_joint1`[0m
[38;5;226m[Genesis] [01:02:45] [WARNING] (MJCF) Approximating tendon by joint actuator for `finger_joint2`[0m
[38;5;159m[Genesis] [01:02:45] [INFO] Adding [38;5;121m<gs.engine.entities.RigidEntity>[0m[38;5;159m. idx: [38;5;121m4[0m[38;5;159m, uid: [38;5;121m[3m<c7c485d>[0m[38;5;159m, morph: [38;5;121m<gs.morphs.Box>[0m[38;5;159m, material: [38;5;121m<gs.materials.Rigid>[0m[38;5;159m.[0m
[38;5;159m[Genesis] [01:02:45] [INFO] Building scene [38;5;121m[3m<c7639d8>[0m[38;5;159m...[0m
[38;5;226m[Genesis] [01:02:45] [WARNING] Neutral robot position (qpos0) exceeds joint limits.[0m
[38;5;159m[Genesis] [01:02:45] [INFO] Preprocessing geom idx [38;5;121m[4m26[0m[38;5;159m.[0m
[38;5;226m[Genesis] [01:02:46] [WARNING] Constraint solver time constant should be greater than 2*substep_dt. timeconst is changed from `0.005` to `0.00833333`). Decrease simulation timestep or increase timeconst to avoid altering the original value.[0m
[38;5;226m[Genesis] [01:02:47] [WARNING] Filtered out geometry pairs causing self-collision for the neutral configuration (qpos0): (8, 13), (9, 13), (16, 23), (17, 22), (18, 25), (19, 24). Consider tuning Morph option 'decompose_robot_error_threshold' or specify dedicated collision meshes. This behavior can be disabled by setting Morph option 'enable_neutral_collision=True'.[0m
[38;5;159m[Genesis] [01:02:47] [INFO] Compiling simulation kernels...[0m
[38;5;159m[Genesis] [01:02:48] [INFO] Building visualizer...[0m
{"episode": 7000006, "profile": "large_narrow_carton", "success": false, "stage": "abort", "retries": 0}
[38;5;159m[Genesis] [01:02:52] [INFO] Scene [38;5;121m[3m<528221b>[0m[38;5;159m created.[0m
[38;5;159m[Genesis] [01:02:52] [INFO] Adding [38;5;121m<gs.engine.entities.RigidEntity>[0m[38;5;159m. idx: [38;5;121m0[0m[38;5;159m, uid: [38;5;121m[3m<dfc01c2>[0m[38;5;159m, morph: [38;5;121m<gs.morphs.Plane>[0m[38;5;159m, material: [38;5;121m<gs.materials.Rigid>[0m[38;5;159m.[0m
[38;5;159m[Genesis] [01:02:52] [INFO] Adding [38;5;121m<gs.engine.entities.RigidEntity>[0m[38;5;159m. idx: [38;5;121m1[0m[38;5;159m, uid: [38;5;121m[3m<ba4c816>[0m[38;5;159m, morph: [38;5;121m<gs.morphs.Box>[0m[38;5;159m, material: [38;5;121m<gs.materials.Rigid>[0m[38;5;159m.[0m
[38;5;159m[Genesis] [01:02:52] [INFO] Adding [38;5;121m<gs.engine.entities.RigidEntity>[0m[38;5;159m. idx: [38;5;121m2[0m[38;5;159m, uid: [38;5;121m[3m<cfcecc6>[0m[38;5;159m, morph: [38;5;121m<gs.morphs.Box>[0m[38;5;159m, material: [38;5;121m<gs.materials.Rigid>[0m[38;5;159m.[0m
[38;5;159m[Genesis] [01:02:52] [INFO] Adding [38;5;121m<gs.engine.entities.RigidEntity>[0m[38;5;159m. idx: [38;5;121m3[0m[38;5;159m, uid: [38;5;121m[3m<9cba0b5>[0m[38;5;159m, morph: [38;5;121m<gs.morphs.MJCF(file='/workspace/parcel-sorter-rocm/third_party/genesis-world/genesis/assets/xml/franka_emika_panda/panda.xml')>[0m[38;5;159m, material: [38;5;121m<gs.materials.Rigid>[0m[38;5;159m.[0m
[38;5;226m[Genesis] [01:02:53] [WARNING] (MJCF) Approximating tendon by joint actuator for `finger_joint1`[0m
[38;5;226m[Genesis] [01:02:53] [WARNING] (MJCF) Approximating tendon by joint actuator for `finger_joint2`[0m
[38;5;159m[Genesis] [01:02:53] [INFO] Adding [38;5;121m<gs.engine.entities.RigidEntity>[0m[38;5;159m. idx: [38;5;121m4[0m[38;5;159m, uid: [38;5;121m[3m<f2391bb>[0m[38;5;159m, morph: [38;5;121m<gs.morphs.Box>[0m[38;5;159m, material: [38;5;121m<gs.materials.Rigid>[0m[38;5;159m.[0m
[38;5;159m[Genesis] [01:02:53] [INFO] Building scene [38;5;121m[3m<528221b>[0m[38;5;159m...[0m
[38;5;226m[Genesis] [01:02:53] [WARNING] Neutral robot position (qpos0) exceeds joint limits.[0m
[38;5;159m[Genesis] [01:02:53] [INFO] Preprocessing geom idx [38;5;121m[4m26[0m[38;5;159m.[0m
[38;5;226m[Genesis] [01:02:53] [WARNING] Constraint solver time constant should be greater than 2*substep_dt. timeconst is changed from `0.005` to `0.00833333`). Decrease simulation timestep or increase timeconst to avoid altering the original value.[0m
[38;5;226m[Genesis] [01:02:54] [WARNING] Filtered out geometry pairs causing self-collision for the neutral configuration (qpos0): (8, 13), (9, 13), (16, 23), (17, 22), (18, 25), (19, 24). Consider tuning Morph option 'decompose_robot_error_threshold' or specify dedicated collision meshes. This behavior can be disabled by setting Morph option 'enable_neutral_collision=True'.[0m
[38;5;159m[Genesis] [01:02:55] [INFO] Compiling simulation kernels...[0m
[38;5;159m[Genesis] [01:02:55] [INFO] Building visualizer...[0m
{"episode": 7000007, "profile": "large_narrow_carton", "success": false, "stage": "abort", "retries": 0}
[38;5;159m[Genesis] [01:03:12] [INFO] Scene [38;5;121m[3m<89fd310>[0m[38;5;159m created.[0m
[38;5;159m[Genesis] [01:03:12] [INFO] Adding [38;5;121m<gs.engine.entities.RigidEntity>[0m[38;5;159m. idx: [38;5;121m0[0m[38;5;159m, uid: [38;5;121m[3m<e82819d>[0m[38;5;159m, morph: [38;5;121m<gs.morphs.Plane>[0m[38;5;159m, material: [38;5;121m<gs.materials.Rigid>[0m[38;5;159m.[0m
[38;5;159m[Genesis] [01:03:12] [INFO] Adding [38;5;121m<gs.engine.entities.RigidEntity>[0m[38;5;159m. idx: [38;5;121m1[0m[38;5;159m, uid: [38;5;121m[3m<47b6974>[0m[38;5;159m, morph: [38;5;121m<gs.morphs.Box>[0m[38;5;159m, material: [38;5;121m<gs.materials.Rigid>[0m[38;5;159m.[0m
[38;5;159m[Genesis] [01:03:12] [INFO] Adding [38;5;121m<gs.engine.entities.RigidEntity>[0m[38;5;159m. idx: [38;5;121m2[0m[38;5;159m, uid: [38;5;121m[3m<9ab975d>[0m[38;5;159m, morph: [38;5;121m<gs.morphs.Box>[0m[38;5;159m, material: [38;5;121m<gs.materials.Rigid>[0m[38;5;159m.[0m
[38;5;159m[Genesis] [01:03:12] [INFO] Adding [38;5;121m<gs.engine.entities.RigidEntity>[0m[38;5;159m. idx: [38;5;121m3[0m[38;5;159m, uid: [38;5;121m[3m<afe4c78>[0m[38;5;159m, morph: [38;5;121m<gs.morphs.MJCF(file='/workspace/parcel-sorter-rocm/third_party/genesis-world/genesis/assets/xml/franka_emika_panda/panda.xml')>[0m[38;5;159m, material: [38;5;121m<gs.materials.Rigid>[0m[38;5;159m.[0m
[38;5;226m[Genesis] [01:03:12] [WARNING] (MJCF) Approximating tendon by joint actuator for `finger_joint1`[0m
[38;5;226m[Genesis] [01:03:12] [WARNING] (MJCF) Approximating tendon by joint actuator for `finger_joint2`[0m
[38;5;159m[Genesis] [01:03:12] [INFO] Adding [38;5;121m<gs.engine.entities.RigidEntity>[0m[38;5;159m. idx: [38;5;121m4[0m[38;5;159m, uid: [38;5;121m[3m<ad9e65c>[0m[38;5;159m, morph: [38;5;121m<gs.morphs.Box>[0m[38;5;159m, material: [38;5;121m<gs.materials.Rigid>[0m[38;5;159m.[0m
[38;5;159m[Genesis] [01:03:12] [INFO] Building scene [38;5;121m[3m<89fd310>[0m[38;5;159m...[0m
[38;5;226m[Genesis] [01:03:12] [WARNING] Neutral robot position (qpos0) exceeds joint limits.[0m
[38;5;159m[Genesis] [01:03:12] [INFO] Preprocessing geom idx [38;5;121m[4m26[0m[38;5;159m.[0m
[38;5;226m[Genesis] [01:03:12] [WARNING] Constraint solver time constant should be greater than 2*substep_dt. timeconst is changed from `0.005` to `0.00833333`). Decrease simulation timestep or increase timeconst to avoid altering the original value.[0m
[38;5;226m[Genesis] [01:03:14] [WARNING] Filtered out geometry pairs causing self-collision for the neutral configuration (qpos0): (8, 13), (9, 13), (16, 23), (17, 22), (18, 25), (19, 24). Consider tuning Morph option 'decompose_robot_error_threshold' or specify dedicated collision meshes. This behavior can be disabled by setting Morph option 'enable_neutral_collision=True'.[0m
[38;5;159m[Genesis] [01:03:14] [INFO] Compiling simulation kernels...[0m
[38;5;159m[Genesis] [01:03:15] [INFO] Building visualizer...[0m
{"episode": 7000008, "profile": "large_narrow_carton", "success": false, "stage": "approach", "retries": 0}
[38;5;159m[Genesis] [01:03:35] [INFO] Scene [38;5;121m[3m<f3e453e>[0m[38;5;159m created.[0m
[38;5;159m[Genesis] [01:03:35] [INFO] Adding [38;5;121m<gs.engine.entities.RigidEntity>[0m[38;5;159m. idx: [38;5;121m0[0m[38;5;159m, uid: [38;5;121m[3m<09bbd3c>[0m[38;5;159m, morph: [38;5;121m<gs.morphs.Plane>[0m[38;5;159m, material: [38;5;121m<gs.materials.Rigid>[0m[38;5;159m.[0m
[38;5;159m[Genesis] [01:03:35] [INFO] Adding [38;5;121m<gs.engine.entities.RigidEntity>[0m[38;5;159m. idx: [38;5;121m1[0m[38;5;159m, uid: [38;5;121m[3m<76f994d>[0m[38;5;159m, morph: [38;5;121m<gs.morphs.Box>[0m[38;5;159m, material: [38;5;121m<gs.materials.Rigid>[0m[38;5;159m.[0m
[38;5;159m[Genesis] [01:03:35] [INFO] Adding [38;5;121m<gs.engine.entities.RigidEntity>[0m[38;5;159m. idx: [38;5;121m2[0m[38;5;159m, uid: [38;5;121m[3m<2652a9f>[0m[38;5;159m, morph: [38;5;121m<gs.morphs.Box>[0m[38;5;159m, material: [38;5;121m<gs.materials.Rigid>[0m[38;5;159m.[0m
[38;5;159m[Genesis] [01:03:35] [INFO] Adding [38;5;121m<gs.engine.entities.RigidEntity>[0m[38;5;159m. idx: [38;5;121m3[0m[38;5;159m, uid: [38;5;121m[3m<5e87c92>[0m[38;5;159m, morph: [38;5;121m<gs.morphs.MJCF(file='/workspace/parcel-sorter-rocm/third_party/genesis-world/genesis/assets/xml/franka_emika_panda/panda.xml')>[0m[38;5;159m, material: [38;5;121m<gs.materials.Rigid>[0m[38;5;159m.[0m
[38;5;226m[Genesis] [01:03:35] [WARNING] (MJCF) Approximating tendon by joint actuator for `finger_joint1`[0m
[38;5;226m[Genesis] [01:03:35] [WARNING] (MJCF) Approximating tendon by joint actuator for `finger_joint2`[0m
[38;5;159m[Genesis] [01:03:35] [INFO] Adding [38;5;121m<gs.engine.entities.RigidEntity>[0m[38;5;159m. idx: [38;5;121m4[0m[38;5;159m, uid: [38;5;121m[3m<955d731>[0m[38;5;159m, morph: [38;5;121m<gs.morphs.Box>[0m[38;5;159m, material: [38;5;121m<gs.materials.Rigid>[0m[38;5;159m.[0m
[38;5;159m[Genesis] [01:03:35] [INFO] Building scene [38;5;121m[3m<f3e453e>[0m[38;5;159m...[0m
[38;5;226m[Genesis] [01:03:35] [WARNING] Neutral robot position (qpos0) exceeds joint limits.[0m
[38;5;159m[Genesis] [01:03:35] [INFO] Preprocessing geom idx [38;5;121m[4m26[0m[38;5;159m.[0m
[38;5;226m[Genesis] [01:03:35] [WARNING] Constraint solver time constant should be greater than 2*substep_dt. timeconst is changed from `0.005` to `0.00833333`). Decrease simulation timestep or increase timeconst to avoid altering the original value.[0m
[38;5;226m[Genesis] [01:03:37] [WARNING] Filtered out geometry pairs causing self-collision for the neutral configuration (qpos0): (8, 13), (9, 13), (16, 23), (17, 22), (18, 25), (19, 24). Consider tuning Morph option 'decompose_robot_error_threshold' or specify dedicated collision meshes. This behavior can be disabled by setting Morph option 'enable_neutral_collision=True'.[0m
[38;5;159m[Genesis] [01:03:37] [INFO] Compiling simulation kernels...[0m
[38;5;159m[Genesis] [01:03:38] [INFO] Building visualizer...[0m
{"episode": 7000009, "profile": "large_narrow_carton", "success": false, "stage": "approach", "retries": 0}
[38;5;159m[Genesis] [01:03:55] [INFO] Scene [38;5;121m[3m<a5a847b>[0m[38;5;159m created.[0m
[38;5;159m[Genesis] [01:03:55] [INFO] Adding [38;5;121m<gs.engine.entities.RigidEntity>[0m[38;5;159m. idx: [38;5;121m0[0m[38;5;159m, uid: [38;5;121m[3m<a48c3e5>[0m[38;5;159m, morph: [38;5;121m<gs.morphs.Plane>[0m[38;5;159m, material: [38;5;121m<gs.materials.Rigid>[0m[38;5;159m.[0m
[38;5;159m[Genesis] [01:03:55] [INFO] Adding [38;5;121m<gs.engine.entities.RigidEntity>[0m[38;5;159m. idx: [38;5;121m1[0m[38;5;159m, uid: [38;5;121m[3m<96abe72>[0m[38;5;159m, morph: [38;5;121m<gs.morphs.Box>[0m[38;5;159m, material: [38;5;121m<gs.materials.Rigid>[0m[38;5;159m.[0m
[38;5;159m[Genesis] [01:03:55] [INFO] Adding [38;5;121m<gs.engine.entities.RigidEntity>[0m[38;5;159m. idx: [38;5;121m2[0m[38;5;159m, uid: [38;5;121m[3m<0de59e8>[0m[38;5;159m, morph: [38;5;121m<gs.morphs.Box>[0m[38;5;159m, material: [38;5;121m<gs.materials.Rigid>[0m[38;5;159m.[0m
[38;5;159m[Genesis] [01:03:55] [INFO] Adding [38;5;121m<gs.engine.entities.RigidEntity>[0m[38;5;159m. idx: [38;5;121m3[0m[38;5;159m, uid: [38;5;121m[3m<431f65f>[0m[38;5;159m, morph: [38;5;121m<gs.morphs.MJCF(file='/workspace/parcel-sorter-rocm/third_party/genesis-world/genesis/assets/xml/franka_emika_panda/panda.xml')>[0m[38;5;159m, material: [38;5;121m<gs.materials.Rigid>[0m[38;5;159m.[0m
[38;5;226m[Genesis] [01:03:56] [WARNING] (MJCF) Approximating tendon by joint actuator for `finger_joint1`[0m
[38;5;226m[Genesis] [01:03:56] [WARNING] (MJCF) Approximating tendon by joint actuator for `finger_joint2`[0m
[38;5;159m[Genesis] [01:03:56] [INFO] Adding [38;5;121m<gs.engine.entities.RigidEntity>[0m[38;5;159m. idx: [38;5;121m4[0m[38;5;159m, uid: [38;5;121m[3m<707f638>[0m[38;5;159m, morph: [38;5;121m<gs.morphs.Box>[0m[38;5;159m, material: [38;5;121m<gs.materials.Rigid>[0m[38;5;159m.[0m
[38;5;159m[Genesis] [01:03:56] [INFO] Building scene [38;5;121m[3m<a5a847b>[0m[38;5;159m...[0m
[38;5;226m[Genesis] [01:03:56] [WARNING] Neutral robot position (qpos0) exceeds joint limits.[0m
[38;5;159m[Genesis] [01:03:56] [INFO] Preprocessing geom idx [38;5;121m[4m26[0m[38;5;159m.[0m
[38;5;226m[Genesis] [01:03:56] [WARNING] Constraint solver time constant should be greater than 2*substep_dt. timeconst is changed from `0.005` to `0.00833333`). Decrease simulation timestep or increase timeconst to avoid altering the original value.[0m
[38;5;226m[Genesis] [01:03:57] [WARNING] Filtered out geometry pairs causing self-collision for the neutral configuration (qpos0): (8, 13), (9, 13), (16, 23), (17, 22), (18, 25), (19, 24). Consider tuning Morph option 'decompose_robot_error_threshold' or specify dedicated collision meshes. This behavior can be disabled by setting Morph option 'enable_neutral_collision=True'.[0m
[38;5;159m[Genesis] [01:03:58] [INFO] Compiling simulation kernels...[0m
[38;5;159m[Genesis] [01:03:58] [INFO] Building visualizer...[0m
{"episode": 7000010, "profile": "large_narrow_carton", "success": false, "stage": "abort", "retries": 0}
[38;5;159m[Genesis] [01:04:03] [INFO] Scene [38;5;121m[3m<239badc>[0m[38;5;159m created.[0m
[38;5;159m[Genesis] [01:04:03] [INFO] Adding [38;5;121m<gs.engine.entities.RigidEntity>[0m[38;5;159m. idx: [38;5;121m0[0m[38;5;159m, uid: [38;5;121m[3m<9a8e382>[0m[38;5;159m, morph: [38;5;121m<gs.morphs.Plane>[0m[38;5;159m, material: [38;5;121m<gs.materials.Rigid>[0m[38;5;159m.[0m
[38;5;159m[Genesis] [01:04:03] [INFO] Adding [38;5;121m<gs.engine.entities.RigidEntity>[0m[38;5;159m. idx: [38;5;121m1[0m[38;5;159m, uid: [38;5;121m[3m<9df81cb>[0m[38;5;159m, morph: [38;5;121m<gs.morphs.Box>[0m[38;5;159m, material: [38;5;121m<gs.materials.Rigid>[0m[38;5;159m.[0m
[38;5;159m[Genesis] [01:04:03] [INFO] Adding [38;5;121m<gs.engine.entities.RigidEntity>[0m[38;5;159m. idx: [38;5;121m2[0m[38;5;159m, uid: [38;5;121m[3m<f15cefd>[0m[38;5;159m, morph: [38;5;121m<gs.morphs.Box>[0m[38;5;159m, material: [38;5;121m<gs.materials.Rigid>[0m[38;5;159m.[0m
[38;5;159m[Genesis] [01:04:03] [INFO] Adding [38;5;121m<gs.engine.entities.RigidEntity>[0m[38;5;159m. idx: [38;5;121m3[0m[38;5;159m, uid: [38;5;121m[3m<c231fec>[0m[38;5;159m, morph: [38;5;121m<gs.morphs.MJCF(file='/workspace/parcel-sorter-rocm/third_party/genesis-world/genesis/assets/xml/franka_emika_panda/panda.xml')>[0m[38;5;159m, material: [38;5;121m<gs.materials.Rigid>[0m[38;5;159m.[0m
[38;5;226m[Genesis] [01:04:03] [WARNING] (MJCF) Approximating tendon by joint actuator for `finger_joint1`[0m
[38;5;226m[Genesis] [01:04:03] [WARNING] (MJCF) Approximating tendon by joint actuator for `finger_joint2`[0m
[38;5;159m[Genesis] [01:04:04] [INFO] Adding [38;5;121m<gs.engine.entities.RigidEntity>[0m[38;5;159m. idx: [38;5;121m4[0m[38;5;159m, uid: [38;5;121m[3m<69d39c5>[0m[38;5;159m, morph: [38;5;121m<gs.morphs.Box>[0m[38;5;159m, material: [38;5;121m<gs.materials.Rigid>[0m[38;5;159m.[0m
[38;5;159m[Genesis] [01:04:04] [INFO] Building scene [38;5;121m[3m<239badc>[0m[38;5;159m...[0m
[38;5;226m[Genesis] [01:04:04] [WARNING] Neutral robot position (qpos0) exceeds joint limits.[0m
[38;5;159m[Genesis] [01:04:04] [INFO] Preprocessing geom idx [38;5;121m[4m26[0m[38;5;159m.[0m
[38;5;226m[Genesis] [01:04:04] [WARNING] Constraint solver time constant should be greater than 2*substep_dt. timeconst is changed from `0.005` to `0.00833333`). Decrease simulation timestep or increase timeconst to avoid altering the original value.[0m
[38;5;226m[Genesis] [01:04:05] [WARNING] Filtered out geometry pairs causing self-collision for the neutral configuration (qpos0): (8, 13), (9, 13), (16, 23), (17, 22), (18, 25), (19, 24). Consider tuning Morph option 'decompose_robot_error_threshold' or specify dedicated collision meshes. This behavior can be disabled by setting Morph option 'enable_neutral_collision=True'.[0m
[38;5;159m[Genesis] [01:04:06] [INFO] Compiling simulation kernels...[0m
[38;5;159m[Genesis] [01:04:06] [INFO] Building visualizer...[0m
{"episode": 7000011, "profile": "large_narrow_carton", "success": false, "stage": "abort", "retries": 0}
[38;5;159m[Genesis] [01:04:11] [INFO] Scene [38;5;121m[3m<150d2ff>[0m[38;5;159m created.[0m
[38;5;159m[Genesis] [01:04:11] [INFO] Adding [38;5;121m<gs.engine.entities.RigidEntity>[0m[38;5;159m. idx: [38;5;121m0[0m[38;5;159m, uid: [38;5;121m[3m<cbfc330>[0m[38;5;159m, morph: [38;5;121m<gs.morphs.Plane>[0m[38;5;159m, material: [38;5;121m<gs.materials.Rigid>[0m[38;5;159m.[0m
[38;5;159m[Genesis] [01:04:11] [INFO] Adding [38;5;121m<gs.engine.entities.RigidEntity>[0m[38;5;159m. idx: [38;5;121m1[0m[38;5;159m, uid: [38;5;121m[3m<aafd9d4>[0m[38;5;159m, morph: [38;5;121m<gs.morphs.Box>[0m[38;5;159m, material: [38;5;121m<gs.materials.Rigid>[0m[38;5;159m.[0m
[38;5;159m[Genesis] [01:04:11] [INFO] Adding [38;5;121m<gs.engine.entities.RigidEntity>[0m[38;5;159m. idx: [38;5;121m2[0m[38;5;159m, uid: [38;5;121m[3m<6e9fb9d>[0m[38;5;159m, morph: [38;5;121m<gs.morphs.Box>[0m[38;5;159m, material: [38;5;121m<gs.materials.Rigid>[0m[38;5;159m.[0m
[38;5;159m[Genesis] [01:04:11] [INFO] Adding [38;5;121m<gs.engine.entities.RigidEntity>[0m[38;5;159m. idx: [38;5;121m3[0m[38;5;159m, uid: [38;5;121m[3m<400215d>[0m[38;5;159m, morph: [38;5;121m<gs.morphs.MJCF(file='/workspace/parcel-sorter-rocm/third_party/genesis-world/genesis/assets/xml/franka_emika_panda/panda.xml')>[0m[38;5;159m, material: [38;5;121m<gs.materials.Rigid>[0m[38;5;159m.[0m
[38;5;226m[Genesis] [01:04:12] [WARNING] (MJCF) Approximating tendon by joint actuator for `finger_joint1`[0m
[38;5;226m[Genesis] [01:04:12] [WARNING] (MJCF) Approximating tendon by joint actuator for `finger_joint2`[0m
[38;5;159m[Genesis] [01:04:12] [INFO] Adding [38;5;121m<gs.engine.entities.RigidEntity>[0m[38;5;159m. idx: [38;5;121m4[0m[38;5;159m, uid: [38;5;121m[3m<257e162>[0m[38;5;159m, morph: [38;5;121m<gs.morphs.Box>[0m[38;5;159m, material: [38;5;121m<gs.materials.Rigid>[0m[38;5;159m.[0m
[38;5;159m[Genesis] [01:04:12] [INFO] Building scene [38;5;121m[3m<150d2ff>[0m[38;5;159m...[0m
[38;5;226m[Genesis] [01:04:12] [WARNING] Neutral robot position (qpos0) exceeds joint limits.[0m
[38;5;159m[Genesis] [01:04:12] [INFO] Preprocessing geom idx [38;5;121m[4m26[0m[38;5;159m.[0m
[38;5;226m[Genesis] [01:04:12] [WARNING] Constraint solver time constant should be greater than 2*substep_dt. timeconst is changed from `0.005` to `0.00833333`). Decrease simulation timestep or increase timeconst to avoid altering the original value.[0m
[38;5;226m[Genesis] [01:04:13] [WARNING] Filtered out geometry pairs causing self-collision for the neutral configuration (qpos0): (8, 13), (9, 13), (16, 23), (17, 22), (18, 25), (19, 24). Consider tuning Morph option 'decompose_robot_error_threshold' or specify dedicated collision meshes. This behavior can be disabled by setting Morph option 'enable_neutral_collision=True'.[0m
[38;5;159m[Genesis] [01:04:14] [INFO] Compiling simulation kernels...[0m
[38;5;159m[Genesis] [01:04:14] [INFO] Building visualizer...[0m
{"episode": 7000012, "profile": "large_narrow_carton", "success": false, "stage": "approach", "retries": 0}
[38;5;159m[Genesis] [01:04:30] [INFO] Scene [38;5;121m[3m<cefee80>[0m[38;5;159m created.[0m
[38;5;159m[Genesis] [01:04:30] [INFO] Adding [38;5;121m<gs.engine.entities.RigidEntity>[0m[38;5;159m. idx: [38;5;121m0[0m[38;5;159m, uid: [38;5;121m[3m<d347be3>[0m[38;5;159m, morph: [38;5;121m<gs.morphs.Plane>[0m[38;5;159m, material: [38;5;121m<gs.materials.Rigid>[0m[38;5;159m.[0m
[38;5;159m[Genesis] [01:04:30] [INFO] Adding [38;5;121m<gs.engine.entities.RigidEntity>[0m[38;5;159m. idx: [38;5;121m1[0m[38;5;159m, uid: [38;5;121m[3m<1709384>[0m[38;5;159m, morph: [38;5;121m<gs.morphs.Box>[0m[38;5;159m, material: [38;5;121m<gs.materials.Rigid>[0m[38;5;159m.[0m
[38;5;159m[Genesis] [01:04:30] [INFO] Adding [38;5;121m<gs.engine.entities.RigidEntity>[0m[38;5;159m. idx: [38;5;121m2[0m[38;5;159m, uid: [38;5;121m[3m<c8752b6>[0m[38;5;159m, morph: [38;5;121m<gs.morphs.Box>[0m[38;5;159m, material: [38;5;121m<gs.materials.Rigid>[0m[38;5;159m.[0m
[38;5;159m[Genesis] [01:04:30] [INFO] Adding [38;5;121m<gs.engine.entities.RigidEntity>[0m[38;5;159m. idx: [38;5;121m3[0m[38;5;159m, uid: [38;5;121m[3m<b0ce390>[0m[38;5;159m, morph: [38;5;121m<gs.morphs.MJCF(file='/workspace/parcel-sorter-rocm/third_party/genesis-world/genesis/assets/xml/franka_emika_panda/panda.xml')>[0m[38;5;159m, material: [38;5;121m<gs.materials.Rigid>[0m[38;5;159m.[0m
[38;5;226m[Genesis] [01:04:31] [WARNING] (MJCF) Approximating tendon by joint actuator for `finger_joint1`[0m
[38;5;226m[Genesis] [01:04:31] [WARNING] (MJCF) Approximating tendon by joint actuator for `finger_joint2`[0m
[38;5;159m[Genesis] [01:04:31] [INFO] Adding [38;5;121m<gs.engine.entities.RigidEntity>[0m[38;5;159m. idx: [38;5;121m4[0m[38;5;159m, uid: [38;5;121m[3m<32b9518>[0m[38;5;159m, morph: [38;5;121m<gs.morphs.Box>[0m[38;5;159m, material: [38;5;121m<gs.materials.Rigid>[0m[38;5;159m.[0m
[38;5;159m[Genesis] [01:04:31] [INFO] Building scene [38;5;121m[3m<cefee80>[0m[38;5;159m...[0m
[38;5;226m[Genesis] [01:04:31] [WARNING] Neutral robot position (qpos0) exceeds joint limits.[0m
[38;5;159m[Genesis] [01:04:31] [INFO] Preprocessing geom idx [38;5;121m[4m26[0m[38;5;159m.[0m
[38;5;226m[Genesis] [01:04:31] [WARNING] Constraint solver time constant should be greater than 2*substep_dt. timeconst is changed from `0.005` to `0.00833333`). Decrease simulation timestep or increase timeconst to avoid altering the original value.[0m
[38;5;226m[Genesis] [01:04:32] [WARNING] Filtered out geometry pairs causing self-collision for the neutral configuration (qpos0): (8, 13), (9, 13), (16, 23), (17, 22), (18, 25), (19, 24). Consider tuning Morph option 'decompose_robot_error_threshold' or specify dedicated collision meshes. This behavior can be disabled by setting Morph option 'enable_neutral_collision=True'.[0m
[38;5;159m[Genesis] [01:04:33] [INFO] Compiling simulation kernels...[0m
[38;5;159m[Genesis] [01:04:33] [INFO] Building visualizer...[0m
{"episode": 7000013, "profile": "large_narrow_carton", "success": false, "stage": "abort", "retries": 0}
[38;5;159m[Genesis] [01:04:38] [INFO] Scene [38;5;121m[3m<211861a>[0m[38;5;159m created.[0m
[38;5;159m[Genesis] [01:04:38] [INFO] Adding [38;5;121m<gs.engine.entities.RigidEntity>[0m[38;5;159m. idx: [38;5;121m0[0m[38;5;159m, uid: [38;5;121m[3m<7bec8e0>[0m[38;5;159m, morph: [38;5;121m<gs.morphs.Plane>[0m[38;5;159m, material: [38;5;121m<gs.materials.Rigid>[0m[38;5;159m.[0m
[38;5;159m[Genesis] [01:04:38] [INFO] Adding [38;5;121m<gs.engine.entities.RigidEntity>[0m[38;5;159m. idx: [38;5;121m1[0m[38;5;159m, uid: [38;5;121m[3m<8db4c72>[0m[38;5;159m, morph: [38;5;121m<gs.morphs.Box>[0m[38;5;159m, material: [38;5;121m<gs.materials.Rigid>[0m[38;5;159m.[0m
[38;5;159m[Genesis] [01:04:38] [INFO] Adding [38;5;121m<gs.engine.entities.RigidEntity>[0m[38;5;159m. idx: [38;5;121m2[0m[38;5;159m, uid: [38;5;121m[3m<fc09d91>[0m[38;5;159m, morph: [38;5;121m<gs.morphs.Box>[0m[38;5;159m, material: [38;5;121m<gs.materials.Rigid>[0m[38;5;159m.[0m
[38;5;159m[Genesis] [01:04:38] [INFO] Adding [38;5;121m<gs.engine.entities.RigidEntity>[0m[38;5;159m. idx: [38;5;121m3[0m[38;5;159m, uid: [38;5;121m[3m<eb6fab5>[0m[38;5;159m, morph: [38;5;121m<gs.morphs.MJCF(file='/workspace/parcel-sorter-rocm/third_party/genesis-world/genesis/assets/xml/franka_emika_panda/panda.xml')>[0m[38;5;159m, material: [38;5;121m<gs.materials.Rigid>[0m[38;5;159m.[0m
[38;5;226m[Genesis] [01:04:38] [WARNING] (MJCF) Approximating tendon by joint actuator for `finger_joint1`[0m
[38;5;226m[Genesis] [01:04:38] [WARNING] (MJCF) Approximating tendon by joint actuator for `finger_joint2`[0m
[38;5;159m[Genesis] [01:04:38] [INFO] Adding [38;5;121m<gs.engine.entities.RigidEntity>[0m[38;5;159m. idx: [38;5;121m4[0m[38;5;159m, uid: [38;5;121m[3m<c94bd26>[0m[38;5;159m, morph: [38;5;121m<gs.morphs.Box>[0m[38;5;159m, material: [38;5;121m<gs.materials.Rigid>[0m[38;5;159m.[0m
[38;5;159m[Genesis] [01:04:38] [INFO] Building scene [38;5;121m[3m<211861a>[0m[38;5;159m...[0m
[38;5;226m[Genesis] [01:04:38] [WARNING] Neutral robot position (qpos0) exceeds joint limits.[0m
[38;5;159m[Genesis] [01:04:38] [INFO] Preprocessing geom idx [38;5;121m[4m26[0m[38;5;159m.[0m
[38;5;226m[Genesis] [01:04:38] [WARNING] Constraint solver time constant should be greater than 2*substep_dt. timeconst is changed from `0.005` to `0.00833333`). Decrease simulation timestep or increase timeconst to avoid altering the original value.[0m
[38;5;226m[Genesis] [01:04:40] [WARNING] Filtered out geometry pairs causing self-collision for the neutral configuration (qpos0): (8, 13), (9, 13), (16, 23), (17, 22), (18, 25), (19, 24). Consider tuning Morph option 'decompose_robot_error_threshold' or specify dedicated collision meshes. This behavior can be disabled by setting Morph option 'enable_neutral_collision=True'.[0m
[38;5;159m[Genesis] [01:04:40] [INFO] Compiling simulation kernels...[0m
[38;5;159m[Genesis] [01:04:41] [INFO] Building visualizer...[0m
{"episode": 7000014, "profile": "large_narrow_carton", "success": false, "stage": "abort", "retries": 2}
[38;5;159m[Genesis] [01:04:51] [INFO] Scene [38;5;121m[3m<eb26237>[0m[38;5;159m created.[0m
[38;5;159m[Genesis] [01:04:51] [INFO] Adding [38;5;121m<gs.engine.entities.RigidEntity>[0m[38;5;159m. idx: [38;5;121m0[0m[38;5;159m, uid: [38;5;121m[3m<bd2a5ee>[0m[38;5;159m, morph: [38;5;121m<gs.morphs.Plane>[0m[38;5;159m, material: [38;5;121m<gs.materials.Rigid>[0m[38;5;159m.[0m
[38;5;159m[Genesis] [01:04:51] [INFO] Adding [38;5;121m<gs.engine.entities.RigidEntity>[0m[38;5;159m. idx: [38;5;121m1[0m[38;5;159m, uid: [38;5;121m[3m<b757895>[0m[38;5;159m, morph: [38;5;121m<gs.morphs.Box>[0m[38;5;159m, material: [38;5;121m<gs.materials.Rigid>[0m[38;5;159m.[0m
[38;5;159m[Genesis] [01:04:51] [INFO] Adding [38;5;121m<gs.engine.entities.RigidEntity>[0m[38;5;159m. idx: [38;5;121m2[0m[38;5;159m, uid: [38;5;121m[3m<5e7ed29>[0m[38;5;159m, morph: [38;5;121m<gs.morphs.Box>[0m[38;5;159m, material: [38;5;121m<gs.materials.Rigid>[0m[38;5;159m.[0m
[38;5;159m[Genesis] [01:04:51] [INFO] Adding [38;5;121m<gs.engine.entities.RigidEntity>[0m[38;5;159m. idx: [38;5;121m3[0m[38;5;159m, uid: [38;5;121m[3m<5eaa6bd>[0m[38;5;159m, morph: [38;5;121m<gs.morphs.MJCF(file='/workspace/parcel-sorter-rocm/third_party/genesis-world/genesis/assets/xml/franka_emika_panda/panda.xml')>[0m[38;5;159m, material: [38;5;121m<gs.materials.Rigid>[0m[38;5;159m.[0m
[38;5;226m[Genesis] [01:04:52] [WARNING] (MJCF) Approximating tendon by joint actuator for `finger_joint1`[0m
[38;5;226m[Genesis] [01:04:52] [WARNING] (MJCF) Approximating tendon by joint actuator for `finger_joint2`[0m
[38;5;159m[Genesis] [01:04:52] [INFO] Adding [38;5;121m<gs.engine.entities.RigidEntity>[0m[38;5;159m. idx: [38;5;121m4[0m[38;5;159m, uid: [38;5;121m[3m<9dc46e7>[0m[38;5;159m, morph: [38;5;121m<gs.morphs.Box>[0m[38;5;159m, material: [38;5;121m<gs.materials.Rigid>[0m[38;5;159m.[0m
[38;5;159m[Genesis] [01:04:52] [INFO] Building scene [38;5;121m[3m<eb26237>[0m[38;5;159m...[0m
[38;5;226m[Genesis] [01:04:52] [WARNING] Neutral robot position (qpos0) exceeds joint limits.[0m
[38;5;159m[Genesis] [01:04:52] [INFO] Preprocessing geom idx [38;5;121m[4m26[0m[38;5;159m.[0m
[38;5;226m[Genesis] [01:04:52] [WARNING] Constraint solver time constant should be greater than 2*substep_dt. timeconst is changed from `0.005` to `0.00833333`). Decrease simulation timestep or increase timeconst to avoid altering the original value.[0m
[38;5;226m[Genesis] [01:04:53] [WARNING] Filtered out geometry pairs causing self-collision for the neutral configuration (qpos0): (8, 13), (9, 13), (16, 23), (17, 22), (18, 25), (19, 24). Consider tuning Morph option 'decompose_robot_error_threshold' or specify dedicated collision meshes. This behavior can be disabled by setting Morph option 'enable_neutral_collision=True'.[0m
[38;5;159m[Genesis] [01:04:54] [INFO] Compiling simulation kernels...[0m
[38;5;159m[Genesis] [01:04:54] [INFO] Building visualizer...[0m
{"episode": 7000015, "profile": "large_narrow_carton", "success": false, "stage": "abort", "retries": 0}
[38;5;159m[Genesis] [01:04:59] [INFO] Scene [38;5;121m[3m<94714bf>[0m[38;5;159m created.[0m
[38;5;159m[Genesis] [01:04:59] [INFO] Adding [38;5;121m<gs.engine.entities.RigidEntity>[0m[38;5;159m. idx: [38;5;121m0[0m[38;5;159m, uid: [38;5;121m[3m<879d979>[0m[38;5;159m, morph: [38;5;121m<gs.morphs.Plane>[0m[38;5;159m, material: [38;5;121m<gs.materials.Rigid>[0m[38;5;159m.[0m
[38;5;159m[Genesis] [01:04:59] [INFO] Adding [38;5;121m<gs.engine.entities.RigidEntity>[0m[38;5;159m. idx: [38;5;121m1[0m[38;5;159m, uid: [38;5;121m[3m<de9716f>[0m[38;5;159m, morph: [38;5;121m<gs.morphs.Box>[0m[38;5;159m, material: [38;5;121m<gs.materials.Rigid>[0m[38;5;159m.[0m
[38;5;159m[Genesis] [01:04:59] [INFO] Adding [38;5;121m<gs.engine.entities.RigidEntity>[0m[38;5;159m. idx: [38;5;121m2[0m[38;5;159m, uid: [38;5;121m[3m<4b0510b>[0m[38;5;159m, morph: [38;5;121m<gs.morphs.Box>[0m[38;5;159m, material: [38;5;121m<gs.materials.Rigid>[0m[38;5;159m.[0m
[38;5;159m[Genesis] [01:04:59] [INFO] Adding [38;5;121m<gs.engine.entities.RigidEntity>[0m[38;5;159m. idx: [38;5;121m3[0m[38;5;159m, uid: [38;5;121m[3m<e6b53dc>[0m[38;5;159m, morph: [38;5;121m<gs.morphs.MJCF(file='/workspace/parcel-sorter-rocm/third_party/genesis-world/genesis/assets/xml/franka_emika_panda/panda.xml')>[0m[38;5;159m, material: [38;5;121m<gs.materials.Rigid>[0m[38;5;159m.[0m
[38;5;226m[Genesis] [01:04:59] [WARNING] (MJCF) Approximating tendon by joint actuator for `finger_joint1`[0m
[38;5;226m[Genesis] [01:04:59] [WARNING] (MJCF) Approximating tendon by joint actuator for `finger_joint2`[0m
[38;5;159m[Genesis] [01:04:59] [INFO] Adding [38;5;121m<gs.engine.entities.RigidEntity>[0m[38;5;159m. idx: [38;5;121m4[0m[38;5;159m, uid: [38;5;121m[3m<3b60e4e>[0m[38;5;159m, morph: [38;5;121m<gs.morphs.Box>[0m[38;5;159m, material: [38;5;121m<gs.materials.Rigid>[0m[38;5;159m.[0m
[38;5;159m[Genesis] [01:04:59] [INFO] Building scene [38;5;121m[3m<94714bf>[0m[38;5;159m...[0m
[38;5;226m[Genesis] [01:04:59] [WARNING] Neutral robot position (qpos0) exceeds joint limits.[0m
[38;5;159m[Genesis] [01:04:59] [INFO] Preprocessing geom idx [38;5;121m[4m26[0m[38;5;159m.[0m
[38;5;226m[Genesis] [01:04:59] [WARNING] Constraint solver time constant should be greater than 2*substep_dt. timeconst is changed from `0.005` to `0.00833333`). Decrease simulation timestep or increase timeconst to avoid altering the original value.[0m
[38;5;226m[Genesis] [01:05:00] [WARNING] Filtered out geometry pairs causing self-collision for the neutral configuration (qpos0): (8, 13), (9, 13), (16, 23), (17, 22), (18, 25), (19, 24). Consider tuning Morph option 'decompose_robot_error_threshold' or specify dedicated collision meshes. This behavior can be disabled by setting Morph option 'enable_neutral_collision=True'.[0m
[38;5;159m[Genesis] [01:05:01] [INFO] Compiling simulation kernels...[0m
[38;5;159m[Genesis] [01:05:01] [INFO] Building visualizer...[0m
{"episode": 7000016, "profile": "large_narrow_carton", "success": false, "stage": "approach", "retries": 0}
[38;5;159m[Genesis] [01:05:18] [INFO] Scene [38;5;121m[3m<c2654ad>[0m[38;5;159m created.[0m
[38;5;159m[Genesis] [01:05:18] [INFO] Adding [38;5;121m<gs.engine.entities.RigidEntity>[0m[38;5;159m. idx: [38;5;121m0[0m[38;5;159m, uid: [38;5;121m[3m<7d1db43>[0m[38;5;159m, morph: [38;5;121m<gs.morphs.Plane>[0m[38;5;159m, material: [38;5;121m<gs.materials.Rigid>[0m[38;5;159m.[0m
[38;5;159m[Genesis] [01:05:18] [INFO] Adding [38;5;121m<gs.engine.entities.RigidEntity>[0m[38;5;159m. idx: [38;5;121m1[0m[38;5;159m, uid: [38;5;121m[3m<d882755>[0m[38;5;159m, morph: [38;5;121m<gs.morphs.Box>[0m[38;5;159m, material: [38;5;121m<gs.materials.Rigid>[0m[38;5;159m.[0m
[38;5;159m[Genesis] [01:05:18] [INFO] Adding [38;5;121m<gs.engine.entities.RigidEntity>[0m[38;5;159m. idx: [38;5;121m2[0m[38;5;159m, uid: [38;5;121m[3m<1a390ab>[0m[38;5;159m, morph: [38;5;121m<gs.morphs.Box>[0m[38;5;159m, material: [38;5;121m<gs.materials.Rigid>[0m[38;5;159m.[0m
[38;5;159m[Genesis] [01:05:18] [INFO] Adding [38;5;121m<gs.engine.entities.RigidEntity>[0m[38;5;159m. idx: [38;5;121m3[0m[38;5;159m, uid: [38;5;121m[3m<86da99d>[0m[38;5;159m, morph: [38;5;121m<gs.morphs.MJCF(file='/workspace/parcel-sorter-rocm/third_party/genesis-world/genesis/assets/xml/franka_emika_panda/panda.xml')>[0m[38;5;159m, material: [38;5;121m<gs.materials.Rigid>[0m[38;5;159m.[0m
[38;5;226m[Genesis] [01:05:18] [WARNING] (MJCF) Approximating tendon by joint actuator for `finger_joint1`[0m
[38;5;226m[Genesis] [01:05:18] [WARNING] (MJCF) Approximating tendon by joint actuator for `finger_joint2`[0m
[38;5;159m[Genesis] [01:05:18] [INFO] Adding [38;5;121m<gs.engine.entities.RigidEntity>[0m[38;5;159m. idx: [38;5;121m4[0m[38;5;159m, uid: [38;5;121m[3m<5399433>[0m[38;5;159m, morph: [38;5;121m<gs.morphs.Box>[0m[38;5;159m, material: [38;5;121m<gs.materials.Rigid>[0m[38;5;159m.[0m
[38;5;159m[Genesis] [01:05:18] [INFO] Building scene [38;5;121m[3m<c2654ad>[0m[38;5;159m...[0m
[38;5;226m[Genesis] [01:05:18] [WARNING] Neutral robot position (qpos0) exceeds joint limits.[0m
[38;5;159m[Genesis] [01:05:18] [INFO] Preprocessing geom idx [38;5;121m[4m26[0m[38;5;159m.[0m
[38;5;226m[Genesis] [01:05:19] [WARNING] Constraint solver time constant should be greater than 2*substep_dt. timeconst is changed from `0.005` to `0.00833333`). Decrease simulation timestep or increase timeconst to avoid altering the original value.[0m
[38;5;226m[Genesis] [01:05:20] [WARNING] Filtered out geometry pairs causing self-collision for the neutral configuration (qpos0): (8, 13), (9, 13), (16, 23), (17, 22), (18, 25), (19, 24). Consider tuning Morph option 'decompose_robot_error_threshold' or specify dedicated collision meshes. This behavior can be disabled by setting Morph option 'enable_neutral_collision=True'.[0m
[38;5;159m[Genesis] [01:05:20] [INFO] Compiling simulation kernels...[0m
[38;5;159m[Genesis] [01:05:21] [INFO] Building visualizer...[0m
{"episode": 7000017, "profile": "large_narrow_carton", "success": false, "stage": "approach", "retries": 0}
[38;5;159m[Genesis] [01:08:24] [INFO] Scene [38;5;121m[3m<3817d08>[0m[38;5;159m created.[0m
[38;5;159m[Genesis] [01:08:24] [INFO] Adding [38;5;121m<gs.engine.entities.RigidEntity>[0m[38;5;159m. idx: [38;5;121m0[0m[38;5;159m, uid: [38;5;121m[3m<9932bec>[0m[38;5;159m, morph: [38;5;121m<gs.morphs.Plane>[0m[38;5;159m, material: [38;5;121m<gs.materials.Rigid>[0m[38;5;159m.[0m
[38;5;159m[Genesis] [01:08:24] [INFO] Adding [38;5;121m<gs.engine.entities.RigidEntity>[0m[38;5;159m. idx: [38;5;121m1[0m[38;5;159m, uid: [38;5;121m[3m<d2578ec>[0m[38;5;159m, morph: [38;5;121m<gs.morphs.Box>[0m[38;5;159m, material: [38;5;121m<gs.materials.Rigid>[0m[38;5;159m.[0m
[38;5;159m[Genesis] [01:08:24] [INFO] Adding [38;5;121m<gs.engine.entities.RigidEntity>[0m[38;5;159m. idx: [38;5;121m2[0m[38;5;159m, uid: [38;5;121m[3m<e372e2f>[0m[38;5;159m, morph: [38;5;121m<gs.morphs.Box>[0m[38;5;159m, material: [38;5;121m<gs.materials.Rigid>[0m[38;5;159m.[0m
[38;5;159m[Genesis] [01:08:24] [INFO] Adding [38;5;121m<gs.engine.entities.RigidEntity>[0m[38;5;159m. idx: [38;5;121m3[0m[38;5;159m, uid: [38;5;121m[3m<56655e1>[0m[38;5;159m, morph: [38;5;121m<gs.morphs.MJCF(file='/workspace/parcel-sorter-rocm/third_party/genesis-world/genesis/assets/xml/franka_emika_panda/panda.xml')>[0m[38;5;159m, material: [38;5;121m<gs.materials.Rigid>[0m[38;5;159m.[0m
[38;5;226m[Genesis] [01:08:25] [WARNING] (MJCF) Approximating tendon by joint actuator for `finger_joint1`[0m
[38;5;226m[Genesis] [01:08:25] [WARNING] (MJCF) Approximating tendon by joint actuator for `finger_joint2`[0m
[38;5;159m[Genesis] [01:08:25] [INFO] Adding [38;5;121m<gs.engine.entities.RigidEntity>[0m[38;5;159m. idx: [38;5;121m4[0m[38;5;159m, uid: [38;5;121m[3m<b391320>[0m[38;5;159m, morph: [38;5;121m<gs.morphs.Box>[0m[38;5;159m, material: [38;5;121m<gs.materials.Rigid>[0m[38;5;159m.[0m
[38;5;159m[Genesis] [01:08:25] [INFO] Building scene [38;5;121m[3m<3817d08>[0m[38;5;159m...[0m
[38;5;226m[Genesis] [01:08:25] [WARNING] Neutral robot position (qpos0) exceeds joint limits.[0m
[38;5;159m[Genesis] [01:08:25] [INFO] Preprocessing geom idx [38;5;121m[4m26[0m[38;5;159m.[0m
[38;5;226m[Genesis] [01:08:25] [WARNING] Constraint solver time constant should be greater than 2*substep_dt. timeconst is changed from `0.005` to `0.00833333`). Decrease simulation timestep or increase timeconst to avoid altering the original value.[0m
[38;5;226m[Genesis] [01:08:26] [WARNING] Filtered out geometry pairs causing self-collision for the neutral configuration (qpos0): (8, 13), (9, 13), (16, 23), (17, 22), (18, 25), (19, 24). Consider tuning Morph option 'decompose_robot_error_threshold' or specify dedicated collision meshes. This behavior can be disabled by setting Morph option 'enable_neutral_collision=True'.[0m
[38;5;159m[Genesis] [01:08:27] [INFO] Compiling simulation kernels...[0m
[38;5;159m[Genesis] [01:08:27] [INFO] Building visualizer...[0m
{"episode": 7000018, "profile": "large_narrow_carton", "success": false, "stage": "abort", "retries": 0}
[38;5;159m[Genesis] [01:08:32] [INFO] Scene [38;5;121m[3m<5e133dc>[0m[38;5;159m created.[0m
[38;5;159m[Genesis] [01:08:32] [INFO] Adding [38;5;121m<gs.engine.entities.RigidEntity>[0m[38;5;159m. idx: [38;5;121m0[0m[38;5;159m, uid: [38;5;121m[3m<17f87d9>[0m[38;5;159m, morph: [38;5;121m<gs.morphs.Plane>[0m[38;5;159m, material: [38;5;121m<gs.materials.Rigid>[0m[38;5;159m.[0m
[38;5;159m[Genesis] [01:08:32] [INFO] Adding [38;5;121m<gs.engine.entities.RigidEntity>[0m[38;5;159m. idx: [38;5;121m1[0m[38;5;159m, uid: [38;5;121m[3m<86267db>[0m[38;5;159m, morph: [38;5;121m<gs.morphs.Box>[0m[38;5;159m, material: [38;5;121m<gs.materials.Rigid>[0m[38;5;159m.[0m
[38;5;159m[Genesis] [01:08:32] [INFO] Adding [38;5;121m<gs.engine.entities.RigidEntity>[0m[38;5;159m. idx: [38;5;121m2[0m[38;5;159m, uid: [38;5;121m[3m<eba4933>[0m[38;5;159m, morph: [38;5;121m<gs.morphs.Box>[0m[38;5;159m, material: [38;5;121m<gs.materials.Rigid>[0m[38;5;159m.[0m
[38;5;159m[Genesis] [01:08:32] [INFO] Adding [38;5;121m<gs.engine.entities.RigidEntity>[0m[38;5;159m. idx: [38;5;121m3[0m[38;5;159m, uid: [38;5;121m[3m<eb6f372>[0m[38;5;159m, morph: [38;5;121m<gs.morphs.MJCF(file='/workspace/parcel-sorter-rocm/third_party/genesis-world/genesis/assets/xml/franka_emika_panda/panda.xml')>[0m[38;5;159m, material: [38;5;121m<gs.materials.Rigid>[0m[38;5;159m.[0m
[38;5;226m[Genesis] [01:08:32] [WARNING] (MJCF) Approximating tendon by joint actuator for `finger_joint1`[0m
[38;5;226m[Genesis] [01:08:32] [WARNING] (MJCF) Approximating tendon by joint actuator for `finger_joint2`[0m
[38;5;159m[Genesis] [01:08:32] [INFO] Adding [38;5;121m<gs.engine.entities.RigidEntity>[0m[38;5;159m. idx: [38;5;121m4[0m[38;5;159m, uid: [38;5;121m[3m<d3b4189>[0m[38;5;159m, morph: [38;5;121m<gs.morphs.Box>[0m[38;5;159m, material: [38;5;121m<gs.materials.Rigid>[0m[38;5;159m.[0m
[38;5;159m[Genesis] [01:08:32] [INFO] Building scene [38;5;121m[3m<5e133dc>[0m[38;5;159m...[0m
[38;5;226m[Genesis] [01:08:32] [WARNING] Neutral robot position (qpos0) exceeds joint limits.[0m
[38;5;159m[Genesis] [01:08:32] [INFO] Preprocessing geom idx [38;5;121m[4m26[0m[38;5;159m.[0m
[38;5;226m[Genesis] [01:08:32] [WARNING] Constraint solver time constant should be greater than 2*substep_dt. timeconst is changed from `0.005` to `0.00833333`). Decrease simulation timestep or increase timeconst to avoid altering the original value.[0m
[38;5;226m[Genesis] [01:08:33] [WARNING] Filtered out geometry pairs causing self-collision for the neutral configuration (qpos0): (8, 13), (9, 13), (16, 23), (17, 22), (18, 25), (19, 24). Consider tuning Morph option 'decompose_robot_error_threshold' or specify dedicated collision meshes. This behavior can be disabled by setting Morph option 'enable_neutral_collision=True'.[0m
[38;5;159m[Genesis] [01:08:34] [INFO] Compiling simulation kernels...[0m
[38;5;159m[Genesis] [01:08:34] [INFO] Building visualizer...[0m
{"episode": 7000019, "profile": "large_narrow_carton", "success": false, "stage": "abort", "retries": 0}
{
  "episodes": 20,
  "successes": 1,
  "success_rate": 0.05,
  "success_rate_ci95_low": 0.008881448800795402,
  "success_rate_ci95_high": 0.23613119344674205,
  "first_attempt_successes": 1,
  "first_attempt_success_rate": 0.05,
  "first_attempt_success_rate_ci95_low": 0.008881448800795402,
  "first_attempt_success_rate_ci95_high": 0.23613119344674205,
  "retry_episodes": 1,
  "recovered_episodes": 0,
  "recovery_success_rate": 0.0,
  "recovery_success_rate_ci95_low": 0.0,
  "recovery_success_rate_ci95_high": 0.7934506856227626,
  "dropped_episodes": 0,
  "drop_rate": 0.0,
  "drop_rate_ci95_low": 0.0,
  "drop_rate_ci95_high": 0.16112515805281938,
  "mean_duration_seconds": 10.11,
  "successful_parcels_per_hour": 17.804154302670625,
  "mean_inference_latency_ms": 0.025050056039441247,
  "p95_inference_latency_ms": 0.03531,
  "max_contact_force_n": 111.2792739868164
}
[38;5;159m[Genesis] [01:08:35] [INFO] 💤 Exiting Genesis and caching compiled kernels...[0m
[38;5;159m[Genesis] [01:08:41] [INFO] [38;5;121m╭───────────────────────────────────────────────╮[0m[38;5;159m[0m
[38;5;159m[Genesis] [01:08:41] [INFO] [38;5;121m│┈┉┈┉┈┉┈┉┈┉┈┉┈┉┈┉┈┉┈[0m[38;5;159m [38;5;121m[1m[3mGenesis[0m[38;5;159m [38;5;121m┈┉┈┉┈┉┈┉┈┉┈┉┈┉┈┉┈┉┈│[0m[38;5;159m[0m
[38;5;159m[Genesis] [01:08:41] [INFO] [38;5;121m╰───────────────────────────────────────────────╯[0m[38;5;159m[0m
[38;5;159m[Genesis] [01:08:41] [INFO] Running on [38;5;121m[4m[AMD Radeon Graphics][0m[38;5;159m with backend [38;5;121m[4mgs.amdgpu[0m[38;5;159m. Device memory: [38;5;121m[4m47.98[0m[38;5;159m GB.[0m
[38;5;159m[Genesis] [01:08:41] [INFO] 🚀 Genesis initialized. 🔖 version: [38;5;121m[4m1.2.3[0m[38;5;159m, 🎨 theme: [38;5;121m[4mdark[0m[38;5;159m, 🌱 seed: [38;5;121m[4m0[0m[38;5;159m, 🐛 debug: [38;5;121m[4mFalse[0m[38;5;159m, 📏 precision: [38;5;121m[4m32[0m[38;5;159m, 🔥 performance: [38;5;121m[4mFalse[0m[38;5;159m, 💬 verbose: [38;5;121m[4mINFO[0m[38;5;159m[0m
[38;5;159m[Genesis] [01:08:43] [INFO] Scene [38;5;121m[3m<a32fbde>[0m[38;5;159m created.[0m
[38;5;159m[Genesis] [01:08:43] [INFO] Adding [38;5;121m<gs.engine.entities.RigidEntity>[0m[38;5;159m. idx: [38;5;121m0[0m[38;5;159m, uid: [38;5;121m[3m<0eb7666>[0m[38;5;159m, morph: [38;5;121m<gs.morphs.Plane>[0m[38;5;159m, material: [38;5;121m<gs.materials.Rigid>[0m[38;5;159m.[0m
[38;5;159m[Genesis] [01:08:43] [INFO] Adding [38;5;121m<gs.engine.entities.RigidEntity>[0m[38;5;159m. idx: [38;5;121m1[0m[38;5;159m, uid: [38;5;121m[3m<5f29fdb>[0m[38;5;159m, morph: [38;5;121m<gs.morphs.Box>[0m[38;5;159m, material: [38;5;121m<gs.materials.Rigid>[0m[38;5;159m.[0m
[38;5;159m[Genesis] [01:08:43] [INFO] Adding [38;5;121m<gs.engine.entities.RigidEntity>[0m[38;5;159m. idx: [38;5;121m2[0m[38;5;159m, uid: [38;5;121m[3m<3f4fa14>[0m[38;5;159m, morph: [38;5;121m<gs.morphs.Box>[0m[38;5;159m, material: [38;5;121m<gs.materials.Rigid>[0m[38;5;159m.[0m
[38;5;159m[Genesis] [01:08:43] [INFO] Adding [38;5;121m<gs.engine.entities.RigidEntity>[0m[38;5;159m. idx: [38;5;121m3[0m[38;5;159m, uid: [38;5;121m[3m<48ee39b>[0m[38;5;159m, morph: [38;5;121m<gs.morphs.MJCF(file='/workspace/parcel-sorter-rocm/third_party/genesis-world/genesis/assets/xml/franka_emika_panda/panda.xml')>[0m[38;5;159m, material: [38;5;121m<gs.materials.Rigid>[0m[38;5;159m.[0m
[38;5;226m[Genesis] [01:08:44] [WARNING] (MJCF) Approximating tendon by joint actuator for `finger_joint1`[0m
[38;5;226m[Genesis] [01:08:44] [WARNING] (MJCF) Approximating tendon by joint actuator for `finger_joint2`[0m
[38;5;159m[Genesis] [01:08:44] [INFO] Adding [38;5;121m<gs.engine.entities.RigidEntity>[0m[38;5;159m. idx: [38;5;121m4[0m[38;5;159m, uid: [38;5;121m[3m<f2a6119>[0m[38;5;159m, morph: [38;5;121m<gs.morphs.Box>[0m[38;5;159m, material: [38;5;121m<gs.materials.Rigid>[0m[38;5;159m.[0m
[38;5;159m[Genesis] [01:08:44] [INFO] Building scene [38;5;121m[3m<a32fbde>[0m[38;5;159m...[0m
[38;5;226m[Genesis] [01:08:45] [WARNING] Neutral robot position (qpos0) exceeds joint limits.[0m
[38;5;226m[Genesis] [01:08:45] [WARNING] Constraint solver time constant should be greater than 2*substep_dt. timeconst is changed from `0.005` to `0.00833333`). Decrease simulation timestep or increase timeconst to avoid altering the original value.[0m
[38;5;226m[Genesis] [01:08:47] [WARNING] Filtered out geometry pairs causing self-collision for the neutral configuration (qpos0): (8, 13), (9, 13), (16, 23), (17, 22), (18, 25), (19, 24). Consider tuning Morph option 'decompose_robot_error_threshold' or specify dedicated collision meshes. This behavior can be disabled by setting Morph option 'enable_neutral_collision=True'.[0m
[38;5;159m[Genesis] [01:08:48] [INFO] Compiling simulation kernels...[0m
[38;5;159m[Genesis] [01:08:58] [INFO] Building visualizer...[0m
{"episode": 7000000, "profile": "large_narrow_carton", "success": false, "stage": "approach", "retries": 0}
[38;5;159m[Genesis] [01:09:16] [INFO] Scene [38;5;121m[3m<002ccbf>[0m[38;5;159m created.[0m
[38;5;159m[Genesis] [01:09:16] [INFO] Adding [38;5;121m<gs.engine.entities.RigidEntity>[0m[38;5;159m. idx: [38;5;121m0[0m[38;5;159m, uid: [38;5;121m[3m<ba3281a>[0m[38;5;159m, morph: [38;5;121m<gs.morphs.Plane>[0m[38;5;159m, material: [38;5;121m<gs.materials.Rigid>[0m[38;5;159m.[0m
[38;5;159m[Genesis] [01:09:16] [INFO] Adding [38;5;121m<gs.engine.entities.RigidEntity>[0m[38;5;159m. idx: [38;5;121m1[0m[38;5;159m, uid: [38;5;121m[3m<a1b6b4c>[0m[38;5;159m, morph: [38;5;121m<gs.morphs.Box>[0m[38;5;159m, material: [38;5;121m<gs.materials.Rigid>[0m[38;5;159m.[0m
[38;5;159m[Genesis] [01:09:16] [INFO] Adding [38;5;121m<gs.engine.entities.RigidEntity>[0m[38;5;159m. idx: [38;5;121m2[0m[38;5;159m, uid: [38;5;121m[3m<acb74c4>[0m[38;5;159m, morph: [38;5;121m<gs.morphs.Box>[0m[38;5;159m, material: [38;5;121m<gs.materials.Rigid>[0m[38;5;159m.[0m
[38;5;159m[Genesis] [01:09:16] [INFO] Adding [38;5;121m<gs.engine.entities.RigidEntity>[0m[38;5;159m. idx: [38;5;121m3[0m[38;5;159m, uid: [38;5;121m[3m<e52ce24>[0m[38;5;159m, morph: [38;5;121m<gs.morphs.MJCF(file='/workspace/parcel-sorter-rocm/third_party/genesis-world/genesis/assets/xml/franka_emika_panda/panda.xml')>[0m[38;5;159m, material: [38;5;121m<gs.materials.Rigid>[0m[38;5;159m.[0m
[38;5;226m[Genesis] [01:09:16] [WARNING] (MJCF) Approximating tendon by joint actuator for `finger_joint1`[0m
[38;5;226m[Genesis] [01:09:16] [WARNING] (MJCF) Approximating tendon by joint actuator for `finger_joint2`[0m
[38;5;159m[Genesis] [01:09:16] [INFO] Adding [38;5;121m<gs.engine.entities.RigidEntity>[0m[38;5;159m. idx: [38;5;121m4[0m[38;5;159m, uid: [38;5;121m[3m<f1a31db>[0m[38;5;159m, morph: [38;5;121m<gs.morphs.Box>[0m[38;5;159m, material: [38;5;121m<gs.materials.Rigid>[0m[38;5;159m.[0m
[38;5;159m[Genesis] [01:09:16] [INFO] Building scene [38;5;121m[3m<002ccbf>[0m[38;5;159m...[0m
[38;5;226m[Genesis] [01:09:16] [WARNING] Neutral robot position (qpos0) exceeds joint limits.[0m
[38;5;226m[Genesis] [01:09:17] [WARNING] Constraint solver time constant should be greater than 2*substep_dt. timeconst is changed from `0.005` to `0.00833333`). Decrease simulation timestep or increase timeconst to avoid altering the original value.[0m
[38;5;226m[Genesis] [01:09:18] [WARNING] Filtered out geometry pairs causing self-collision for the neutral configuration (qpos0): (8, 13), (9, 13), (16, 23), (17, 22), (18, 25), (19, 24). Consider tuning Morph option 'decompose_robot_error_threshold' or specify dedicated collision meshes. This behavior can be disabled by setting Morph option 'enable_neutral_collision=True'.[0m
[38;5;159m[Genesis] [01:09:18] [INFO] Compiling simulation kernels...[0m
[38;5;159m[Genesis] [01:09:18] [INFO] Building visualizer...[0m
{"episode": 7000001, "profile": "large_narrow_carton", "success": false, "stage": "abort", "retries": 0}
[38;5;159m[Genesis] [01:09:22] [INFO] Scene [38;5;121m[3m<43a6aba>[0m[38;5;159m created.[0m
[38;5;159m[Genesis] [01:09:22] [INFO] Adding [38;5;121m<gs.engine.entities.RigidEntity>[0m[38;5;159m. idx: [38;5;121m0[0m[38;5;159m, uid: [38;5;121m[3m<65b54e8>[0m[38;5;159m, morph: [38;5;121m<gs.morphs.Plane>[0m[38;5;159m, material: [38;5;121m<gs.materials.Rigid>[0m[38;5;159m.[0m
[38;5;159m[Genesis] [01:09:22] [INFO] Adding [38;5;121m<gs.engine.entities.RigidEntity>[0m[38;5;159m. idx: [38;5;121m1[0m[38;5;159m, uid: [38;5;121m[3m<b151781>[0m[38;5;159m, morph: [38;5;121m<gs.morphs.Box>[0m[38;5;159m, material: [38;5;121m<gs.materials.Rigid>[0m[38;5;159m.[0m
[38;5;159m[Genesis] [01:09:22] [INFO] Adding [38;5;121m<gs.engine.entities.RigidEntity>[0m[38;5;159m. idx: [38;5;121m2[0m[38;5;159m, uid: [38;5;121m[3m<67c3d32>[0m[38;5;159m, morph: [38;5;121m<gs.morphs.Box>[0m[38;5;159m, material: [38;5;121m<gs.materials.Rigid>[0m[38;5;159m.[0m
[38;5;159m[Genesis] [01:09:22] [INFO] Adding [38;5;121m<gs.engine.entities.RigidEntity>[0m[38;5;159m. idx: [38;5;121m3[0m[38;5;159m, uid: [38;5;121m[3m<b692f39>[0m[38;5;159m, morph: [38;5;121m<gs.morphs.MJCF(file='/workspace/parcel-sorter-rocm/third_party/genesis-world/genesis/assets/xml/franka_emika_panda/panda.xml')>[0m[38;5;159m, material: [38;5;121m<gs.materials.Rigid>[0m[38;5;159m.[0m
[38;5;226m[Genesis] [01:09:22] [WARNING] (MJCF) Approximating tendon by joint actuator for `finger_joint1`[0m
[38;5;226m[Genesis] [01:09:22] [WARNING] (MJCF) Approximating tendon by joint actuator for `finger_joint2`[0m
[38;5;159m[Genesis] [01:09:22] [INFO] Adding [38;5;121m<gs.engine.entities.RigidEntity>[0m[38;5;159m. idx: [38;5;121m4[0m[38;5;159m, uid: [38;5;121m[3m<a9e2486>[0m[38;5;159m, morph: [38;5;121m<gs.morphs.Box>[0m[38;5;159m, material: [38;5;121m<gs.materials.Rigid>[0m[38;5;159m.[0m
[38;5;159m[Genesis] [01:09:22] [INFO] Building scene [38;5;121m[3m<43a6aba>[0m[38;5;159m...[0m
[38;5;226m[Genesis] [01:09:23] [WARNING] Neutral robot position (qpos0) exceeds joint limits.[0m
[38;5;226m[Genesis] [01:09:23] [WARNING] Constraint solver time constant should be greater than 2*substep_dt. timeconst is changed from `0.005` to `0.00833333`). Decrease simulation timestep or increase timeconst to avoid altering the original value.[0m
[38;5;226m[Genesis] [01:09:24] [WARNING] Filtered out geometry pairs causing self-collision for the neutral configuration (qpos0): (8, 13), (9, 13), (16, 23), (17, 22), (18, 25), (19, 24). Consider tuning Morph option 'decompose_robot_error_threshold' or specify dedicated collision meshes. This behavior can be disabled by setting Morph option 'enable_neutral_collision=True'.[0m
[38;5;159m[Genesis] [01:09:24] [INFO] Compiling simulation kernels...[0m
[38;5;159m[Genesis] [01:09:24] [INFO] Building visualizer...[0m
{"episode": 7000002, "profile": "large_narrow_carton", "success": false, "stage": "approach", "retries": 0}
[38;5;159m[Genesis] [01:09:43] [INFO] Scene [38;5;121m[3m<0b7b967>[0m[38;5;159m created.[0m
[38;5;159m[Genesis] [01:09:43] [INFO] Adding [38;5;121m<gs.engine.entities.RigidEntity>[0m[38;5;159m. idx: [38;5;121m0[0m[38;5;159m, uid: [38;5;121m[3m<bc63c51>[0m[38;5;159m, morph: [38;5;121m<gs.morphs.Plane>[0m[38;5;159m, material: [38;5;121m<gs.materials.Rigid>[0m[38;5;159m.[0m
[38;5;159m[Genesis] [01:09:43] [INFO] Adding [38;5;121m<gs.engine.entities.RigidEntity>[0m[38;5;159m. idx: [38;5;121m1[0m[38;5;159m, uid: [38;5;121m[3m<b1380da>[0m[38;5;159m, morph: [38;5;121m<gs.morphs.Box>[0m[38;5;159m, material: [38;5;121m<gs.materials.Rigid>[0m[38;5;159m.[0m
[38;5;159m[Genesis] [01:09:43] [INFO] Adding [38;5;121m<gs.engine.entities.RigidEntity>[0m[38;5;159m. idx: [38;5;121m2[0m[38;5;159m, uid: [38;5;121m[3m<ebf4856>[0m[38;5;159m, morph: [38;5;121m<gs.morphs.Box>[0m[38;5;159m, material: [38;5;121m<gs.materials.Rigid>[0m[38;5;159m.[0m
[38;5;159m[Genesis] [01:09:43] [INFO] Adding [38;5;121m<gs.engine.entities.RigidEntity>[0m[38;5;159m. idx: [38;5;121m3[0m[38;5;159m, uid: [38;5;121m[3m<ee733c7>[0m[38;5;159m, morph: [38;5;121m<gs.morphs.MJCF(file='/workspace/parcel-sorter-rocm/third_party/genesis-world/genesis/assets/xml/franka_emika_panda/panda.xml')>[0m[38;5;159m, material: [38;5;121m<gs.materials.Rigid>[0m[38;5;159m.[0m
[38;5;226m[Genesis] [01:09:43] [WARNING] (MJCF) Approximating tendon by joint actuator for `finger_joint1`[0m
[38;5;226m[Genesis] [01:09:43] [WARNING] (MJCF) Approximating tendon by joint actuator for `finger_joint2`[0m
[38;5;159m[Genesis] [01:09:43] [INFO] Adding [38;5;121m<gs.engine.entities.RigidEntity>[0m[38;5;159m. idx: [38;5;121m4[0m[38;5;159m, uid: [38;5;121m[3m<003f272>[0m[38;5;159m, morph: [38;5;121m<gs.morphs.Box>[0m[38;5;159m, material: [38;5;121m<gs.materials.Rigid>[0m[38;5;159m.[0m
[38;5;159m[Genesis] [01:09:43] [INFO] Building scene [38;5;121m[3m<0b7b967>[0m[38;5;159m...[0m
[38;5;226m[Genesis] [01:09:44] [WARNING] Neutral robot position (qpos0) exceeds joint limits.[0m
[38;5;226m[Genesis] [01:09:44] [WARNING] Constraint solver time constant should be greater than 2*substep_dt. timeconst is changed from `0.005` to `0.00833333`). Decrease simulation timestep or increase timeconst to avoid altering the original value.[0m
[38;5;226m[Genesis] [01:09:45] [WARNING] Filtered out geometry pairs causing self-collision for the neutral configuration (qpos0): (8, 13), (9, 13), (16, 23), (17, 22), (18, 25), (19, 24). Consider tuning Morph option 'decompose_robot_error_threshold' or specify dedicated collision meshes. This behavior can be disabled by setting Morph option 'enable_neutral_collision=True'.[0m
[38;5;159m[Genesis] [01:09:45] [INFO] Compiling simulation kernels...[0m
[38;5;159m[Genesis] [01:09:46] [INFO] Building visualizer...[0m
{"episode": 7000003, "profile": "large_narrow_carton", "success": false, "stage": "abort", "retries": 0}
[38;5;159m[Genesis] [01:09:48] [INFO] Scene [38;5;121m[3m<ae20d11>[0m[38;5;159m created.[0m
[38;5;159m[Genesis] [01:09:48] [INFO] Adding [38;5;121m<gs.engine.entities.RigidEntity>[0m[38;5;159m. idx: [38;5;121m0[0m[38;5;159m, uid: [38;5;121m[3m<09f0724>[0m[38;5;159m, morph: [38;5;121m<gs.morphs.Plane>[0m[38;5;159m, material: [38;5;121m<gs.materials.Rigid>[0m[38;5;159m.[0m
[38;5;159m[Genesis] [01:09:48] [INFO] Adding [38;5;121m<gs.engine.entities.RigidEntity>[0m[38;5;159m. idx: [38;5;121m1[0m[38;5;159m, uid: [38;5;121m[3m<ac05ed7>[0m[38;5;159m, morph: [38;5;121m<gs.morphs.Box>[0m[38;5;159m, material: [38;5;121m<gs.materials.Rigid>[0m[38;5;159m.[0m
[38;5;159m[Genesis] [01:09:48] [INFO] Adding [38;5;121m<gs.engine.entities.RigidEntity>[0m[38;5;159m. idx: [38;5;121m2[0m[38;5;159m, uid: [38;5;121m[3m<58f5d3a>[0m[38;5;159m, morph: [38;5;121m<gs.morphs.Box>[0m[38;5;159m, material: [38;5;121m<gs.materials.Rigid>[0m[38;5;159m.[0m
[38;5;159m[Genesis] [01:09:48] [INFO] Adding [38;5;121m<gs.engine.entities.RigidEntity>[0m[38;5;159m. idx: [38;5;121m3[0m[38;5;159m, uid: [38;5;121m[3m<f025bc1>[0m[38;5;159m, morph: [38;5;121m<gs.morphs.MJCF(file='/workspace/parcel-sorter-rocm/third_party/genesis-world/genesis/assets/xml/franka_emika_panda/panda.xml')>[0m[38;5;159m, material: [38;5;121m<gs.materials.Rigid>[0m[38;5;159m.[0m
[38;5;226m[Genesis] [01:09:49] [WARNING] (MJCF) Approximating tendon by joint actuator for `finger_joint1`[0m
[38;5;226m[Genesis] [01:09:49] [WARNING] (MJCF) Approximating tendon by joint actuator for `finger_joint2`[0m
[38;5;159m[Genesis] [01:09:49] [INFO] Adding [38;5;121m<gs.engine.entities.RigidEntity>[0m[38;5;159m. idx: [38;5;121m4[0m[38;5;159m, uid: [38;5;121m[3m<b12e72f>[0m[38;5;159m, morph: [38;5;121m<gs.morphs.Box>[0m[38;5;159m, material: [38;5;121m<gs.materials.Rigid>[0m[38;5;159m.[0m
[38;5;159m[Genesis] [01:09:49] [INFO] Building scene [38;5;121m[3m<ae20d11>[0m[38;5;159m...[0m
[38;5;226m[Genesis] [01:09:49] [WARNING] Neutral robot position (qpos0) exceeds joint limits.[0m
[38;5;226m[Genesis] [01:09:49] [WARNING] Constraint solver time constant should be greater than 2*substep_dt. timeconst is changed from `0.005` to `0.00833333`). Decrease simulation timestep or increase timeconst to avoid altering the original value.[0m
[38;5;226m[Genesis] [01:09:50] [WARNING] Filtered out geometry pairs causing self-collision for the neutral configuration (qpos0): (8, 13), (9, 13), (16, 23), (17, 22), (18, 25), (19, 24). Consider tuning Morph option 'decompose_robot_error_threshold' or specify dedicated collision meshes. This behavior can be disabled by setting Morph option 'enable_neutral_collision=True'.[0m
[38;5;159m[Genesis] [01:09:51] [INFO] Compiling simulation kernels...[0m
[38;5;159m[Genesis] [01:09:51] [INFO] Building visualizer...[0m
{"episode": 7000004, "profile": "large_narrow_carton", "success": true, "stage": "complete", "retries": 0}
[38;5;159m[Genesis] [01:09:58] [INFO] Scene [38;5;121m[3m<5659635>[0m[38;5;159m created.[0m
[38;5;159m[Genesis] [01:09:58] [INFO] Adding [38;5;121m<gs.engine.entities.RigidEntity>[0m[38;5;159m. idx: [38;5;121m0[0m[38;5;159m, uid: [38;5;121m[3m<3c80f32>[0m[38;5;159m, morph: [38;5;121m<gs.morphs.Plane>[0m[38;5;159m, material: [38;5;121m<gs.materials.Rigid>[0m[38;5;159m.[0m
[38;5;159m[Genesis] [01:09:58] [INFO] Adding [38;5;121m<gs.engine.entities.RigidEntity>[0m[38;5;159m. idx: [38;5;121m1[0m[38;5;159m, uid: [38;5;121m[3m<bd08ade>[0m[38;5;159m, morph: [38;5;121m<gs.morphs.Box>[0m[38;5;159m, material: [38;5;121m<gs.materials.Rigid>[0m[38;5;159m.[0m
[38;5;159m[Genesis] [01:09:58] [INFO] Adding [38;5;121m<gs.engine.entities.RigidEntity>[0m[38;5;159m. idx: [38;5;121m2[0m[38;5;159m, uid: [38;5;121m[3m<717e54c>[0m[38;5;159m, morph: [38;5;121m<gs.morphs.Box>[0m[38;5;159m, material: [38;5;121m<gs.materials.Rigid>[0m[38;5;159m.[0m
[38;5;159m[Genesis] [01:09:58] [INFO] Adding [38;5;121m<gs.engine.entities.RigidEntity>[0m[38;5;159m. idx: [38;5;121m3[0m[38;5;159m, uid: [38;5;121m[3m<ab2b688>[0m[38;5;159m, morph: [38;5;121m<gs.morphs.MJCF(file='/workspace/parcel-sorter-rocm/third_party/genesis-world/genesis/assets/xml/franka_emika_panda/panda.xml')>[0m[38;5;159m, material: [38;5;121m<gs.materials.Rigid>[0m[38;5;159m.[0m
[38;5;226m[Genesis] [01:09:58] [WARNING] (MJCF) Approximating tendon by joint actuator for `finger_joint1`[0m
[38;5;226m[Genesis] [01:09:58] [WARNING] (MJCF) Approximating tendon by joint actuator for `finger_joint2`[0m
[38;5;159m[Genesis] [01:09:58] [INFO] Adding [38;5;121m<gs.engine.entities.RigidEntity>[0m[38;5;159m. idx: [38;5;121m4[0m[38;5;159m, uid: [38;5;121m[3m<2a4325b>[0m[38;5;159m, morph: [38;5;121m<gs.morphs.Box>[0m[38;5;159m, material: [38;5;121m<gs.materials.Rigid>[0m[38;5;159m.[0m
[38;5;159m[Genesis] [01:09:58] [INFO] Building scene [38;5;121m[3m<5659635>[0m[38;5;159m...[0m
[38;5;226m[Genesis] [01:09:58] [WARNING] Neutral robot position (qpos0) exceeds joint limits.[0m
[38;5;226m[Genesis] [01:09:58] [WARNING] Constraint solver time constant should be greater than 2*substep_dt. timeconst is changed from `0.005` to `0.00833333`). Decrease simulation timestep or increase timeconst to avoid altering the original value.[0m
[38;5;226m[Genesis] [01:09:59] [WARNING] Filtered out geometry pairs causing self-collision for the neutral configuration (qpos0): (8, 13), (9, 13), (16, 23), (17, 22), (18, 25), (19, 24). Consider tuning Morph option 'decompose_robot_error_threshold' or specify dedicated collision meshes. This behavior can be disabled by setting Morph option 'enable_neutral_collision=True'.[0m
[38;5;159m[Genesis] [01:10:00] [INFO] Compiling simulation kernels...[0m
[38;5;159m[Genesis] [01:10:00] [INFO] Building visualizer...[0m
{"episode": 7000005, "profile": "large_narrow_carton", "success": false, "stage": "abort", "retries": 1}
[38;5;159m[Genesis] [01:10:12] [INFO] Scene [38;5;121m[3m<1f45192>[0m[38;5;159m created.[0m
[38;5;159m[Genesis] [01:10:12] [INFO] Adding [38;5;121m<gs.engine.entities.RigidEntity>[0m[38;5;159m. idx: [38;5;121m0[0m[38;5;159m, uid: [38;5;121m[3m<af6dbee>[0m[38;5;159m, morph: [38;5;121m<gs.morphs.Plane>[0m[38;5;159m, material: [38;5;121m<gs.materials.Rigid>[0m[38;5;159m.[0m
[38;5;159m[Genesis] [01:10:12] [INFO] Adding [38;5;121m<gs.engine.entities.RigidEntity>[0m[38;5;159m. idx: [38;5;121m1[0m[38;5;159m, uid: [38;5;121m[3m<5886c46>[0m[38;5;159m, morph: [38;5;121m<gs.morphs.Box>[0m[38;5;159m, material: [38;5;121m<gs.materials.Rigid>[0m[38;5;159m.[0m
[38;5;159m[Genesis] [01:10:12] [INFO] Adding [38;5;121m<gs.engine.entities.RigidEntity>[0m[38;5;159m. idx: [38;5;121m2[0m[38;5;159m, uid: [38;5;121m[3m<897fd55>[0m[38;5;159m, morph: [38;5;121m<gs.morphs.Box>[0m[38;5;159m, material: [38;5;121m<gs.materials.Rigid>[0m[38;5;159m.[0m
[38;5;159m[Genesis] [01:10:12] [INFO] Adding [38;5;121m<gs.engine.entities.RigidEntity>[0m[38;5;159m. idx: [38;5;121m3[0m[38;5;159m, uid: [38;5;121m[3m<1df2e0a>[0m[38;5;159m, morph: [38;5;121m<gs.morphs.MJCF(file='/workspace/parcel-sorter-rocm/third_party/genesis-world/genesis/assets/xml/franka_emika_panda/panda.xml')>[0m[38;5;159m, material: [38;5;121m<gs.materials.Rigid>[0m[38;5;159m.[0m
[38;5;226m[Genesis] [01:10:12] [WARNING] (MJCF) Approximating tendon by joint actuator for `finger_joint1`[0m
[38;5;226m[Genesis] [01:10:12] [WARNING] (MJCF) Approximating tendon by joint actuator for `finger_joint2`[0m
[38;5;159m[Genesis] [01:10:12] [INFO] Adding [38;5;121m<gs.engine.entities.RigidEntity>[0m[38;5;159m. idx: [38;5;121m4[0m[38;5;159m, uid: [38;5;121m[3m<99e0fff>[0m[38;5;159m, morph: [38;5;121m<gs.morphs.Box>[0m[38;5;159m, material: [38;5;121m<gs.materials.Rigid>[0m[38;5;159m.[0m
[38;5;159m[Genesis] [01:10:12] [INFO] Building scene [38;5;121m[3m<1f45192>[0m[38;5;159m...[0m
[38;5;226m[Genesis] [01:10:12] [WARNING] Neutral robot position (qpos0) exceeds joint limits.[0m
[38;5;226m[Genesis] [01:10:12] [WARNING] Constraint solver time constant should be greater than 2*substep_dt. timeconst is changed from `0.005` to `0.00833333`). Decrease simulation timestep or increase timeconst to avoid altering the original value.[0m
[38;5;226m[Genesis] [01:10:13] [WARNING] Filtered out geometry pairs causing self-collision for the neutral configuration (qpos0): (8, 13), (9, 13), (16, 23), (17, 22), (18, 25), (19, 24). Consider tuning Morph option 'decompose_robot_error_threshold' or specify dedicated collision meshes. This behavior can be disabled by setting Morph option 'enable_neutral_collision=True'.[0m
[38;5;159m[Genesis] [01:10:14] [INFO] Compiling simulation kernels...[0m
[38;5;159m[Genesis] [01:10:14] [INFO] Building visualizer...[0m
{"episode": 7000006, "profile": "large_narrow_carton", "success": false, "stage": "abort", "retries": 0}
[38;5;159m[Genesis] [01:10:17] [INFO] Scene [38;5;121m[3m<fd4587c>[0m[38;5;159m created.[0m
[38;5;159m[Genesis] [01:10:17] [INFO] Adding [38;5;121m<gs.engine.entities.RigidEntity>[0m[38;5;159m. idx: [38;5;121m0[0m[38;5;159m, uid: [38;5;121m[3m<6067964>[0m[38;5;159m, morph: [38;5;121m<gs.morphs.Plane>[0m[38;5;159m, material: [38;5;121m<gs.materials.Rigid>[0m[38;5;159m.[0m
[38;5;159m[Genesis] [01:10:17] [INFO] Adding [38;5;121m<gs.engine.entities.RigidEntity>[0m[38;5;159m. idx: [38;5;121m1[0m[38;5;159m, uid: [38;5;121m[3m<0b72cb9>[0m[38;5;159m, morph: [38;5;121m<gs.morphs.Box>[0m[38;5;159m, material: [38;5;121m<gs.materials.Rigid>[0m[38;5;159m.[0m
[38;5;159m[Genesis] [01:10:17] [INFO] Adding [38;5;121m<gs.engine.entities.RigidEntity>[0m[38;5;159m. idx: [38;5;121m2[0m[38;5;159m, uid: [38;5;121m[3m<12400e7>[0m[38;5;159m, morph: [38;5;121m<gs.morphs.Box>[0m[38;5;159m, material: [38;5;121m<gs.materials.Rigid>[0m[38;5;159m.[0m
[38;5;159m[Genesis] [01:10:17] [INFO] Adding [38;5;121m<gs.engine.entities.RigidEntity>[0m[38;5;159m. idx: [38;5;121m3[0m[38;5;159m, uid: [38;5;121m[3m<8ee5303>[0m[38;5;159m, morph: [38;5;121m<gs.morphs.MJCF(file='/workspace/parcel-sorter-rocm/third_party/genesis-world/genesis/assets/xml/franka_emika_panda/panda.xml')>[0m[38;5;159m, material: [38;5;121m<gs.materials.Rigid>[0m[38;5;159m.[0m
[38;5;226m[Genesis] [01:10:17] [WARNING] (MJCF) Approximating tendon by joint actuator for `finger_joint1`[0m
[38;5;226m[Genesis] [01:10:17] [WARNING] (MJCF) Approximating tendon by joint actuator for `finger_joint2`[0m
[38;5;159m[Genesis] [01:10:17] [INFO] Adding [38;5;121m<gs.engine.entities.RigidEntity>[0m[38;5;159m. idx: [38;5;121m4[0m[38;5;159m, uid: [38;5;121m[3m<f2d5d84>[0m[38;5;159m, morph: [38;5;121m<gs.morphs.Box>[0m[38;5;159m, material: [38;5;121m<gs.materials.Rigid>[0m[38;5;159m.[0m
[38;5;159m[Genesis] [01:10:17] [INFO] Building scene [38;5;121m[3m<fd4587c>[0m[38;5;159m...[0m
[38;5;226m[Genesis] [01:10:17] [WARNING] Neutral robot position (qpos0) exceeds joint limits.[0m
[38;5;226m[Genesis] [01:10:17] [WARNING] Constraint solver time constant should be greater than 2*substep_dt. timeconst is changed from `0.005` to `0.00833333`). Decrease simulation timestep or increase timeconst to avoid altering the original value.[0m
[38;5;226m[Genesis] [01:10:18] [WARNING] Filtered out geometry pairs causing self-collision for the neutral configuration (qpos0): (8, 13), (9, 13), (16, 23), (17, 22), (18, 25), (19, 24). Consider tuning Morph option 'decompose_robot_error_threshold' or specify dedicated collision meshes. This behavior can be disabled by setting Morph option 'enable_neutral_collision=True'.[0m
[38;5;159m[Genesis] [01:10:19] [INFO] Compiling simulation kernels...[0m
[38;5;159m[Genesis] [01:10:19] [INFO] Building visualizer...[0m
{"episode": 7000007, "profile": "large_narrow_carton", "success": true, "stage": "complete", "retries": 0}
[38;5;159m[Genesis] [01:10:25] [INFO] Scene [38;5;121m[3m<ac9d261>[0m[38;5;159m created.[0m
[38;5;159m[Genesis] [01:10:25] [INFO] Adding [38;5;121m<gs.engine.entities.RigidEntity>[0m[38;5;159m. idx: [38;5;121m0[0m[38;5;159m, uid: [38;5;121m[3m<8b983ee>[0m[38;5;159m, morph: [38;5;121m<gs.morphs.Plane>[0m[38;5;159m, material: [38;5;121m<gs.materials.Rigid>[0m[38;5;159m.[0m
[38;5;159m[Genesis] [01:10:25] [INFO] Adding [38;5;121m<gs.engine.entities.RigidEntity>[0m[38;5;159m. idx: [38;5;121m1[0m[38;5;159m, uid: [38;5;121m[3m<7656009>[0m[38;5;159m, morph: [38;5;121m<gs.morphs.Box>[0m[38;5;159m, material: [38;5;121m<gs.materials.Rigid>[0m[38;5;159m.[0m
[38;5;159m[Genesis] [01:10:25] [INFO] Adding [38;5;121m<gs.engine.entities.RigidEntity>[0m[38;5;159m. idx: [38;5;121m2[0m[38;5;159m, uid: [38;5;121m[3m<ce2548a>[0m[38;5;159m, morph: [38;5;121m<gs.morphs.Box>[0m[38;5;159m, material: [38;5;121m<gs.materials.Rigid>[0m[38;5;159m.[0m
[38;5;159m[Genesis] [01:10:25] [INFO] Adding [38;5;121m<gs.engine.entities.RigidEntity>[0m[38;5;159m. idx: [38;5;121m3[0m[38;5;159m, uid: [38;5;121m[3m<3cd18a6>[0m[38;5;159m, morph: [38;5;121m<gs.morphs.MJCF(file='/workspace/parcel-sorter-rocm/third_party/genesis-world/genesis/assets/xml/franka_emika_panda/panda.xml')>[0m[38;5;159m, material: [38;5;121m<gs.materials.Rigid>[0m[38;5;159m.[0m
[38;5;226m[Genesis] [01:10:25] [WARNING] (MJCF) Approximating tendon by joint actuator for `finger_joint1`[0m
[38;5;226m[Genesis] [01:10:25] [WARNING] (MJCF) Approximating tendon by joint actuator for `finger_joint2`[0m
[38;5;159m[Genesis] [01:10:25] [INFO] Adding [38;5;121m<gs.engine.entities.RigidEntity>[0m[38;5;159m. idx: [38;5;121m4[0m[38;5;159m, uid: [38;5;121m[3m<422b51d>[0m[38;5;159m, morph: [38;5;121m<gs.morphs.Box>[0m[38;5;159m, material: [38;5;121m<gs.materials.Rigid>[0m[38;5;159m.[0m
[38;5;159m[Genesis] [01:10:25] [INFO] Building scene [38;5;121m[3m<ac9d261>[0m[38;5;159m...[0m
[38;5;226m[Genesis] [01:10:25] [WARNING] Neutral robot position (qpos0) exceeds joint limits.[0m
[38;5;226m[Genesis] [01:10:25] [WARNING] Constraint solver time constant should be greater than 2*substep_dt. timeconst is changed from `0.005` to `0.00833333`). Decrease simulation timestep or increase timeconst to avoid altering the original value.[0m
[38;5;226m[Genesis] [01:10:26] [WARNING] Filtered out geometry pairs causing self-collision for the neutral configuration (qpos0): (8, 13), (9, 13), (16, 23), (17, 22), (18, 25), (19, 24). Consider tuning Morph option 'decompose_robot_error_threshold' or specify dedicated collision meshes. This behavior can be disabled by setting Morph option 'enable_neutral_collision=True'.[0m
[38;5;159m[Genesis] [01:10:27] [INFO] Compiling simulation kernels...[0m
[38;5;159m[Genesis] [01:10:27] [INFO] Building visualizer...[0m
{"episode": 7000008, "profile": "large_narrow_carton", "success": false, "stage": "approach", "retries": 0}
[38;5;159m[Genesis] [01:10:47] [INFO] Scene [38;5;121m[3m<edaba7b>[0m[38;5;159m created.[0m
[38;5;159m[Genesis] [01:10:47] [INFO] Adding [38;5;121m<gs.engine.entities.RigidEntity>[0m[38;5;159m. idx: [38;5;121m0[0m[38;5;159m, uid: [38;5;121m[3m<115e402>[0m[38;5;159m, morph: [38;5;121m<gs.morphs.Plane>[0m[38;5;159m, material: [38;5;121m<gs.materials.Rigid>[0m[38;5;159m.[0m
[38;5;159m[Genesis] [01:10:47] [INFO] Adding [38;5;121m<gs.engine.entities.RigidEntity>[0m[38;5;159m. idx: [38;5;121m1[0m[38;5;159m, uid: [38;5;121m[3m<fd1ce8b>[0m[38;5;159m, morph: [38;5;121m<gs.morphs.Box>[0m[38;5;159m, material: [38;5;121m<gs.materials.Rigid>[0m[38;5;159m.[0m
[38;5;159m[Genesis] [01:10:47] [INFO] Adding [38;5;121m<gs.engine.entities.RigidEntity>[0m[38;5;159m. idx: [38;5;121m2[0m[38;5;159m, uid: [38;5;121m[3m<e3de57b>[0m[38;5;159m, morph: [38;5;121m<gs.morphs.Box>[0m[38;5;159m, material: [38;5;121m<gs.materials.Rigid>[0m[38;5;159m.[0m
[38;5;159m[Genesis] [01:10:47] [INFO] Adding [38;5;121m<gs.engine.entities.RigidEntity>[0m[38;5;159m. idx: [38;5;121m3[0m[38;5;159m, uid: [38;5;121m[3m<deeb96e>[0m[38;5;159m, morph: [38;5;121m<gs.morphs.MJCF(file='/workspace/parcel-sorter-rocm/third_party/genesis-world/genesis/assets/xml/franka_emika_panda/panda.xml')>[0m[38;5;159m, material: [38;5;121m<gs.materials.Rigid>[0m[38;5;159m.[0m
[38;5;226m[Genesis] [01:10:48] [WARNING] (MJCF) Approximating tendon by joint actuator for `finger_joint1`[0m
[38;5;226m[Genesis] [01:10:48] [WARNING] (MJCF) Approximating tendon by joint actuator for `finger_joint2`[0m
[38;5;159m[Genesis] [01:10:48] [INFO] Adding [38;5;121m<gs.engine.entities.RigidEntity>[0m[38;5;159m. idx: [38;5;121m4[0m[38;5;159m, uid: [38;5;121m[3m<ba3e0e1>[0m[38;5;159m, morph: [38;5;121m<gs.morphs.Box>[0m[38;5;159m, material: [38;5;121m<gs.materials.Rigid>[0m[38;5;159m.[0m
[38;5;159m[Genesis] [01:10:48] [INFO] Building scene [38;5;121m[3m<edaba7b>[0m[38;5;159m...[0m
[38;5;226m[Genesis] [01:10:48] [WARNING] Neutral robot position (qpos0) exceeds joint limits.[0m
[38;5;226m[Genesis] [01:10:48] [WARNING] Constraint solver time constant should be greater than 2*substep_dt. timeconst is changed from `0.005` to `0.00833333`). Decrease simulation timestep or increase timeconst to avoid altering the original value.[0m
[38;5;226m[Genesis] [01:10:49] [WARNING] Filtered out geometry pairs causing self-collision for the neutral configuration (qpos0): (8, 13), (9, 13), (16, 23), (17, 22), (18, 25), (19, 24). Consider tuning Morph option 'decompose_robot_error_threshold' or specify dedicated collision meshes. This behavior can be disabled by setting Morph option 'enable_neutral_collision=True'.[0m
[38;5;159m[Genesis] [01:10:50] [INFO] Compiling simulation kernels...[0m
[38;5;159m[Genesis] [01:10:50] [INFO] Building visualizer...[0m
{"episode": 7000009, "profile": "large_narrow_carton", "success": false, "stage": "approach", "retries": 0}
[38;5;159m[Genesis] [01:11:07] [INFO] Scene [38;5;121m[3m<797cade>[0m[38;5;159m created.[0m
[38;5;159m[Genesis] [01:11:07] [INFO] Adding [38;5;121m<gs.engine.entities.RigidEntity>[0m[38;5;159m. idx: [38;5;121m0[0m[38;5;159m, uid: [38;5;121m[3m<3021a6c>[0m[38;5;159m, morph: [38;5;121m<gs.morphs.Plane>[0m[38;5;159m, material: [38;5;121m<gs.materials.Rigid>[0m[38;5;159m.[0m
[38;5;159m[Genesis] [01:11:07] [INFO] Adding [38;5;121m<gs.engine.entities.RigidEntity>[0m[38;5;159m. idx: [38;5;121m1[0m[38;5;159m, uid: [38;5;121m[3m<b2e4a82>[0m[38;5;159m, morph: [38;5;121m<gs.morphs.Box>[0m[38;5;159m, material: [38;5;121m<gs.materials.Rigid>[0m[38;5;159m.[0m
[38;5;159m[Genesis] [01:11:07] [INFO] Adding [38;5;121m<gs.engine.entities.RigidEntity>[0m[38;5;159m. idx: [38;5;121m2[0m[38;5;159m, uid: [38;5;121m[3m<3f8bd6e>[0m[38;5;159m, morph: [38;5;121m<gs.morphs.Box>[0m[38;5;159m, material: [38;5;121m<gs.materials.Rigid>[0m[38;5;159m.[0m
[38;5;159m[Genesis] [01:11:07] [INFO] Adding [38;5;121m<gs.engine.entities.RigidEntity>[0m[38;5;159m. idx: [38;5;121m3[0m[38;5;159m, uid: [38;5;121m[3m<063c3ae>[0m[38;5;159m, morph: [38;5;121m<gs.morphs.MJCF(file='/workspace/parcel-sorter-rocm/third_party/genesis-world/genesis/assets/xml/franka_emika_panda/panda.xml')>[0m[38;5;159m, material: [38;5;121m<gs.materials.Rigid>[0m[38;5;159m.[0m
[38;5;226m[Genesis] [01:11:07] [WARNING] (MJCF) Approximating tendon by joint actuator for `finger_joint1`[0m
[38;5;226m[Genesis] [01:11:07] [WARNING] (MJCF) Approximating tendon by joint actuator for `finger_joint2`[0m
[38;5;159m[Genesis] [01:11:07] [INFO] Adding [38;5;121m<gs.engine.entities.RigidEntity>[0m[38;5;159m. idx: [38;5;121m4[0m[38;5;159m, uid: [38;5;121m[3m<ca00db3>[0m[38;5;159m, morph: [38;5;121m<gs.morphs.Box>[0m[38;5;159m, material: [38;5;121m<gs.materials.Rigid>[0m[38;5;159m.[0m
[38;5;159m[Genesis] [01:11:07] [INFO] Building scene [38;5;121m[3m<797cade>[0m[38;5;159m...[0m
[38;5;226m[Genesis] [01:11:07] [WARNING] Neutral robot position (qpos0) exceeds joint limits.[0m
[38;5;226m[Genesis] [01:11:08] [WARNING] Constraint solver time constant should be greater than 2*substep_dt. timeconst is changed from `0.005` to `0.00833333`). Decrease simulation timestep or increase timeconst to avoid altering the original value.[0m
[38;5;226m[Genesis] [01:11:09] [WARNING] Filtered out geometry pairs causing self-collision for the neutral configuration (qpos0): (8, 13), (9, 13), (16, 23), (17, 22), (18, 25), (19, 24). Consider tuning Morph option 'decompose_robot_error_threshold' or specify dedicated collision meshes. This behavior can be disabled by setting Morph option 'enable_neutral_collision=True'.[0m
[38;5;159m[Genesis] [01:11:09] [INFO] Compiling simulation kernels...[0m
[38;5;159m[Genesis] [01:11:10] [INFO] Building visualizer...[0m
{"episode": 7000010, "profile": "large_narrow_carton", "success": true, "stage": "complete", "retries": 0}
[38;5;159m[Genesis] [01:11:17] [INFO] Scene [38;5;121m[3m<3980837>[0m[38;5;159m created.[0m
[38;5;159m[Genesis] [01:11:17] [INFO] Adding [38;5;121m<gs.engine.entities.RigidEntity>[0m[38;5;159m. idx: [38;5;121m0[0m[38;5;159m, uid: [38;5;121m[3m<40a001e>[0m[38;5;159m, morph: [38;5;121m<gs.morphs.Plane>[0m[38;5;159m, material: [38;5;121m<gs.materials.Rigid>[0m[38;5;159m.[0m
[38;5;159m[Genesis] [01:11:17] [INFO] Adding [38;5;121m<gs.engine.entities.RigidEntity>[0m[38;5;159m. idx: [38;5;121m1[0m[38;5;159m, uid: [38;5;121m[3m<cd87092>[0m[38;5;159m, morph: [38;5;121m<gs.morphs.Box>[0m[38;5;159m, material: [38;5;121m<gs.materials.Rigid>[0m[38;5;159m.[0m
[38;5;159m[Genesis] [01:11:17] [INFO] Adding [38;5;121m<gs.engine.entities.RigidEntity>[0m[38;5;159m. idx: [38;5;121m2[0m[38;5;159m, uid: [38;5;121m[3m<f2a3c69>[0m[38;5;159m, morph: [38;5;121m<gs.morphs.Box>[0m[38;5;159m, material: [38;5;121m<gs.materials.Rigid>[0m[38;5;159m.[0m
[38;5;159m[Genesis] [01:11:17] [INFO] Adding [38;5;121m<gs.engine.entities.RigidEntity>[0m[38;5;159m. idx: [38;5;121m3[0m[38;5;159m, uid: [38;5;121m[3m<efa0ecb>[0m[38;5;159m, morph: [38;5;121m<gs.morphs.MJCF(file='/workspace/parcel-sorter-rocm/third_party/genesis-world/genesis/assets/xml/franka_emika_panda/panda.xml')>[0m[38;5;159m, material: [38;5;121m<gs.materials.Rigid>[0m[38;5;159m.[0m
[38;5;226m[Genesis] [01:11:17] [WARNING] (MJCF) Approximating tendon by joint actuator for `finger_joint1`[0m
[38;5;226m[Genesis] [01:11:17] [WARNING] (MJCF) Approximating tendon by joint actuator for `finger_joint2`[0m
[38;5;159m[Genesis] [01:11:17] [INFO] Adding [38;5;121m<gs.engine.entities.RigidEntity>[0m[38;5;159m. idx: [38;5;121m4[0m[38;5;159m, uid: [38;5;121m[3m<c3c9782>[0m[38;5;159m, morph: [38;5;121m<gs.morphs.Box>[0m[38;5;159m, material: [38;5;121m<gs.materials.Rigid>[0m[38;5;159m.[0m
[38;5;159m[Genesis] [01:11:17] [INFO] Building scene [38;5;121m[3m<3980837>[0m[38;5;159m...[0m
[38;5;226m[Genesis] [01:11:17] [WARNING] Neutral robot position (qpos0) exceeds joint limits.[0m
[38;5;226m[Genesis] [01:11:17] [WARNING] Constraint solver time constant should be greater than 2*substep_dt. timeconst is changed from `0.005` to `0.00833333`). Decrease simulation timestep or increase timeconst to avoid altering the original value.[0m
[38;5;226m[Genesis] [01:11:18] [WARNING] Filtered out geometry pairs causing self-collision for the neutral configuration (qpos0): (8, 13), (9, 13), (16, 23), (17, 22), (18, 25), (19, 24). Consider tuning Morph option 'decompose_robot_error_threshold' or specify dedicated collision meshes. This behavior can be disabled by setting Morph option 'enable_neutral_collision=True'.[0m
[38;5;159m[Genesis] [01:11:19] [INFO] Compiling simulation kernels...[0m
[38;5;159m[Genesis] [01:11:19] [INFO] Building visualizer...[0m
{"episode": 7000011, "profile": "large_narrow_carton", "success": false, "stage": "approach", "retries": 0}
[38;5;159m[Genesis] [01:11:37] [INFO] Scene [38;5;121m[3m<fe3e852>[0m[38;5;159m created.[0m
[38;5;159m[Genesis] [01:11:37] [INFO] Adding [38;5;121m<gs.engine.entities.RigidEntity>[0m[38;5;159m. idx: [38;5;121m0[0m[38;5;159m, uid: [38;5;121m[3m<7076e82>[0m[38;5;159m, morph: [38;5;121m<gs.morphs.Plane>[0m[38;5;159m, material: [38;5;121m<gs.materials.Rigid>[0m[38;5;159m.[0m
[38;5;159m[Genesis] [01:11:37] [INFO] Adding [38;5;121m<gs.engine.entities.RigidEntity>[0m[38;5;159m. idx: [38;5;121m1[0m[38;5;159m, uid: [38;5;121m[3m<2fc81d9>[0m[38;5;159m, morph: [38;5;121m<gs.morphs.Box>[0m[38;5;159m, material: [38;5;121m<gs.materials.Rigid>[0m[38;5;159m.[0m
[38;5;159m[Genesis] [01:11:37] [INFO] Adding [38;5;121m<gs.engine.entities.RigidEntity>[0m[38;5;159m. idx: [38;5;121m2[0m[38;5;159m, uid: [38;5;121m[3m<9421093>[0m[38;5;159m, morph: [38;5;121m<gs.morphs.Box>[0m[38;5;159m, material: [38;5;121m<gs.materials.Rigid>[0m[38;5;159m.[0m
[38;5;159m[Genesis] [01:11:37] [INFO] Adding [38;5;121m<gs.engine.entities.RigidEntity>[0m[38;5;159m. idx: [38;5;121m3[0m[38;5;159m, uid: [38;5;121m[3m<fd96b7b>[0m[38;5;159m, morph: [38;5;121m<gs.morphs.MJCF(file='/workspace/parcel-sorter-rocm/third_party/genesis-world/genesis/assets/xml/franka_emika_panda/panda.xml')>[0m[38;5;159m, material: [38;5;121m<gs.materials.Rigid>[0m[38;5;159m.[0m
[38;5;226m[Genesis] [01:11:37] [WARNING] (MJCF) Approximating tendon by joint actuator for `finger_joint1`[0m
[38;5;226m[Genesis] [01:11:37] [WARNING] (MJCF) Approximating tendon by joint actuator for `finger_joint2`[0m
[38;5;159m[Genesis] [01:11:37] [INFO] Adding [38;5;121m<gs.engine.entities.RigidEntity>[0m[38;5;159m. idx: [38;5;121m4[0m[38;5;159m, uid: [38;5;121m[3m<abe587d>[0m[38;5;159m, morph: [38;5;121m<gs.morphs.Box>[0m[38;5;159m, material: [38;5;121m<gs.materials.Rigid>[0m[38;5;159m.[0m
[38;5;159m[Genesis] [01:11:37] [INFO] Building scene [38;5;121m[3m<fe3e852>[0m[38;5;159m...[0m
[38;5;226m[Genesis] [01:11:37] [WARNING] Neutral robot position (qpos0) exceeds joint limits.[0m
[38;5;226m[Genesis] [01:11:37] [WARNING] Constraint solver time constant should be greater than 2*substep_dt. timeconst is changed from `0.005` to `0.00833333`). Decrease simulation timestep or increase timeconst to avoid altering the original value.[0m
[38;5;226m[Genesis] [01:11:39] [WARNING] Filtered out geometry pairs causing self-collision for the neutral configuration (qpos0): (8, 13), (9, 13), (16, 23), (17, 22), (18, 25), (19, 24). Consider tuning Morph option 'decompose_robot_error_threshold' or specify dedicated collision meshes. This behavior can be disabled by setting Morph option 'enable_neutral_collision=True'.[0m
[38;5;159m[Genesis] [01:11:39] [INFO] Compiling simulation kernels...[0m
[38;5;159m[Genesis] [01:11:39] [INFO] Building visualizer...[0m
{"episode": 7000012, "profile": "large_narrow_carton", "success": false, "stage": "approach", "retries": 0}
[38;5;159m[Genesis] [01:11:56] [INFO] Scene [38;5;121m[3m<33d9d54>[0m[38;5;159m created.[0m
[38;5;159m[Genesis] [01:11:56] [INFO] Adding [38;5;121m<gs.engine.entities.RigidEntity>[0m[38;5;159m. idx: [38;5;121m0[0m[38;5;159m, uid: [38;5;121m[3m<c2c4c6c>[0m[38;5;159m, morph: [38;5;121m<gs.morphs.Plane>[0m[38;5;159m, material: [38;5;121m<gs.materials.Rigid>[0m[38;5;159m.[0m
[38;5;159m[Genesis] [01:11:56] [INFO] Adding [38;5;121m<gs.engine.entities.RigidEntity>[0m[38;5;159m. idx: [38;5;121m1[0m[38;5;159m, uid: [38;5;121m[3m<2b63f67>[0m[38;5;159m, morph: [38;5;121m<gs.morphs.Box>[0m[38;5;159m, material: [38;5;121m<gs.materials.Rigid>[0m[38;5;159m.[0m
[38;5;159m[Genesis] [01:11:56] [INFO] Adding [38;5;121m<gs.engine.entities.RigidEntity>[0m[38;5;159m. idx: [38;5;121m2[0m[38;5;159m, uid: [38;5;121m[3m<d0c025e>[0m[38;5;159m, morph: [38;5;121m<gs.morphs.Box>[0m[38;5;159m, material: [38;5;121m<gs.materials.Rigid>[0m[38;5;159m.[0m
[38;5;159m[Genesis] [01:11:56] [INFO] Adding [38;5;121m<gs.engine.entities.RigidEntity>[0m[38;5;159m. idx: [38;5;121m3[0m[38;5;159m, uid: [38;5;121m[3m<b75802b>[0m[38;5;159m, morph: [38;5;121m<gs.morphs.MJCF(file='/workspace/parcel-sorter-rocm/third_party/genesis-world/genesis/assets/xml/franka_emika_panda/panda.xml')>[0m[38;5;159m, material: [38;5;121m<gs.materials.Rigid>[0m[38;5;159m.[0m
[38;5;226m[Genesis] [01:11:56] [WARNING] (MJCF) Approximating tendon by joint actuator for `finger_joint1`[0m
[38;5;226m[Genesis] [01:11:56] [WARNING] (MJCF) Approximating tendon by joint actuator for `finger_joint2`[0m
[38;5;159m[Genesis] [01:11:56] [INFO] Adding [38;5;121m<gs.engine.entities.RigidEntity>[0m[38;5;159m. idx: [38;5;121m4[0m[38;5;159m, uid: [38;5;121m[3m<757f968>[0m[38;5;159m, morph: [38;5;121m<gs.morphs.Box>[0m[38;5;159m, material: [38;5;121m<gs.materials.Rigid>[0m[38;5;159m.[0m
[38;5;159m[Genesis] [01:11:56] [INFO] Building scene [38;5;121m[3m<33d9d54>[0m[38;5;159m...[0m
[38;5;226m[Genesis] [01:11:56] [WARNING] Neutral robot position (qpos0) exceeds joint limits.[0m
[38;5;226m[Genesis] [01:11:56] [WARNING] Constraint solver time constant should be greater than 2*substep_dt. timeconst is changed from `0.005` to `0.00833333`). Decrease simulation timestep or increase timeconst to avoid altering the original value.[0m
[38;5;226m[Genesis] [01:11:57] [WARNING] Filtered out geometry pairs causing self-collision for the neutral configuration (qpos0): (8, 13), (9, 13), (16, 23), (17, 22), (18, 25), (19, 24). Consider tuning Morph option 'decompose_robot_error_threshold' or specify dedicated collision meshes. This behavior can be disabled by setting Morph option 'enable_neutral_collision=True'.[0m
[38;5;159m[Genesis] [01:11:58] [INFO] Compiling simulation kernels...[0m
[38;5;159m[Genesis] [01:11:58] [INFO] Building visualizer...[0m
{"episode": 7000013, "profile": "large_narrow_carton", "success": true, "stage": "complete", "retries": 0}
[38;5;159m[Genesis] [01:12:05] [INFO] Scene [38;5;121m[3m<8ce178b>[0m[38;5;159m created.[0m
[38;5;159m[Genesis] [01:12:05] [INFO] Adding [38;5;121m<gs.engine.entities.RigidEntity>[0m[38;5;159m. idx: [38;5;121m0[0m[38;5;159m, uid: [38;5;121m[3m<9212da2>[0m[38;5;159m, morph: [38;5;121m<gs.morphs.Plane>[0m[38;5;159m, material: [38;5;121m<gs.materials.Rigid>[0m[38;5;159m.[0m
[38;5;159m[Genesis] [01:12:05] [INFO] Adding [38;5;121m<gs.engine.entities.RigidEntity>[0m[38;5;159m. idx: [38;5;121m1[0m[38;5;159m, uid: [38;5;121m[3m<29cee6e>[0m[38;5;159m, morph: [38;5;121m<gs.morphs.Box>[0m[38;5;159m, material: [38;5;121m<gs.materials.Rigid>[0m[38;5;159m.[0m
[38;5;159m[Genesis] [01:12:05] [INFO] Adding [38;5;121m<gs.engine.entities.RigidEntity>[0m[38;5;159m. idx: [38;5;121m2[0m[38;5;159m, uid: [38;5;121m[3m<00d4635>[0m[38;5;159m, morph: [38;5;121m<gs.morphs.Box>[0m[38;5;159m, material: [38;5;121m<gs.materials.Rigid>[0m[38;5;159m.[0m
[38;5;159m[Genesis] [01:12:05] [INFO] Adding [38;5;121m<gs.engine.entities.RigidEntity>[0m[38;5;159m. idx: [38;5;121m3[0m[38;5;159m, uid: [38;5;121m[3m<39d2dd5>[0m[38;5;159m, morph: [38;5;121m<gs.morphs.MJCF(file='/workspace/parcel-sorter-rocm/third_party/genesis-world/genesis/assets/xml/franka_emika_panda/panda.xml')>[0m[38;5;159m, material: [38;5;121m<gs.materials.Rigid>[0m[38;5;159m.[0m
[38;5;226m[Genesis] [01:12:05] [WARNING] (MJCF) Approximating tendon by joint actuator for `finger_joint1`[0m
[38;5;226m[Genesis] [01:12:05] [WARNING] (MJCF) Approximating tendon by joint actuator for `finger_joint2`[0m
[38;5;159m[Genesis] [01:12:05] [INFO] Adding [38;5;121m<gs.engine.entities.RigidEntity>[0m[38;5;159m. idx: [38;5;121m4[0m[38;5;159m, uid: [38;5;121m[3m<29b7045>[0m[38;5;159m, morph: [38;5;121m<gs.morphs.Box>[0m[38;5;159m, material: [38;5;121m<gs.materials.Rigid>[0m[38;5;159m.[0m
[38;5;159m[Genesis] [01:12:05] [INFO] Building scene [38;5;121m[3m<8ce178b>[0m[38;5;159m...[0m
[38;5;226m[Genesis] [01:12:05] [WARNING] Neutral robot position (qpos0) exceeds joint limits.[0m
[38;5;226m[Genesis] [01:12:05] [WARNING] Constraint solver time constant should be greater than 2*substep_dt. timeconst is changed from `0.005` to `0.00833333`). Decrease simulation timestep or increase timeconst to avoid altering the original value.[0m
[38;5;226m[Genesis] [01:12:07] [WARNING] Filtered out geometry pairs causing self-collision for the neutral configuration (qpos0): (8, 13), (9, 13), (16, 23), (17, 22), (18, 25), (19, 24). Consider tuning Morph option 'decompose_robot_error_threshold' or specify dedicated collision meshes. This behavior can be disabled by setting Morph option 'enable_neutral_collision=True'.[0m
[38;5;159m[Genesis] [01:12:07] [INFO] Compiling simulation kernels...[0m
[38;5;159m[Genesis] [01:12:07] [INFO] Building visualizer...[0m
{"episode": 7000014, "profile": "large_narrow_carton", "success": false, "stage": "abort", "retries": 1}
[38;5;159m[Genesis] [01:12:15] [INFO] Scene [38;5;121m[3m<e4e2236>[0m[38;5;159m created.[0m
[38;5;159m[Genesis] [01:12:15] [INFO] Adding [38;5;121m<gs.engine.entities.RigidEntity>[0m[38;5;159m. idx: [38;5;121m0[0m[38;5;159m, uid: [38;5;121m[3m<bf47048>[0m[38;5;159m, morph: [38;5;121m<gs.morphs.Plane>[0m[38;5;159m, material: [38;5;121m<gs.materials.Rigid>[0m[38;5;159m.[0m
[38;5;159m[Genesis] [01:12:15] [INFO] Adding [38;5;121m<gs.engine.entities.RigidEntity>[0m[38;5;159m. idx: [38;5;121m1[0m[38;5;159m, uid: [38;5;121m[3m<7393a50>[0m[38;5;159m, morph: [38;5;121m<gs.morphs.Box>[0m[38;5;159m, material: [38;5;121m<gs.materials.Rigid>[0m[38;5;159m.[0m
[38;5;159m[Genesis] [01:12:15] [INFO] Adding [38;5;121m<gs.engine.entities.RigidEntity>[0m[38;5;159m. idx: [38;5;121m2[0m[38;5;159m, uid: [38;5;121m[3m<dfeae13>[0m[38;5;159m, morph: [38;5;121m<gs.morphs.Box>[0m[38;5;159m, material: [38;5;121m<gs.materials.Rigid>[0m[38;5;159m.[0m
[38;5;159m[Genesis] [01:12:15] [INFO] Adding [38;5;121m<gs.engine.entities.RigidEntity>[0m[38;5;159m. idx: [38;5;121m3[0m[38;5;159m, uid: [38;5;121m[3m<3be2688>[0m[38;5;159m, morph: [38;5;121m<gs.morphs.MJCF(file='/workspace/parcel-sorter-rocm/third_party/genesis-world/genesis/assets/xml/franka_emika_panda/panda.xml')>[0m[38;5;159m, material: [38;5;121m<gs.materials.Rigid>[0m[38;5;159m.[0m
[38;5;226m[Genesis] [01:12:15] [WARNING] (MJCF) Approximating tendon by joint actuator for `finger_joint1`[0m
[38;5;226m[Genesis] [01:12:15] [WARNING] (MJCF) Approximating tendon by joint actuator for `finger_joint2`[0m
[38;5;159m[Genesis] [01:12:15] [INFO] Adding [38;5;121m<gs.engine.entities.RigidEntity>[0m[38;5;159m. idx: [38;5;121m4[0m[38;5;159m, uid: [38;5;121m[3m<a372c39>[0m[38;5;159m, morph: [38;5;121m<gs.morphs.Box>[0m[38;5;159m, material: [38;5;121m<gs.materials.Rigid>[0m[38;5;159m.[0m
[38;5;159m[Genesis] [01:12:15] [INFO] Building scene [38;5;121m[3m<e4e2236>[0m[38;5;159m...[0m
[38;5;226m[Genesis] [01:12:15] [WARNING] Neutral robot position (qpos0) exceeds joint limits.[0m
[38;5;226m[Genesis] [01:12:15] [WARNING] Constraint solver time constant should be greater than 2*substep_dt. timeconst is changed from `0.005` to `0.00833333`). Decrease simulation timestep or increase timeconst to avoid altering the original value.[0m
[38;5;226m[Genesis] [01:12:16] [WARNING] Filtered out geometry pairs causing self-collision for the neutral configuration (qpos0): (8, 13), (9, 13), (16, 23), (17, 22), (18, 25), (19, 24). Consider tuning Morph option 'decompose_robot_error_threshold' or specify dedicated collision meshes. This behavior can be disabled by setting Morph option 'enable_neutral_collision=True'.[0m
[38;5;159m[Genesis] [01:12:17] [INFO] Compiling simulation kernels...[0m
[38;5;159m[Genesis] [01:12:17] [INFO] Building visualizer...[0m
{"episode": 7000015, "profile": "large_narrow_carton", "success": false, "stage": "abort", "retries": 0}
[38;5;159m[Genesis] [01:12:20] [INFO] Scene [38;5;121m[3m<e8d9bb9>[0m[38;5;159m created.[0m
[38;5;159m[Genesis] [01:12:20] [INFO] Adding [38;5;121m<gs.engine.entities.RigidEntity>[0m[38;5;159m. idx: [38;5;121m0[0m[38;5;159m, uid: [38;5;121m[3m<b48882e>[0m[38;5;159m, morph: [38;5;121m<gs.morphs.Plane>[0m[38;5;159m, material: [38;5;121m<gs.materials.Rigid>[0m[38;5;159m.[0m
[38;5;159m[Genesis] [01:12:20] [INFO] Adding [38;5;121m<gs.engine.entities.RigidEntity>[0m[38;5;159m. idx: [38;5;121m1[0m[38;5;159m, uid: [38;5;121m[3m<e7b7530>[0m[38;5;159m, morph: [38;5;121m<gs.morphs.Box>[0m[38;5;159m, material: [38;5;121m<gs.materials.Rigid>[0m[38;5;159m.[0m
[38;5;159m[Genesis] [01:12:20] [INFO] Adding [38;5;121m<gs.engine.entities.RigidEntity>[0m[38;5;159m. idx: [38;5;121m2[0m[38;5;159m, uid: [38;5;121m[3m<de520cd>[0m[38;5;159m, morph: [38;5;121m<gs.morphs.Box>[0m[38;5;159m, material: [38;5;121m<gs.materials.Rigid>[0m[38;5;159m.[0m
[38;5;159m[Genesis] [01:12:20] [INFO] Adding [38;5;121m<gs.engine.entities.RigidEntity>[0m[38;5;159m. idx: [38;5;121m3[0m[38;5;159m, uid: [38;5;121m[3m<7916540>[0m[38;5;159m, morph: [38;5;121m<gs.morphs.MJCF(file='/workspace/parcel-sorter-rocm/third_party/genesis-world/genesis/assets/xml/franka_emika_panda/panda.xml')>[0m[38;5;159m, material: [38;5;121m<gs.materials.Rigid>[0m[38;5;159m.[0m
[38;5;226m[Genesis] [01:12:20] [WARNING] (MJCF) Approximating tendon by joint actuator for `finger_joint1`[0m
[38;5;226m[Genesis] [01:12:20] [WARNING] (MJCF) Approximating tendon by joint actuator for `finger_joint2`[0m
[38;5;159m[Genesis] [01:12:20] [INFO] Adding [38;5;121m<gs.engine.entities.RigidEntity>[0m[38;5;159m. idx: [38;5;121m4[0m[38;5;159m, uid: [38;5;121m[3m<0c412c4>[0m[38;5;159m, morph: [38;5;121m<gs.morphs.Box>[0m[38;5;159m, material: [38;5;121m<gs.materials.Rigid>[0m[38;5;159m.[0m
[38;5;159m[Genesis] [01:12:20] [INFO] Building scene [38;5;121m[3m<e8d9bb9>[0m[38;5;159m...[0m
[38;5;226m[Genesis] [01:12:21] [WARNING] Neutral robot position (qpos0) exceeds joint limits.[0m
[38;5;226m[Genesis] [01:12:21] [WARNING] Constraint solver time constant should be greater than 2*substep_dt. timeconst is changed from `0.005` to `0.00833333`). Decrease simulation timestep or increase timeconst to avoid altering the original value.[0m
[38;5;226m[Genesis] [01:12:22] [WARNING] Filtered out geometry pairs causing self-collision for the neutral configuration (qpos0): (8, 13), (9, 13), (16, 23), (17, 22), (18, 25), (19, 24). Consider tuning Morph option 'decompose_robot_error_threshold' or specify dedicated collision meshes. This behavior can be disabled by setting Morph option 'enable_neutral_collision=True'.[0m
[38;5;159m[Genesis] [01:12:22] [INFO] Compiling simulation kernels...[0m
[38;5;159m[Genesis] [01:12:23] [INFO] Building visualizer...[0m
{"episode": 7000016, "profile": "large_narrow_carton", "success": false, "stage": "approach", "retries": 0}
[38;5;159m[Genesis] [01:12:40] [INFO] Scene [38;5;121m[3m<a989bc9>[0m[38;5;159m created.[0m
[38;5;159m[Genesis] [01:12:40] [INFO] Adding [38;5;121m<gs.engine.entities.RigidEntity>[0m[38;5;159m. idx: [38;5;121m0[0m[38;5;159m, uid: [38;5;121m[3m<667a819>[0m[38;5;159m, morph: [38;5;121m<gs.morphs.Plane>[0m[38;5;159m, material: [38;5;121m<gs.materials.Rigid>[0m[38;5;159m.[0m
[38;5;159m[Genesis] [01:12:40] [INFO] Adding [38;5;121m<gs.engine.entities.RigidEntity>[0m[38;5;159m. idx: [38;5;121m1[0m[38;5;159m, uid: [38;5;121m[3m<7fcd568>[0m[38;5;159m, morph: [38;5;121m<gs.morphs.Box>[0m[38;5;159m, material: [38;5;121m<gs.materials.Rigid>[0m[38;5;159m.[0m
[38;5;159m[Genesis] [01:12:40] [INFO] Adding [38;5;121m<gs.engine.entities.RigidEntity>[0m[38;5;159m. idx: [38;5;121m2[0m[38;5;159m, uid: [38;5;121m[3m<941950a>[0m[38;5;159m, morph: [38;5;121m<gs.morphs.Box>[0m[38;5;159m, material: [38;5;121m<gs.materials.Rigid>[0m[38;5;159m.[0m
[38;5;159m[Genesis] [01:12:40] [INFO] Adding [38;5;121m<gs.engine.entities.RigidEntity>[0m[38;5;159m. idx: [38;5;121m3[0m[38;5;159m, uid: [38;5;121m[3m<b7e32da>[0m[38;5;159m, morph: [38;5;121m<gs.morphs.MJCF(file='/workspace/parcel-sorter-rocm/third_party/genesis-world/genesis/assets/xml/franka_emika_panda/panda.xml')>[0m[38;5;159m, material: [38;5;121m<gs.materials.Rigid>[0m[38;5;159m.[0m
[38;5;226m[Genesis] [01:12:40] [WARNING] (MJCF) Approximating tendon by joint actuator for `finger_joint1`[0m
[38;5;226m[Genesis] [01:12:40] [WARNING] (MJCF) Approximating tendon by joint actuator for `finger_joint2`[0m
[38;5;159m[Genesis] [01:12:40] [INFO] Adding [38;5;121m<gs.engine.entities.RigidEntity>[0m[38;5;159m. idx: [38;5;121m4[0m[38;5;159m, uid: [38;5;121m[3m<b3e3e0f>[0m[38;5;159m, morph: [38;5;121m<gs.morphs.Box>[0m[38;5;159m, material: [38;5;121m<gs.materials.Rigid>[0m[38;5;159m.[0m
[38;5;159m[Genesis] [01:12:40] [INFO] Building scene [38;5;121m[3m<a989bc9>[0m[38;5;159m...[0m
[38;5;226m[Genesis] [01:12:40] [WARNING] Neutral robot position (qpos0) exceeds joint limits.[0m
[38;5;226m[Genesis] [01:12:40] [WARNING] Constraint solver time constant should be greater than 2*substep_dt. timeconst is changed from `0.005` to `0.00833333`). Decrease simulation timestep or increase timeconst to avoid altering the original value.[0m
[38;5;226m[Genesis] [01:12:41] [WARNING] Filtered out geometry pairs causing self-collision for the neutral configuration (qpos0): (8, 13), (9, 13), (16, 23), (17, 22), (18, 25), (19, 24). Consider tuning Morph option 'decompose_robot_error_threshold' or specify dedicated collision meshes. This behavior can be disabled by setting Morph option 'enable_neutral_collision=True'.[0m
[38;5;159m[Genesis] [01:12:42] [INFO] Compiling simulation kernels...[0m
[38;5;159m[Genesis] [01:12:42] [INFO] Building visualizer...[0m
{"episode": 7000017, "profile": "large_narrow_carton", "success": false, "stage": "abort", "retries": 0}
[38;5;159m[Genesis] [01:12:45] [INFO] Scene [38;5;121m[3m<ca2fe9e>[0m[38;5;159m created.[0m
[38;5;159m[Genesis] [01:12:45] [INFO] Adding [38;5;121m<gs.engine.entities.RigidEntity>[0m[38;5;159m. idx: [38;5;121m0[0m[38;5;159m, uid: [38;5;121m[3m<01c795f>[0m[38;5;159m, morph: [38;5;121m<gs.morphs.Plane>[0m[38;5;159m, material: [38;5;121m<gs.materials.Rigid>[0m[38;5;159m.[0m
[38;5;159m[Genesis] [01:12:45] [INFO] Adding [38;5;121m<gs.engine.entities.RigidEntity>[0m[38;5;159m. idx: [38;5;121m1[0m[38;5;159m, uid: [38;5;121m[3m<e9e3d8f>[0m[38;5;159m, morph: [38;5;121m<gs.morphs.Box>[0m[38;5;159m, material: [38;5;121m<gs.materials.Rigid>[0m[38;5;159m.[0m
[38;5;159m[Genesis] [01:12:45] [INFO] Adding [38;5;121m<gs.engine.entities.RigidEntity>[0m[38;5;159m. idx: [38;5;121m2[0m[38;5;159m, uid: [38;5;121m[3m<b6ec45c>[0m[38;5;159m, morph: [38;5;121m<gs.morphs.Box>[0m[38;5;159m, material: [38;5;121m<gs.materials.Rigid>[0m[38;5;159m.[0m
[38;5;159m[Genesis] [01:12:45] [INFO] Adding [38;5;121m<gs.engine.entities.RigidEntity>[0m[38;5;159m. idx: [38;5;121m3[0m[38;5;159m, uid: [38;5;121m[3m<f7d1831>[0m[38;5;159m, morph: [38;5;121m<gs.morphs.MJCF(file='/workspace/parcel-sorter-rocm/third_party/genesis-world/genesis/assets/xml/franka_emika_panda/panda.xml')>[0m[38;5;159m, material: [38;5;121m<gs.materials.Rigid>[0m[38;5;159m.[0m
[38;5;226m[Genesis] [01:12:45] [WARNING] (MJCF) Approximating tendon by joint actuator for `finger_joint1`[0m
[38;5;226m[Genesis] [01:12:45] [WARNING] (MJCF) Approximating tendon by joint actuator for `finger_joint2`[0m
[38;5;159m[Genesis] [01:12:45] [INFO] Adding [38;5;121m<gs.engine.entities.RigidEntity>[0m[38;5;159m. idx: [38;5;121m4[0m[38;5;159m, uid: [38;5;121m[3m<d529784>[0m[38;5;159m, morph: [38;5;121m<gs.morphs.Box>[0m[38;5;159m, material: [38;5;121m<gs.materials.Rigid>[0m[38;5;159m.[0m
[38;5;159m[Genesis] [01:12:45] [INFO] Building scene [38;5;121m[3m<ca2fe9e>[0m[38;5;159m...[0m
[38;5;226m[Genesis] [01:12:45] [WARNING] Neutral robot position (qpos0) exceeds joint limits.[0m
[38;5;226m[Genesis] [01:12:45] [WARNING] Constraint solver time constant should be greater than 2*substep_dt. timeconst is changed from `0.005` to `0.00833333`). Decrease simulation timestep or increase timeconst to avoid altering the original value.[0m
[38;5;226m[Genesis] [01:12:46] [WARNING] Filtered out geometry pairs causing self-collision for the neutral configuration (qpos0): (8, 13), (9, 13), (16, 23), (17, 22), (18, 25), (19, 24). Consider tuning Morph option 'decompose_robot_error_threshold' or specify dedicated collision meshes. This behavior can be disabled by setting Morph option 'enable_neutral_collision=True'.[0m
[38;5;159m[Genesis] [01:12:47] [INFO] Compiling simulation kernels...[0m
[38;5;159m[Genesis] [01:12:47] [INFO] Building visualizer...[0m
{"episode": 7000018, "profile": "large_narrow_carton", "success": false, "stage": "abort", "retries": 0}
[38;5;159m[Genesis] [01:12:51] [INFO] Scene [38;5;121m[3m<4d11d8d>[0m[38;5;159m created.[0m
[38;5;159m[Genesis] [01:12:51] [INFO] Adding [38;5;121m<gs.engine.entities.RigidEntity>[0m[38;5;159m. idx: [38;5;121m0[0m[38;5;159m, uid: [38;5;121m[3m<cb941ee>[0m[38;5;159m, morph: [38;5;121m<gs.morphs.Plane>[0m[38;5;159m, material: [38;5;121m<gs.materials.Rigid>[0m[38;5;159m.[0m
[38;5;159m[Genesis] [01:12:51] [INFO] Adding [38;5;121m<gs.engine.entities.RigidEntity>[0m[38;5;159m. idx: [38;5;121m1[0m[38;5;159m, uid: [38;5;121m[3m<79beae5>[0m[38;5;159m, morph: [38;5;121m<gs.morphs.Box>[0m[38;5;159m, material: [38;5;121m<gs.materials.Rigid>[0m[38;5;159m.[0m
[38;5;159m[Genesis] [01:12:51] [INFO] Adding [38;5;121m<gs.engine.entities.RigidEntity>[0m[38;5;159m. idx: [38;5;121m2[0m[38;5;159m, uid: [38;5;121m[3m<3978794>[0m[38;5;159m, morph: [38;5;121m<gs.morphs.Box>[0m[38;5;159m, material: [38;5;121m<gs.materials.Rigid>[0m[38;5;159m.[0m
[38;5;159m[Genesis] [01:12:51] [INFO] Adding [38;5;121m<gs.engine.entities.RigidEntity>[0m[38;5;159m. idx: [38;5;121m3[0m[38;5;159m, uid: [38;5;121m[3m<619f142>[0m[38;5;159m, morph: [38;5;121m<gs.morphs.MJCF(file='/workspace/parcel-sorter-rocm/third_party/genesis-world/genesis/assets/xml/franka_emika_panda/panda.xml')>[0m[38;5;159m, material: [38;5;121m<gs.materials.Rigid>[0m[38;5;159m.[0m
[38;5;226m[Genesis] [01:12:51] [WARNING] (MJCF) Approximating tendon by joint actuator for `finger_joint1`[0m
[38;5;226m[Genesis] [01:12:51] [WARNING] (MJCF) Approximating tendon by joint actuator for `finger_joint2`[0m
[38;5;159m[Genesis] [01:12:51] [INFO] Adding [38;5;121m<gs.engine.entities.RigidEntity>[0m[38;5;159m. idx: [38;5;121m4[0m[38;5;159m, uid: [38;5;121m[3m<b8a3f3d>[0m[38;5;159m, morph: [38;5;121m<gs.morphs.Box>[0m[38;5;159m, material: [38;5;121m<gs.materials.Rigid>[0m[38;5;159m.[0m
[38;5;159m[Genesis] [01:12:51] [INFO] Building scene [38;5;121m[3m<4d11d8d>[0m[38;5;159m...[0m
[38;5;226m[Genesis] [01:12:51] [WARNING] Neutral robot position (qpos0) exceeds joint limits.[0m
[38;5;226m[Genesis] [01:12:51] [WARNING] Constraint solver time constant should be greater than 2*substep_dt. timeconst is changed from `0.005` to `0.00833333`). Decrease simulation timestep or increase timeconst to avoid altering the original value.[0m
[38;5;226m[Genesis] [01:12:53] [WARNING] Filtered out geometry pairs causing self-collision for the neutral configuration (qpos0): (8, 13), (9, 13), (16, 23), (17, 22), (18, 25), (19, 24). Consider tuning Morph option 'decompose_robot_error_threshold' or specify dedicated collision meshes. This behavior can be disabled by setting Morph option 'enable_neutral_collision=True'.[0m
[38;5;159m[Genesis] [01:12:53] [INFO] Compiling simulation kernels...[0m
[38;5;159m[Genesis] [01:12:53] [INFO] Building visualizer...[0m
{"episode": 7000019, "profile": "large_narrow_carton", "success": false, "stage": "abort", "retries": 0}
{
  "episodes": 20,
  "successes": 4,
  "success_rate": 0.2,
  "success_rate_ci95_low": 0.08065766257979806,
  "success_rate_ci95_high": 0.41601743225189364,
  "first_attempt_successes": 4,
  "first_attempt_success_rate": 0.2,
  "first_attempt_success_rate_ci95_low": 0.08065766257979806,
  "first_attempt_success_rate_ci95_high": 0.41601743225189364,
  "retry_episodes": 2,
  "recovered_episodes": 0,
  "recovery_success_rate": 0.0,
  "recovery_success_rate_ci95_low": 0.0,
  "recovery_success_rate_ci95_high": 0.6576197724933469,
  "dropped_episodes": 0,
  "drop_rate": 0.0,
  "drop_rate_ci95_low": 0.0,
  "drop_rate_ci95_high": 0.16112515805281938,
  "mean_duration_seconds": 9.29,
  "successful_parcels_per_hour": 77.502691065662,
  "mean_inference_latency_ms": 0.02400260117983554,
  "p95_inference_latency_ms": 0.02847,
  "max_contact_force_n": 85.89959716796875
}
[38;5;159m[Genesis] [01:12:58] [INFO] 💤 Exiting Genesis and caching compiled kernels...[0m
scripts/run_reset_pose_ab_rocm.sh: line 49: 963457 Segmentation fault      (core dumped) python scripts/run_expert.py --config "${CONFIG_PATH}" --backend rocm --episodes "${EPISODES}" --start-episode 0 --profile "${PROFILE}" --reset-qpos "${CANDIDATE_QPOS[@]}" --output "${CANDIDATE_ROOT}"
