Using Radeon Python environment: /workspace/rdna


============================ ROCm System Management Interface ============================
================================== Memory Usage (Bytes) ==================================
GPU[0]		: VRAM Total Memory (B): 51522830336
GPU[0]		: VRAM Total Used Memory (B): 28028928
==========================================================================================
====================================== Product Info ======================================
GPU[0]		: Card Series: 		AMD Radeon Graphics
GPU[0]		: Card Model: 		0x744b
GPU[0]		: Card Vendor: 		Advanced Micro Devices, Inc. [AMD/ATI]
GPU[0]		: Card SKU: 		D7070910
GPU[0]		: Subsystem ID: 	0x0e0c
GPU[0]		: Device Rev: 		0x00
GPU[0]		: Node ID: 		2
GPU[0]		: GUID: 		6853
GPU[0]		: GFX Version: 		gfx1100
==========================================================================================
================================== End of ROCm SMI Log ===================================
{
  "python": "3.12.3",
  "torch": "2.9.1+rocm7.2.1.gitff65f5bc",
  "rocm": "7.2.53211-e1a6bc5663",
  "device": "AMD Radeon Graphics",
  "device_count": 1
}
Radeon Cloud preflight passed.
[38;5;159m[Genesis] [16:02:54] [INFO] [38;5;121m╭───────────────────────────────────────────────╮[0m[38;5;159m[0m
[38;5;159m[Genesis] [16:02:54] [INFO] [38;5;121m│┈┉┈┉┈┉┈┉┈┉┈┉┈┉┈┉┈┉┈[0m[38;5;159m [38;5;121m[1m[3mGenesis[0m[38;5;159m [38;5;121m┈┉┈┉┈┉┈┉┈┉┈┉┈┉┈┉┈┉┈│[0m[38;5;159m[0m
[38;5;159m[Genesis] [16:02:54] [INFO] [38;5;121m╰───────────────────────────────────────────────╯[0m[38;5;159m[0m
[38;5;159m[Genesis] [16:02:55] [INFO] Running on [38;5;121m[4m[AMD Radeon Graphics][0m[38;5;159m with backend [38;5;121m[4mgs.amdgpu[0m[38;5;159m. Device memory: [38;5;121m[4m47.98[0m[38;5;159m GB.[0m
[38;5;159m[Genesis] [16:02:55] [INFO] 🚀 Genesis initialized. 🔖 version: [38;5;121m[4m1.2.3[0m[38;5;159m, 🎨 theme: [38;5;121m[4mdark[0m[38;5;159m, 🌱 seed: [38;5;121m[4m0[0m[38;5;159m, 🐛 debug: [38;5;121m[4mFalse[0m[38;5;159m, 📏 precision: [38;5;121m[4m32[0m[38;5;159m, 🔥 performance: [38;5;121m[4mFalse[0m[38;5;159m, 💬 verbose: [38;5;121m[4mINFO[0m[38;5;159m[0m
[38;5;159m[Genesis] [16:02:57] [INFO] Scene [38;5;121m[3m<0737754>[0m[38;5;159m created.[0m
[38;5;159m[Genesis] [16:02:57] [INFO] Adding [38;5;121m<gs.engine.entities.RigidEntity>[0m[38;5;159m. idx: [38;5;121m0[0m[38;5;159m, uid: [38;5;121m[3m<7f41a22>[0m[38;5;159m, morph: [38;5;121m<gs.morphs.Plane>[0m[38;5;159m, material: [38;5;121m<gs.materials.Rigid>[0m[38;5;159m.[0m
[38;5;159m[Genesis] [16:02:57] [INFO] Adding [38;5;121m<gs.engine.entities.RigidEntity>[0m[38;5;159m. idx: [38;5;121m1[0m[38;5;159m, uid: [38;5;121m[3m<ade9ef1>[0m[38;5;159m, morph: [38;5;121m<gs.morphs.Box>[0m[38;5;159m, material: [38;5;121m<gs.materials.Rigid>[0m[38;5;159m.[0m
[38;5;159m[Genesis] [16:02:57] [INFO] Adding [38;5;121m<gs.engine.entities.RigidEntity>[0m[38;5;159m. idx: [38;5;121m2[0m[38;5;159m, uid: [38;5;121m[3m<8e0cc11>[0m[38;5;159m, morph: [38;5;121m<gs.morphs.Box>[0m[38;5;159m, material: [38;5;121m<gs.materials.Rigid>[0m[38;5;159m.[0m
[38;5;159m[Genesis] [16:02:57] [INFO] Adding [38;5;121m<gs.engine.entities.RigidEntity>[0m[38;5;159m. idx: [38;5;121m3[0m[38;5;159m, uid: [38;5;121m[3m<614ece7>[0m[38;5;159m, morph: [38;5;121m<gs.morphs.MJCF(file='/workspace/parcel-sorter-rocm/third_party/genesis-world/genesis/assets/xml/franka_emika_panda/panda.xml')>[0m[38;5;159m, material: [38;5;121m<gs.materials.Rigid>[0m[38;5;159m.[0m
[38;5;226m[Genesis] [16:02:57] [WARNING] (MJCF) Approximating tendon by joint actuator for `finger_joint1`[0m
[38;5;226m[Genesis] [16:02:57] [WARNING] (MJCF) Approximating tendon by joint actuator for `finger_joint2`[0m
[38;5;159m[Genesis] [16:02:57] [INFO] Adding [38;5;121m<gs.engine.entities.RigidEntity>[0m[38;5;159m. idx: [38;5;121m4[0m[38;5;159m, uid: [38;5;121m[3m<a416874>[0m[38;5;159m, morph: [38;5;121m<gs.morphs.Box>[0m[38;5;159m, material: [38;5;121m<gs.materials.Rigid>[0m[38;5;159m.[0m
[38;5;159m[Genesis] [16:02:57] [INFO] Building scene [38;5;121m[3m<0737754>[0m[38;5;159m...[0m
[38;5;226m[Genesis] [16:02:58] [WARNING] Neutral robot position (qpos0) exceeds joint limits.[0m
[38;5;226m[Genesis] [16:02:58] [WARNING] Constraint solver time constant should be greater than 2*substep_dt. timeconst is changed from `0.005` to `0.00833333`). Decrease simulation timestep or increase timeconst to avoid altering the original value.[0m
[38;5;226m[Genesis] [16:03:00] [WARNING] Filtered out geometry pairs causing self-collision for the neutral configuration (qpos0): (8, 13), (9, 13), (16, 23), (17, 22), (18, 25), (19, 24). Consider tuning Morph option 'decompose_robot_error_threshold' or specify dedicated collision meshes. This behavior can be disabled by setting Morph option 'enable_neutral_collision=True'.[0m
[38;5;159m[Genesis] [16:03:01] [INFO] Compiling simulation kernels...[0m
[38;5;159m[Genesis] [16:03:11] [INFO] Building visualizer...[0m
{"timestamp_utc": "2026-07-25T16:03:20.533598+00:00", "run_index": 1, "repeat_index": 1, "episode_id": 5120003, "profile_id": "shoe_box_proxy", "condition": "collision-checked-reset", "condition_position": 1, "wall_seconds": 28.76210427377373, "success": false, "terminal_stage": "abort", "max_contact_force_n": 42.2443733215332, "planner_active": false}
[38;5;159m[Genesis] [16:03:20] [INFO] Scene [38;5;121m[3m<7488bd2>[0m[38;5;159m created.[0m
[38;5;159m[Genesis] [16:03:20] [INFO] Adding [38;5;121m<gs.engine.entities.RigidEntity>[0m[38;5;159m. idx: [38;5;121m0[0m[38;5;159m, uid: [38;5;121m[3m<a96d7fa>[0m[38;5;159m, morph: [38;5;121m<gs.morphs.Plane>[0m[38;5;159m, material: [38;5;121m<gs.materials.Rigid>[0m[38;5;159m.[0m
[38;5;159m[Genesis] [16:03:20] [INFO] Adding [38;5;121m<gs.engine.entities.RigidEntity>[0m[38;5;159m. idx: [38;5;121m1[0m[38;5;159m, uid: [38;5;121m[3m<97a2eff>[0m[38;5;159m, morph: [38;5;121m<gs.morphs.Box>[0m[38;5;159m, material: [38;5;121m<gs.materials.Rigid>[0m[38;5;159m.[0m
[38;5;159m[Genesis] [16:03:20] [INFO] Adding [38;5;121m<gs.engine.entities.RigidEntity>[0m[38;5;159m. idx: [38;5;121m2[0m[38;5;159m, uid: [38;5;121m[3m<71759a3>[0m[38;5;159m, morph: [38;5;121m<gs.morphs.Box>[0m[38;5;159m, material: [38;5;121m<gs.materials.Rigid>[0m[38;5;159m.[0m
[38;5;159m[Genesis] [16:03:20] [INFO] Adding [38;5;121m<gs.engine.entities.RigidEntity>[0m[38;5;159m. idx: [38;5;121m3[0m[38;5;159m, uid: [38;5;121m[3m<9cef469>[0m[38;5;159m, morph: [38;5;121m<gs.morphs.MJCF(file='/workspace/parcel-sorter-rocm/third_party/genesis-world/genesis/assets/xml/franka_emika_panda/panda.xml')>[0m[38;5;159m, material: [38;5;121m<gs.materials.Rigid>[0m[38;5;159m.[0m
[38;5;226m[Genesis] [16:03:20] [WARNING] (MJCF) Approximating tendon by joint actuator for `finger_joint1`[0m
[38;5;226m[Genesis] [16:03:20] [WARNING] (MJCF) Approximating tendon by joint actuator for `finger_joint2`[0m
[38;5;159m[Genesis] [16:03:20] [INFO] Adding [38;5;121m<gs.engine.entities.RigidEntity>[0m[38;5;159m. idx: [38;5;121m4[0m[38;5;159m, uid: [38;5;121m[3m<95c5138>[0m[38;5;159m, morph: [38;5;121m<gs.morphs.Box>[0m[38;5;159m, material: [38;5;121m<gs.materials.Rigid>[0m[38;5;159m.[0m
[38;5;159m[Genesis] [16:03:20] [INFO] Building scene [38;5;121m[3m<7488bd2>[0m[38;5;159m...[0m
[38;5;226m[Genesis] [16:03:20] [WARNING] Neutral robot position (qpos0) exceeds joint limits.[0m
[38;5;226m[Genesis] [16:03:21] [WARNING] Constraint solver time constant should be greater than 2*substep_dt. timeconst is changed from `0.005` to `0.00833333`). Decrease simulation timestep or increase timeconst to avoid altering the original value.[0m
[38;5;226m[Genesis] [16:03:22] [WARNING] Filtered out geometry pairs causing self-collision for the neutral configuration (qpos0): (8, 13), (9, 13), (16, 23), (17, 22), (18, 25), (19, 24). Consider tuning Morph option 'decompose_robot_error_threshold' or specify dedicated collision meshes. This behavior can be disabled by setting Morph option 'enable_neutral_collision=True'.[0m
[38;5;159m[Genesis] [16:03:23] [INFO] Compiling simulation kernels...[0m
[38;5;159m[Genesis] [16:03:23] [INFO] Building visualizer...[0m
[W 07/25/26 16:03:28.108 1442931] QuadrantsWarning
While compiling `_kernel_forward_kinematics_c68_0`, File "/workspace/parcel-sorter-rocm/third_party/genesis-world/genesis/engine/entities/rigid_entity/rigid_entity.py", line 3388, in _kernel_forward_kinematics:
            rigid_info.qpos[qs_idx[i_q_], envs_idx[i_b_]] = qpos[i_b_, i_q_]
            ^^^^^^^^^^^^^^^^^^^^^^^^^^^^^^^^^^^^^^^^^^^^^^^^^^^^^^^^^^^^^^^^
Assign may lose precision: f32 <- f64
{"timestamp_utc": "2026-07-25T16:03:35.285621+00:00", "run_index": 1, "repeat_index": 1, "episode_id": 5120003, "profile_id": "shoe_box_proxy", "condition": "reset-risk-gated-planner", "condition_position": 2, "wall_seconds": 14.751891356892884, "success": true, "terminal_stage": "complete", "max_contact_force_n": 29.692829132080078, "planner_active": true}
[38;5;159m[Genesis] [16:03:35] [INFO] Scene [38;5;121m[3m<551bc8f>[0m[38;5;159m created.[0m
[38;5;159m[Genesis] [16:03:35] [INFO] Adding [38;5;121m<gs.engine.entities.RigidEntity>[0m[38;5;159m. idx: [38;5;121m0[0m[38;5;159m, uid: [38;5;121m[3m<9cdfb8a>[0m[38;5;159m, morph: [38;5;121m<gs.morphs.Plane>[0m[38;5;159m, material: [38;5;121m<gs.materials.Rigid>[0m[38;5;159m.[0m
[38;5;159m[Genesis] [16:03:35] [INFO] Adding [38;5;121m<gs.engine.entities.RigidEntity>[0m[38;5;159m. idx: [38;5;121m1[0m[38;5;159m, uid: [38;5;121m[3m<3e7775f>[0m[38;5;159m, morph: [38;5;121m<gs.morphs.Box>[0m[38;5;159m, material: [38;5;121m<gs.materials.Rigid>[0m[38;5;159m.[0m
[38;5;159m[Genesis] [16:03:35] [INFO] Adding [38;5;121m<gs.engine.entities.RigidEntity>[0m[38;5;159m. idx: [38;5;121m2[0m[38;5;159m, uid: [38;5;121m[3m<e9bb7a0>[0m[38;5;159m, morph: [38;5;121m<gs.morphs.Box>[0m[38;5;159m, material: [38;5;121m<gs.materials.Rigid>[0m[38;5;159m.[0m
[38;5;159m[Genesis] [16:03:35] [INFO] Adding [38;5;121m<gs.engine.entities.RigidEntity>[0m[38;5;159m. idx: [38;5;121m3[0m[38;5;159m, uid: [38;5;121m[3m<9c36e88>[0m[38;5;159m, morph: [38;5;121m<gs.morphs.MJCF(file='/workspace/parcel-sorter-rocm/third_party/genesis-world/genesis/assets/xml/franka_emika_panda/panda.xml')>[0m[38;5;159m, material: [38;5;121m<gs.materials.Rigid>[0m[38;5;159m.[0m
[38;5;226m[Genesis] [16:03:35] [WARNING] (MJCF) Approximating tendon by joint actuator for `finger_joint1`[0m
[38;5;226m[Genesis] [16:03:35] [WARNING] (MJCF) Approximating tendon by joint actuator for `finger_joint2`[0m
[38;5;159m[Genesis] [16:03:35] [INFO] Adding [38;5;121m<gs.engine.entities.RigidEntity>[0m[38;5;159m. idx: [38;5;121m4[0m[38;5;159m, uid: [38;5;121m[3m<7650aed>[0m[38;5;159m, morph: [38;5;121m<gs.morphs.Box>[0m[38;5;159m, material: [38;5;121m<gs.materials.Rigid>[0m[38;5;159m.[0m
[38;5;159m[Genesis] [16:03:35] [INFO] Building scene [38;5;121m[3m<551bc8f>[0m[38;5;159m...[0m
[38;5;226m[Genesis] [16:03:35] [WARNING] Neutral robot position (qpos0) exceeds joint limits.[0m
[38;5;226m[Genesis] [16:03:35] [WARNING] Constraint solver time constant should be greater than 2*substep_dt. timeconst is changed from `0.005` to `0.00833333`). Decrease simulation timestep or increase timeconst to avoid altering the original value.[0m
[38;5;226m[Genesis] [16:03:36] [WARNING] Filtered out geometry pairs causing self-collision for the neutral configuration (qpos0): (8, 13), (9, 13), (16, 23), (17, 22), (18, 25), (19, 24). Consider tuning Morph option 'decompose_robot_error_threshold' or specify dedicated collision meshes. This behavior can be disabled by setting Morph option 'enable_neutral_collision=True'.[0m
[38;5;159m[Genesis] [16:03:37] [INFO] Compiling simulation kernels...[0m
[38;5;159m[Genesis] [16:03:37] [INFO] Building visualizer...[0m
{"timestamp_utc": "2026-07-25T16:03:44.287375+00:00", "run_index": 2, "repeat_index": 2, "episode_id": 5120000, "profile_id": "shoe_box_proxy", "condition": "reset-risk-gated-planner", "condition_position": 1, "wall_seconds": 9.001624311786145, "success": false, "terminal_stage": "abort", "max_contact_force_n": 35.37921142578125, "planner_active": false}
[38;5;159m[Genesis] [16:03:44] [INFO] Scene [38;5;121m[3m<c33a6b5>[0m[38;5;159m created.[0m
[38;5;159m[Genesis] [16:03:44] [INFO] Adding [38;5;121m<gs.engine.entities.RigidEntity>[0m[38;5;159m. idx: [38;5;121m0[0m[38;5;159m, uid: [38;5;121m[3m<33c66c7>[0m[38;5;159m, morph: [38;5;121m<gs.morphs.Plane>[0m[38;5;159m, material: [38;5;121m<gs.materials.Rigid>[0m[38;5;159m.[0m
[38;5;159m[Genesis] [16:03:44] [INFO] Adding [38;5;121m<gs.engine.entities.RigidEntity>[0m[38;5;159m. idx: [38;5;121m1[0m[38;5;159m, uid: [38;5;121m[3m<6bb662c>[0m[38;5;159m, morph: [38;5;121m<gs.morphs.Box>[0m[38;5;159m, material: [38;5;121m<gs.materials.Rigid>[0m[38;5;159m.[0m
[38;5;159m[Genesis] [16:03:44] [INFO] Adding [38;5;121m<gs.engine.entities.RigidEntity>[0m[38;5;159m. idx: [38;5;121m2[0m[38;5;159m, uid: [38;5;121m[3m<e886aab>[0m[38;5;159m, morph: [38;5;121m<gs.morphs.Box>[0m[38;5;159m, material: [38;5;121m<gs.materials.Rigid>[0m[38;5;159m.[0m
[38;5;159m[Genesis] [16:03:44] [INFO] Adding [38;5;121m<gs.engine.entities.RigidEntity>[0m[38;5;159m. idx: [38;5;121m3[0m[38;5;159m, uid: [38;5;121m[3m<91dca4c>[0m[38;5;159m, morph: [38;5;121m<gs.morphs.MJCF(file='/workspace/parcel-sorter-rocm/third_party/genesis-world/genesis/assets/xml/franka_emika_panda/panda.xml')>[0m[38;5;159m, material: [38;5;121m<gs.materials.Rigid>[0m[38;5;159m.[0m
[38;5;226m[Genesis] [16:03:44] [WARNING] (MJCF) Approximating tendon by joint actuator for `finger_joint1`[0m
[38;5;226m[Genesis] [16:03:44] [WARNING] (MJCF) Approximating tendon by joint actuator for `finger_joint2`[0m
[38;5;159m[Genesis] [16:03:44] [INFO] Adding [38;5;121m<gs.engine.entities.RigidEntity>[0m[38;5;159m. idx: [38;5;121m4[0m[38;5;159m, uid: [38;5;121m[3m<286b24f>[0m[38;5;159m, morph: [38;5;121m<gs.morphs.Box>[0m[38;5;159m, material: [38;5;121m<gs.materials.Rigid>[0m[38;5;159m.[0m
[38;5;159m[Genesis] [16:03:44] [INFO] Building scene [38;5;121m[3m<c33a6b5>[0m[38;5;159m...[0m
[38;5;226m[Genesis] [16:03:44] [WARNING] Neutral robot position (qpos0) exceeds joint limits.[0m
[38;5;226m[Genesis] [16:03:44] [WARNING] Constraint solver time constant should be greater than 2*substep_dt. timeconst is changed from `0.005` to `0.00833333`). Decrease simulation timestep or increase timeconst to avoid altering the original value.[0m
[38;5;226m[Genesis] [16:03:45] [WARNING] Filtered out geometry pairs causing self-collision for the neutral configuration (qpos0): (8, 13), (9, 13), (16, 23), (17, 22), (18, 25), (19, 24). Consider tuning Morph option 'decompose_robot_error_threshold' or specify dedicated collision meshes. This behavior can be disabled by setting Morph option 'enable_neutral_collision=True'.[0m
[38;5;159m[Genesis] [16:03:46] [INFO] Compiling simulation kernels...[0m
[38;5;159m[Genesis] [16:03:46] [INFO] Building visualizer...[0m
{"timestamp_utc": "2026-07-25T16:03:54.623451+00:00", "run_index": 2, "repeat_index": 2, "episode_id": 5120000, "profile_id": "shoe_box_proxy", "condition": "collision-checked-reset", "condition_position": 2, "wall_seconds": 10.335988908074796, "success": true, "terminal_stage": "complete", "max_contact_force_n": 13.94047737121582, "planner_active": false}
[38;5;159m[Genesis] [16:03:54] [INFO] Scene [38;5;121m[3m<89a216c>[0m[38;5;159m created.[0m
[38;5;159m[Genesis] [16:03:54] [INFO] Adding [38;5;121m<gs.engine.entities.RigidEntity>[0m[38;5;159m. idx: [38;5;121m0[0m[38;5;159m, uid: [38;5;121m[3m<2ed6dba>[0m[38;5;159m, morph: [38;5;121m<gs.morphs.Plane>[0m[38;5;159m, material: [38;5;121m<gs.materials.Rigid>[0m[38;5;159m.[0m
[38;5;159m[Genesis] [16:03:54] [INFO] Adding [38;5;121m<gs.engine.entities.RigidEntity>[0m[38;5;159m. idx: [38;5;121m1[0m[38;5;159m, uid: [38;5;121m[3m<83794cd>[0m[38;5;159m, morph: [38;5;121m<gs.morphs.Box>[0m[38;5;159m, material: [38;5;121m<gs.materials.Rigid>[0m[38;5;159m.[0m
[38;5;159m[Genesis] [16:03:54] [INFO] Adding [38;5;121m<gs.engine.entities.RigidEntity>[0m[38;5;159m. idx: [38;5;121m2[0m[38;5;159m, uid: [38;5;121m[3m<694d000>[0m[38;5;159m, morph: [38;5;121m<gs.morphs.Box>[0m[38;5;159m, material: [38;5;121m<gs.materials.Rigid>[0m[38;5;159m.[0m
[38;5;159m[Genesis] [16:03:54] [INFO] Adding [38;5;121m<gs.engine.entities.RigidEntity>[0m[38;5;159m. idx: [38;5;121m3[0m[38;5;159m, uid: [38;5;121m[3m<a786b81>[0m[38;5;159m, morph: [38;5;121m<gs.morphs.MJCF(file='/workspace/parcel-sorter-rocm/third_party/genesis-world/genesis/assets/xml/franka_emika_panda/panda.xml')>[0m[38;5;159m, material: [38;5;121m<gs.materials.Rigid>[0m[38;5;159m.[0m
[38;5;226m[Genesis] [16:03:54] [WARNING] (MJCF) Approximating tendon by joint actuator for `finger_joint1`[0m
[38;5;226m[Genesis] [16:03:54] [WARNING] (MJCF) Approximating tendon by joint actuator for `finger_joint2`[0m
[38;5;159m[Genesis] [16:03:54] [INFO] Adding [38;5;121m<gs.engine.entities.RigidEntity>[0m[38;5;159m. idx: [38;5;121m4[0m[38;5;159m, uid: [38;5;121m[3m<72bf359>[0m[38;5;159m, morph: [38;5;121m<gs.morphs.Box>[0m[38;5;159m, material: [38;5;121m<gs.materials.Rigid>[0m[38;5;159m.[0m
[38;5;159m[Genesis] [16:03:54] [INFO] Building scene [38;5;121m[3m<89a216c>[0m[38;5;159m...[0m
[38;5;226m[Genesis] [16:03:55] [WARNING] Neutral robot position (qpos0) exceeds joint limits.[0m
[38;5;226m[Genesis] [16:03:55] [WARNING] Constraint solver time constant should be greater than 2*substep_dt. timeconst is changed from `0.005` to `0.00833333`). Decrease simulation timestep or increase timeconst to avoid altering the original value.[0m
[38;5;226m[Genesis] [16:03:56] [WARNING] Filtered out geometry pairs causing self-collision for the neutral configuration (qpos0): (8, 13), (9, 13), (16, 23), (17, 22), (18, 25), (19, 24). Consider tuning Morph option 'decompose_robot_error_threshold' or specify dedicated collision meshes. This behavior can be disabled by setting Morph option 'enable_neutral_collision=True'.[0m
[38;5;159m[Genesis] [16:03:56] [INFO] Compiling simulation kernels...[0m
[38;5;159m[Genesis] [16:03:57] [INFO] Building visualizer...[0m
{"timestamp_utc": "2026-07-25T16:04:12.739127+00:00", "run_index": 3, "repeat_index": 3, "episode_id": 5120000, "profile_id": "shoe_box_proxy", "condition": "collision-checked-reset", "condition_position": 1, "wall_seconds": 18.115570441819727, "success": false, "terminal_stage": "abort", "max_contact_force_n": 60.2957878112793, "planner_active": false}
[38;5;159m[Genesis] [16:04:12] [INFO] Scene [38;5;121m[3m<c1b245c>[0m[38;5;159m created.[0m
[38;5;159m[Genesis] [16:04:12] [INFO] Adding [38;5;121m<gs.engine.entities.RigidEntity>[0m[38;5;159m. idx: [38;5;121m0[0m[38;5;159m, uid: [38;5;121m[3m<132ba15>[0m[38;5;159m, morph: [38;5;121m<gs.morphs.Plane>[0m[38;5;159m, material: [38;5;121m<gs.materials.Rigid>[0m[38;5;159m.[0m
[38;5;159m[Genesis] [16:04:12] [INFO] Adding [38;5;121m<gs.engine.entities.RigidEntity>[0m[38;5;159m. idx: [38;5;121m1[0m[38;5;159m, uid: [38;5;121m[3m<f453bb9>[0m[38;5;159m, morph: [38;5;121m<gs.morphs.Box>[0m[38;5;159m, material: [38;5;121m<gs.materials.Rigid>[0m[38;5;159m.[0m
[38;5;159m[Genesis] [16:04:12] [INFO] Adding [38;5;121m<gs.engine.entities.RigidEntity>[0m[38;5;159m. idx: [38;5;121m2[0m[38;5;159m, uid: [38;5;121m[3m<1b583bf>[0m[38;5;159m, morph: [38;5;121m<gs.morphs.Box>[0m[38;5;159m, material: [38;5;121m<gs.materials.Rigid>[0m[38;5;159m.[0m
[38;5;159m[Genesis] [16:04:12] [INFO] Adding [38;5;121m<gs.engine.entities.RigidEntity>[0m[38;5;159m. idx: [38;5;121m3[0m[38;5;159m, uid: [38;5;121m[3m<f53fe01>[0m[38;5;159m, morph: [38;5;121m<gs.morphs.MJCF(file='/workspace/parcel-sorter-rocm/third_party/genesis-world/genesis/assets/xml/franka_emika_panda/panda.xml')>[0m[38;5;159m, material: [38;5;121m<gs.materials.Rigid>[0m[38;5;159m.[0m
[38;5;226m[Genesis] [16:04:13] [WARNING] (MJCF) Approximating tendon by joint actuator for `finger_joint1`[0m
[38;5;226m[Genesis] [16:04:13] [WARNING] (MJCF) Approximating tendon by joint actuator for `finger_joint2`[0m
[38;5;159m[Genesis] [16:04:13] [INFO] Adding [38;5;121m<gs.engine.entities.RigidEntity>[0m[38;5;159m. idx: [38;5;121m4[0m[38;5;159m, uid: [38;5;121m[3m<6095ece>[0m[38;5;159m, morph: [38;5;121m<gs.morphs.Box>[0m[38;5;159m, material: [38;5;121m<gs.materials.Rigid>[0m[38;5;159m.[0m
[38;5;159m[Genesis] [16:04:13] [INFO] Building scene [38;5;121m[3m<c1b245c>[0m[38;5;159m...[0m
[38;5;226m[Genesis] [16:04:13] [WARNING] Neutral robot position (qpos0) exceeds joint limits.[0m
[38;5;226m[Genesis] [16:04:13] [WARNING] Constraint solver time constant should be greater than 2*substep_dt. timeconst is changed from `0.005` to `0.00833333`). Decrease simulation timestep or increase timeconst to avoid altering the original value.[0m
[38;5;226m[Genesis] [16:04:14] [WARNING] Filtered out geometry pairs causing self-collision for the neutral configuration (qpos0): (8, 13), (9, 13), (16, 23), (17, 22), (18, 25), (19, 24). Consider tuning Morph option 'decompose_robot_error_threshold' or specify dedicated collision meshes. This behavior can be disabled by setting Morph option 'enable_neutral_collision=True'.[0m
[38;5;159m[Genesis] [16:04:15] [INFO] Compiling simulation kernels...[0m
[38;5;159m[Genesis] [16:04:15] [INFO] Building visualizer...[0m
{"timestamp_utc": "2026-07-25T16:04:24.281062+00:00", "run_index": 3, "repeat_index": 3, "episode_id": 5120000, "profile_id": "shoe_box_proxy", "condition": "reset-risk-gated-planner", "condition_position": 2, "wall_seconds": 11.541827940847725, "success": false, "terminal_stage": "abort", "max_contact_force_n": 50.559852600097656, "planner_active": false}
[38;5;159m[Genesis] [16:04:24] [INFO] Scene [38;5;121m[3m<887663e>[0m[38;5;159m created.[0m
[38;5;159m[Genesis] [16:04:24] [INFO] Adding [38;5;121m<gs.engine.entities.RigidEntity>[0m[38;5;159m. idx: [38;5;121m0[0m[38;5;159m, uid: [38;5;121m[3m<904fd2e>[0m[38;5;159m, morph: [38;5;121m<gs.morphs.Plane>[0m[38;5;159m, material: [38;5;121m<gs.materials.Rigid>[0m[38;5;159m.[0m
[38;5;159m[Genesis] [16:04:24] [INFO] Adding [38;5;121m<gs.engine.entities.RigidEntity>[0m[38;5;159m. idx: [38;5;121m1[0m[38;5;159m, uid: [38;5;121m[3m<5e72019>[0m[38;5;159m, morph: [38;5;121m<gs.morphs.Box>[0m[38;5;159m, material: [38;5;121m<gs.materials.Rigid>[0m[38;5;159m.[0m
[38;5;159m[Genesis] [16:04:24] [INFO] Adding [38;5;121m<gs.engine.entities.RigidEntity>[0m[38;5;159m. idx: [38;5;121m2[0m[38;5;159m, uid: [38;5;121m[3m<f7239e3>[0m[38;5;159m, morph: [38;5;121m<gs.morphs.Box>[0m[38;5;159m, material: [38;5;121m<gs.materials.Rigid>[0m[38;5;159m.[0m
[38;5;159m[Genesis] [16:04:24] [INFO] Adding [38;5;121m<gs.engine.entities.RigidEntity>[0m[38;5;159m. idx: [38;5;121m3[0m[38;5;159m, uid: [38;5;121m[3m<e446e23>[0m[38;5;159m, morph: [38;5;121m<gs.morphs.MJCF(file='/workspace/parcel-sorter-rocm/third_party/genesis-world/genesis/assets/xml/franka_emika_panda/panda.xml')>[0m[38;5;159m, material: [38;5;121m<gs.materials.Rigid>[0m[38;5;159m.[0m
[38;5;226m[Genesis] [16:04:24] [WARNING] (MJCF) Approximating tendon by joint actuator for `finger_joint1`[0m
[38;5;226m[Genesis] [16:04:24] [WARNING] (MJCF) Approximating tendon by joint actuator for `finger_joint2`[0m
[38;5;159m[Genesis] [16:04:24] [INFO] Adding [38;5;121m<gs.engine.entities.RigidEntity>[0m[38;5;159m. idx: [38;5;121m4[0m[38;5;159m, uid: [38;5;121m[3m<a302852>[0m[38;5;159m, morph: [38;5;121m<gs.morphs.Box>[0m[38;5;159m, material: [38;5;121m<gs.materials.Rigid>[0m[38;5;159m.[0m
[38;5;159m[Genesis] [16:04:24] [INFO] Building scene [38;5;121m[3m<887663e>[0m[38;5;159m...[0m
[38;5;226m[Genesis] [16:04:24] [WARNING] Neutral robot position (qpos0) exceeds joint limits.[0m
[38;5;226m[Genesis] [16:04:25] [WARNING] Constraint solver time constant should be greater than 2*substep_dt. timeconst is changed from `0.005` to `0.00833333`). Decrease simulation timestep or increase timeconst to avoid altering the original value.[0m
[38;5;226m[Genesis] [16:04:26] [WARNING] Filtered out geometry pairs causing self-collision for the neutral configuration (qpos0): (8, 13), (9, 13), (16, 23), (17, 22), (18, 25), (19, 24). Consider tuning Morph option 'decompose_robot_error_threshold' or specify dedicated collision meshes. This behavior can be disabled by setting Morph option 'enable_neutral_collision=True'.[0m
[38;5;159m[Genesis] [16:04:26] [INFO] Compiling simulation kernels...[0m
[38;5;159m[Genesis] [16:04:27] [INFO] Building visualizer...[0m
{"timestamp_utc": "2026-07-25T16:04:33.928125+00:00", "run_index": 4, "repeat_index": 4, "episode_id": 4120001, "profile_id": "medium_carton", "condition": "collision-checked-reset", "condition_position": 1, "wall_seconds": 9.646928858011961, "success": true, "terminal_stage": "complete", "max_contact_force_n": 5.371088981628418, "planner_active": false}
[38;5;159m[Genesis] [16:04:33] [INFO] Scene [38;5;121m[3m<e96ffa9>[0m[38;5;159m created.[0m
[38;5;159m[Genesis] [16:04:33] [INFO] Adding [38;5;121m<gs.engine.entities.RigidEntity>[0m[38;5;159m. idx: [38;5;121m0[0m[38;5;159m, uid: [38;5;121m[3m<416cfe0>[0m[38;5;159m, morph: [38;5;121m<gs.morphs.Plane>[0m[38;5;159m, material: [38;5;121m<gs.materials.Rigid>[0m[38;5;159m.[0m
[38;5;159m[Genesis] [16:04:33] [INFO] Adding [38;5;121m<gs.engine.entities.RigidEntity>[0m[38;5;159m. idx: [38;5;121m1[0m[38;5;159m, uid: [38;5;121m[3m<70f95eb>[0m[38;5;159m, morph: [38;5;121m<gs.morphs.Box>[0m[38;5;159m, material: [38;5;121m<gs.materials.Rigid>[0m[38;5;159m.[0m
[38;5;159m[Genesis] [16:04:33] [INFO] Adding [38;5;121m<gs.engine.entities.RigidEntity>[0m[38;5;159m. idx: [38;5;121m2[0m[38;5;159m, uid: [38;5;121m[3m<a71eb5f>[0m[38;5;159m, morph: [38;5;121m<gs.morphs.Box>[0m[38;5;159m, material: [38;5;121m<gs.materials.Rigid>[0m[38;5;159m.[0m
[38;5;159m[Genesis] [16:04:33] [INFO] Adding [38;5;121m<gs.engine.entities.RigidEntity>[0m[38;5;159m. idx: [38;5;121m3[0m[38;5;159m, uid: [38;5;121m[3m<3a785c4>[0m[38;5;159m, morph: [38;5;121m<gs.morphs.MJCF(file='/workspace/parcel-sorter-rocm/third_party/genesis-world/genesis/assets/xml/franka_emika_panda/panda.xml')>[0m[38;5;159m, material: [38;5;121m<gs.materials.Rigid>[0m[38;5;159m.[0m
[38;5;226m[Genesis] [16:04:34] [WARNING] (MJCF) Approximating tendon by joint actuator for `finger_joint1`[0m
[38;5;226m[Genesis] [16:04:34] [WARNING] (MJCF) Approximating tendon by joint actuator for `finger_joint2`[0m
[38;5;159m[Genesis] [16:04:34] [INFO] Adding [38;5;121m<gs.engine.entities.RigidEntity>[0m[38;5;159m. idx: [38;5;121m4[0m[38;5;159m, uid: [38;5;121m[3m<f75a970>[0m[38;5;159m, morph: [38;5;121m<gs.morphs.Box>[0m[38;5;159m, material: [38;5;121m<gs.materials.Rigid>[0m[38;5;159m.[0m
[38;5;159m[Genesis] [16:04:34] [INFO] Building scene [38;5;121m[3m<e96ffa9>[0m[38;5;159m...[0m
[38;5;226m[Genesis] [16:04:34] [WARNING] Neutral robot position (qpos0) exceeds joint limits.[0m
[38;5;226m[Genesis] [16:04:34] [WARNING] Constraint solver time constant should be greater than 2*substep_dt. timeconst is changed from `0.005` to `0.00833333`). Decrease simulation timestep or increase timeconst to avoid altering the original value.[0m
[38;5;226m[Genesis] [16:04:35] [WARNING] Filtered out geometry pairs causing self-collision for the neutral configuration (qpos0): (8, 13), (9, 13), (16, 23), (17, 22), (18, 25), (19, 24). Consider tuning Morph option 'decompose_robot_error_threshold' or specify dedicated collision meshes. This behavior can be disabled by setting Morph option 'enable_neutral_collision=True'.[0m
[38;5;159m[Genesis] [16:04:36] [INFO] Compiling simulation kernels...[0m
[38;5;159m[Genesis] [16:04:36] [INFO] Building visualizer...[0m
[W 07/25/26 16:04:39.881 1442931] QuadrantsWarning
While compiling `_kernel_forward_kinematics_c68_1`, File "/workspace/parcel-sorter-rocm/third_party/genesis-world/genesis/engine/entities/rigid_entity/rigid_entity.py", line 3388, in _kernel_forward_kinematics:
            rigid_info.qpos[qs_idx[i_q_], envs_idx[i_b_]] = qpos[i_b_, i_q_]
            ^^^^^^^^^^^^^^^^^^^^^^^^^^^^^^^^^^^^^^^^^^^^^^^^^^^^^^^^^^^^^^^^
Assign may lose precision: f32 <- f64
{"timestamp_utc": "2026-07-25T16:04:47.813745+00:00", "run_index": 4, "repeat_index": 4, "episode_id": 4120001, "profile_id": "medium_carton", "condition": "reset-risk-gated-planner", "condition_position": 2, "wall_seconds": 13.885512223932892, "success": false, "terminal_stage": "abort", "max_contact_force_n": 159.27162170410156, "planner_active": true}
[38;5;159m[Genesis] [16:04:47] [INFO] Scene [38;5;121m[3m<d7cac97>[0m[38;5;159m created.[0m
[38;5;159m[Genesis] [16:04:47] [INFO] Adding [38;5;121m<gs.engine.entities.RigidEntity>[0m[38;5;159m. idx: [38;5;121m0[0m[38;5;159m, uid: [38;5;121m[3m<e126a34>[0m[38;5;159m, morph: [38;5;121m<gs.morphs.Plane>[0m[38;5;159m, material: [38;5;121m<gs.materials.Rigid>[0m[38;5;159m.[0m
[38;5;159m[Genesis] [16:04:47] [INFO] Adding [38;5;121m<gs.engine.entities.RigidEntity>[0m[38;5;159m. idx: [38;5;121m1[0m[38;5;159m, uid: [38;5;121m[3m<0f3e931>[0m[38;5;159m, morph: [38;5;121m<gs.morphs.Box>[0m[38;5;159m, material: [38;5;121m<gs.materials.Rigid>[0m[38;5;159m.[0m
[38;5;159m[Genesis] [16:04:47] [INFO] Adding [38;5;121m<gs.engine.entities.RigidEntity>[0m[38;5;159m. idx: [38;5;121m2[0m[38;5;159m, uid: [38;5;121m[3m<bf7b2be>[0m[38;5;159m, morph: [38;5;121m<gs.morphs.Box>[0m[38;5;159m, material: [38;5;121m<gs.materials.Rigid>[0m[38;5;159m.[0m
[38;5;159m[Genesis] [16:04:47] [INFO] Adding [38;5;121m<gs.engine.entities.RigidEntity>[0m[38;5;159m. idx: [38;5;121m3[0m[38;5;159m, uid: [38;5;121m[3m<cad73ab>[0m[38;5;159m, morph: [38;5;121m<gs.morphs.MJCF(file='/workspace/parcel-sorter-rocm/third_party/genesis-world/genesis/assets/xml/franka_emika_panda/panda.xml')>[0m[38;5;159m, material: [38;5;121m<gs.materials.Rigid>[0m[38;5;159m.[0m
[38;5;226m[Genesis] [16:04:48] [WARNING] (MJCF) Approximating tendon by joint actuator for `finger_joint1`[0m
[38;5;226m[Genesis] [16:04:48] [WARNING] (MJCF) Approximating tendon by joint actuator for `finger_joint2`[0m
[38;5;159m[Genesis] [16:04:48] [INFO] Adding [38;5;121m<gs.engine.entities.RigidEntity>[0m[38;5;159m. idx: [38;5;121m4[0m[38;5;159m, uid: [38;5;121m[3m<26b6bc6>[0m[38;5;159m, morph: [38;5;121m<gs.morphs.Box>[0m[38;5;159m, material: [38;5;121m<gs.materials.Rigid>[0m[38;5;159m.[0m
[38;5;159m[Genesis] [16:04:48] [INFO] Building scene [38;5;121m[3m<d7cac97>[0m[38;5;159m...[0m
[38;5;226m[Genesis] [16:04:48] [WARNING] Neutral robot position (qpos0) exceeds joint limits.[0m
[38;5;226m[Genesis] [16:04:48] [WARNING] Constraint solver time constant should be greater than 2*substep_dt. timeconst is changed from `0.005` to `0.00833333`). Decrease simulation timestep or increase timeconst to avoid altering the original value.[0m
[38;5;226m[Genesis] [16:04:49] [WARNING] Filtered out geometry pairs causing self-collision for the neutral configuration (qpos0): (8, 13), (9, 13), (16, 23), (17, 22), (18, 25), (19, 24). Consider tuning Morph option 'decompose_robot_error_threshold' or specify dedicated collision meshes. This behavior can be disabled by setting Morph option 'enable_neutral_collision=True'.[0m
[38;5;159m[Genesis] [16:04:50] [INFO] Compiling simulation kernels...[0m
[38;5;159m[Genesis] [16:04:50] [INFO] Building visualizer...[0m
[W 07/25/26 16:04:53.760 1442931] QuadrantsWarning
While compiling `_kernel_forward_kinematics_c68_2`, File "/workspace/parcel-sorter-rocm/third_party/genesis-world/genesis/engine/entities/rigid_entity/rigid_entity.py", line 3388, in _kernel_forward_kinematics:
            rigid_info.qpos[qs_idx[i_q_], envs_idx[i_b_]] = qpos[i_b_, i_q_]
            ^^^^^^^^^^^^^^^^^^^^^^^^^^^^^^^^^^^^^^^^^^^^^^^^^^^^^^^^^^^^^^^^
Assign may lose precision: f32 <- f64
{"timestamp_utc": "2026-07-25T16:05:01.386528+00:00", "run_index": 5, "repeat_index": 2, "episode_id": 4120001, "profile_id": "medium_carton", "condition": "reset-risk-gated-planner", "condition_position": 1, "wall_seconds": 13.572689520195127, "success": false, "terminal_stage": "abort", "max_contact_force_n": 159.27162170410156, "planner_active": true}
[38;5;159m[Genesis] [16:05:01] [INFO] Scene [38;5;121m[3m<30519fc>[0m[38;5;159m created.[0m
[38;5;159m[Genesis] [16:05:01] [INFO] Adding [38;5;121m<gs.engine.entities.RigidEntity>[0m[38;5;159m. idx: [38;5;121m0[0m[38;5;159m, uid: [38;5;121m[3m<6ef0d99>[0m[38;5;159m, morph: [38;5;121m<gs.morphs.Plane>[0m[38;5;159m, material: [38;5;121m<gs.materials.Rigid>[0m[38;5;159m.[0m
[38;5;159m[Genesis] [16:05:01] [INFO] Adding [38;5;121m<gs.engine.entities.RigidEntity>[0m[38;5;159m. idx: [38;5;121m1[0m[38;5;159m, uid: [38;5;121m[3m<f7f77d9>[0m[38;5;159m, morph: [38;5;121m<gs.morphs.Box>[0m[38;5;159m, material: [38;5;121m<gs.materials.Rigid>[0m[38;5;159m.[0m
[38;5;159m[Genesis] [16:05:01] [INFO] Adding [38;5;121m<gs.engine.entities.RigidEntity>[0m[38;5;159m. idx: [38;5;121m2[0m[38;5;159m, uid: [38;5;121m[3m<77b6b92>[0m[38;5;159m, morph: [38;5;121m<gs.morphs.Box>[0m[38;5;159m, material: [38;5;121m<gs.materials.Rigid>[0m[38;5;159m.[0m
[38;5;159m[Genesis] [16:05:01] [INFO] Adding [38;5;121m<gs.engine.entities.RigidEntity>[0m[38;5;159m. idx: [38;5;121m3[0m[38;5;159m, uid: [38;5;121m[3m<58c9e68>[0m[38;5;159m, morph: [38;5;121m<gs.morphs.MJCF(file='/workspace/parcel-sorter-rocm/third_party/genesis-world/genesis/assets/xml/franka_emika_panda/panda.xml')>[0m[38;5;159m, material: [38;5;121m<gs.materials.Rigid>[0m[38;5;159m.[0m
[38;5;226m[Genesis] [16:05:01] [WARNING] (MJCF) Approximating tendon by joint actuator for `finger_joint1`[0m
[38;5;226m[Genesis] [16:05:01] [WARNING] (MJCF) Approximating tendon by joint actuator for `finger_joint2`[0m
[38;5;159m[Genesis] [16:05:01] [INFO] Adding [38;5;121m<gs.engine.entities.RigidEntity>[0m[38;5;159m. idx: [38;5;121m4[0m[38;5;159m, uid: [38;5;121m[3m<0af8527>[0m[38;5;159m, morph: [38;5;121m<gs.morphs.Box>[0m[38;5;159m, material: [38;5;121m<gs.materials.Rigid>[0m[38;5;159m.[0m
[38;5;159m[Genesis] [16:05:01] [INFO] Building scene [38;5;121m[3m<30519fc>[0m[38;5;159m...[0m
[38;5;226m[Genesis] [16:05:01] [WARNING] Neutral robot position (qpos0) exceeds joint limits.[0m
[38;5;226m[Genesis] [16:05:01] [WARNING] Constraint solver time constant should be greater than 2*substep_dt. timeconst is changed from `0.005` to `0.00833333`). Decrease simulation timestep or increase timeconst to avoid altering the original value.[0m
[38;5;226m[Genesis] [16:05:02] [WARNING] Filtered out geometry pairs causing self-collision for the neutral configuration (qpos0): (8, 13), (9, 13), (16, 23), (17, 22), (18, 25), (19, 24). Consider tuning Morph option 'decompose_robot_error_threshold' or specify dedicated collision meshes. This behavior can be disabled by setting Morph option 'enable_neutral_collision=True'.[0m
[38;5;159m[Genesis] [16:05:03] [INFO] Compiling simulation kernels...[0m
[38;5;159m[Genesis] [16:05:03] [INFO] Building visualizer...[0m
{"timestamp_utc": "2026-07-25T16:05:11.029398+00:00", "run_index": 5, "repeat_index": 2, "episode_id": 4120001, "profile_id": "medium_carton", "condition": "collision-checked-reset", "condition_position": 2, "wall_seconds": 9.64276599790901, "success": true, "terminal_stage": "complete", "max_contact_force_n": 5.371088981628418, "planner_active": false}
[38;5;159m[Genesis] [16:05:11] [INFO] Scene [38;5;121m[3m<6c5d427>[0m[38;5;159m created.[0m
[38;5;159m[Genesis] [16:05:11] [INFO] Adding [38;5;121m<gs.engine.entities.RigidEntity>[0m[38;5;159m. idx: [38;5;121m0[0m[38;5;159m, uid: [38;5;121m[3m<e23b4cd>[0m[38;5;159m, morph: [38;5;121m<gs.morphs.Plane>[0m[38;5;159m, material: [38;5;121m<gs.materials.Rigid>[0m[38;5;159m.[0m
[38;5;159m[Genesis] [16:05:11] [INFO] Adding [38;5;121m<gs.engine.entities.RigidEntity>[0m[38;5;159m. idx: [38;5;121m1[0m[38;5;159m, uid: [38;5;121m[3m<b739d9e>[0m[38;5;159m, morph: [38;5;121m<gs.morphs.Box>[0m[38;5;159m, material: [38;5;121m<gs.materials.Rigid>[0m[38;5;159m.[0m
[38;5;159m[Genesis] [16:05:11] [INFO] Adding [38;5;121m<gs.engine.entities.RigidEntity>[0m[38;5;159m. idx: [38;5;121m2[0m[38;5;159m, uid: [38;5;121m[3m<836fdf6>[0m[38;5;159m, morph: [38;5;121m<gs.morphs.Box>[0m[38;5;159m, material: [38;5;121m<gs.materials.Rigid>[0m[38;5;159m.[0m
[38;5;159m[Genesis] [16:05:11] [INFO] Adding [38;5;121m<gs.engine.entities.RigidEntity>[0m[38;5;159m. idx: [38;5;121m3[0m[38;5;159m, uid: [38;5;121m[3m<17c3670>[0m[38;5;159m, morph: [38;5;121m<gs.morphs.MJCF(file='/workspace/parcel-sorter-rocm/third_party/genesis-world/genesis/assets/xml/franka_emika_panda/panda.xml')>[0m[38;5;159m, material: [38;5;121m<gs.materials.Rigid>[0m[38;5;159m.[0m
[38;5;226m[Genesis] [16:05:11] [WARNING] (MJCF) Approximating tendon by joint actuator for `finger_joint1`[0m
[38;5;226m[Genesis] [16:05:11] [WARNING] (MJCF) Approximating tendon by joint actuator for `finger_joint2`[0m
[38;5;159m[Genesis] [16:05:11] [INFO] Adding [38;5;121m<gs.engine.entities.RigidEntity>[0m[38;5;159m. idx: [38;5;121m4[0m[38;5;159m, uid: [38;5;121m[3m<6118a1e>[0m[38;5;159m, morph: [38;5;121m<gs.morphs.Box>[0m[38;5;159m, material: [38;5;121m<gs.materials.Rigid>[0m[38;5;159m.[0m
[38;5;159m[Genesis] [16:05:11] [INFO] Building scene [38;5;121m[3m<6c5d427>[0m[38;5;159m...[0m
[38;5;226m[Genesis] [16:05:11] [WARNING] Neutral robot position (qpos0) exceeds joint limits.[0m
[38;5;226m[Genesis] [16:05:11] [WARNING] Constraint solver time constant should be greater than 2*substep_dt. timeconst is changed from `0.005` to `0.00833333`). Decrease simulation timestep or increase timeconst to avoid altering the original value.[0m
[38;5;226m[Genesis] [16:05:12] [WARNING] Filtered out geometry pairs causing self-collision for the neutral configuration (qpos0): (8, 13), (9, 13), (16, 23), (17, 22), (18, 25), (19, 24). Consider tuning Morph option 'decompose_robot_error_threshold' or specify dedicated collision meshes. This behavior can be disabled by setting Morph option 'enable_neutral_collision=True'.[0m
[38;5;159m[Genesis] [16:05:13] [INFO] Compiling simulation kernels...[0m
[38;5;159m[Genesis] [16:05:13] [INFO] Building visualizer...[0m
{"timestamp_utc": "2026-07-25T16:05:19.812877+00:00", "run_index": 6, "repeat_index": 5, "episode_id": 7120004, "profile_id": "large_narrow_carton", "condition": "collision-checked-reset", "condition_position": 1, "wall_seconds": 8.783376161009073, "success": true, "terminal_stage": "complete", "max_contact_force_n": 15.6122407913208, "planner_active": false}
[38;5;159m[Genesis] [16:05:19] [INFO] Scene [38;5;121m[3m<c5324d2>[0m[38;5;159m created.[0m
[38;5;159m[Genesis] [16:05:19] [INFO] Adding [38;5;121m<gs.engine.entities.RigidEntity>[0m[38;5;159m. idx: [38;5;121m0[0m[38;5;159m, uid: [38;5;121m[3m<7a2bf88>[0m[38;5;159m, morph: [38;5;121m<gs.morphs.Plane>[0m[38;5;159m, material: [38;5;121m<gs.materials.Rigid>[0m[38;5;159m.[0m
[38;5;159m[Genesis] [16:05:19] [INFO] Adding [38;5;121m<gs.engine.entities.RigidEntity>[0m[38;5;159m. idx: [38;5;121m1[0m[38;5;159m, uid: [38;5;121m[3m<b5cf22d>[0m[38;5;159m, morph: [38;5;121m<gs.morphs.Box>[0m[38;5;159m, material: [38;5;121m<gs.materials.Rigid>[0m[38;5;159m.[0m
[38;5;159m[Genesis] [16:05:19] [INFO] Adding [38;5;121m<gs.engine.entities.RigidEntity>[0m[38;5;159m. idx: [38;5;121m2[0m[38;5;159m, uid: [38;5;121m[3m<73f3468>[0m[38;5;159m, morph: [38;5;121m<gs.morphs.Box>[0m[38;5;159m, material: [38;5;121m<gs.materials.Rigid>[0m[38;5;159m.[0m
[38;5;159m[Genesis] [16:05:19] [INFO] Adding [38;5;121m<gs.engine.entities.RigidEntity>[0m[38;5;159m. idx: [38;5;121m3[0m[38;5;159m, uid: [38;5;121m[3m<e349b7a>[0m[38;5;159m, morph: [38;5;121m<gs.morphs.MJCF(file='/workspace/parcel-sorter-rocm/third_party/genesis-world/genesis/assets/xml/franka_emika_panda/panda.xml')>[0m[38;5;159m, material: [38;5;121m<gs.materials.Rigid>[0m[38;5;159m.[0m
[38;5;226m[Genesis] [16:05:20] [WARNING] (MJCF) Approximating tendon by joint actuator for `finger_joint1`[0m
[38;5;226m[Genesis] [16:05:20] [WARNING] (MJCF) Approximating tendon by joint actuator for `finger_joint2`[0m
[38;5;159m[Genesis] [16:05:20] [INFO] Adding [38;5;121m<gs.engine.entities.RigidEntity>[0m[38;5;159m. idx: [38;5;121m4[0m[38;5;159m, uid: [38;5;121m[3m<c16f044>[0m[38;5;159m, morph: [38;5;121m<gs.morphs.Box>[0m[38;5;159m, material: [38;5;121m<gs.materials.Rigid>[0m[38;5;159m.[0m
[38;5;159m[Genesis] [16:05:20] [INFO] Building scene [38;5;121m[3m<c5324d2>[0m[38;5;159m...[0m
[38;5;226m[Genesis] [16:05:20] [WARNING] Neutral robot position (qpos0) exceeds joint limits.[0m
[38;5;226m[Genesis] [16:05:20] [WARNING] Constraint solver time constant should be greater than 2*substep_dt. timeconst is changed from `0.005` to `0.00833333`). Decrease simulation timestep or increase timeconst to avoid altering the original value.[0m
[38;5;226m[Genesis] [16:05:21] [WARNING] Filtered out geometry pairs causing self-collision for the neutral configuration (qpos0): (8, 13), (9, 13), (16, 23), (17, 22), (18, 25), (19, 24). Consider tuning Morph option 'decompose_robot_error_threshold' or specify dedicated collision meshes. This behavior can be disabled by setting Morph option 'enable_neutral_collision=True'.[0m
[38;5;159m[Genesis] [16:05:22] [INFO] Compiling simulation kernels...[0m
[38;5;159m[Genesis] [16:05:22] [INFO] Building visualizer...[0m
[W 07/25/26 16:05:25.862 1442931] QuadrantsWarning
While compiling `_kernel_forward_kinematics_c68_3`, File "/workspace/parcel-sorter-rocm/third_party/genesis-world/genesis/engine/entities/rigid_entity/rigid_entity.py", line 3388, in _kernel_forward_kinematics:
            rigid_info.qpos[qs_idx[i_q_], envs_idx[i_b_]] = qpos[i_b_, i_q_]
            ^^^^^^^^^^^^^^^^^^^^^^^^^^^^^^^^^^^^^^^^^^^^^^^^^^^^^^^^^^^^^^^^
Assign may lose precision: f32 <- f64
{"timestamp_utc": "2026-07-25T16:05:31.405382+00:00", "run_index": 6, "repeat_index": 5, "episode_id": 7120004, "profile_id": "large_narrow_carton", "condition": "reset-risk-gated-planner", "condition_position": 2, "wall_seconds": 11.59239587886259, "success": false, "terminal_stage": "abort", "max_contact_force_n": 68.9991226196289, "planner_active": true}
[38;5;159m[Genesis] [16:05:31] [INFO] Scene [38;5;121m[3m<e30f30d>[0m[38;5;159m created.[0m
[38;5;159m[Genesis] [16:05:31] [INFO] Adding [38;5;121m<gs.engine.entities.RigidEntity>[0m[38;5;159m. idx: [38;5;121m0[0m[38;5;159m, uid: [38;5;121m[3m<b97811f>[0m[38;5;159m, morph: [38;5;121m<gs.morphs.Plane>[0m[38;5;159m, material: [38;5;121m<gs.materials.Rigid>[0m[38;5;159m.[0m
[38;5;159m[Genesis] [16:05:31] [INFO] Adding [38;5;121m<gs.engine.entities.RigidEntity>[0m[38;5;159m. idx: [38;5;121m1[0m[38;5;159m, uid: [38;5;121m[3m<f83e019>[0m[38;5;159m, morph: [38;5;121m<gs.morphs.Box>[0m[38;5;159m, material: [38;5;121m<gs.materials.Rigid>[0m[38;5;159m.[0m
[38;5;159m[Genesis] [16:05:31] [INFO] Adding [38;5;121m<gs.engine.entities.RigidEntity>[0m[38;5;159m. idx: [38;5;121m2[0m[38;5;159m, uid: [38;5;121m[3m<a7bb046>[0m[38;5;159m, morph: [38;5;121m<gs.morphs.Box>[0m[38;5;159m, material: [38;5;121m<gs.materials.Rigid>[0m[38;5;159m.[0m
[38;5;159m[Genesis] [16:05:31] [INFO] Adding [38;5;121m<gs.engine.entities.RigidEntity>[0m[38;5;159m. idx: [38;5;121m3[0m[38;5;159m, uid: [38;5;121m[3m<93e3c4a>[0m[38;5;159m, morph: [38;5;121m<gs.morphs.MJCF(file='/workspace/parcel-sorter-rocm/third_party/genesis-world/genesis/assets/xml/franka_emika_panda/panda.xml')>[0m[38;5;159m, material: [38;5;121m<gs.materials.Rigid>[0m[38;5;159m.[0m
[38;5;226m[Genesis] [16:05:31] [WARNING] (MJCF) Approximating tendon by joint actuator for `finger_joint1`[0m
[38;5;226m[Genesis] [16:05:31] [WARNING] (MJCF) Approximating tendon by joint actuator for `finger_joint2`[0m
[38;5;159m[Genesis] [16:05:31] [INFO] Adding [38;5;121m<gs.engine.entities.RigidEntity>[0m[38;5;159m. idx: [38;5;121m4[0m[38;5;159m, uid: [38;5;121m[3m<eb0bd69>[0m[38;5;159m, morph: [38;5;121m<gs.morphs.Box>[0m[38;5;159m, material: [38;5;121m<gs.materials.Rigid>[0m[38;5;159m.[0m
[38;5;159m[Genesis] [16:05:31] [INFO] Building scene [38;5;121m[3m<e30f30d>[0m[38;5;159m...[0m
[38;5;226m[Genesis] [16:05:31] [WARNING] Neutral robot position (qpos0) exceeds joint limits.[0m
[38;5;226m[Genesis] [16:05:31] [WARNING] Constraint solver time constant should be greater than 2*substep_dt. timeconst is changed from `0.005` to `0.00833333`). Decrease simulation timestep or increase timeconst to avoid altering the original value.[0m
[38;5;226m[Genesis] [16:05:32] [WARNING] Filtered out geometry pairs causing self-collision for the neutral configuration (qpos0): (8, 13), (9, 13), (16, 23), (17, 22), (18, 25), (19, 24). Consider tuning Morph option 'decompose_robot_error_threshold' or specify dedicated collision meshes. This behavior can be disabled by setting Morph option 'enable_neutral_collision=True'.[0m
[38;5;159m[Genesis] [16:05:33] [INFO] Compiling simulation kernels...[0m
[38;5;159m[Genesis] [16:05:34] [INFO] Building visualizer...[0m
{"timestamp_utc": "2026-07-25T16:05:40.859654+00:00", "run_index": 7, "repeat_index": 1, "episode_id": 5120000, "profile_id": "shoe_box_proxy", "condition": "collision-checked-reset", "condition_position": 1, "wall_seconds": 9.454168531112373, "success": false, "terminal_stage": "abort", "max_contact_force_n": 63.11190414428711, "planner_active": false}
[38;5;159m[Genesis] [16:05:40] [INFO] Scene [38;5;121m[3m<2d49e7f>[0m[38;5;159m created.[0m
[38;5;159m[Genesis] [16:05:40] [INFO] Adding [38;5;121m<gs.engine.entities.RigidEntity>[0m[38;5;159m. idx: [38;5;121m0[0m[38;5;159m, uid: [38;5;121m[3m<8c0137d>[0m[38;5;159m, morph: [38;5;121m<gs.morphs.Plane>[0m[38;5;159m, material: [38;5;121m<gs.materials.Rigid>[0m[38;5;159m.[0m
[38;5;159m[Genesis] [16:05:40] [INFO] Adding [38;5;121m<gs.engine.entities.RigidEntity>[0m[38;5;159m. idx: [38;5;121m1[0m[38;5;159m, uid: [38;5;121m[3m<d93c4a3>[0m[38;5;159m, morph: [38;5;121m<gs.morphs.Box>[0m[38;5;159m, material: [38;5;121m<gs.materials.Rigid>[0m[38;5;159m.[0m
[38;5;159m[Genesis] [16:05:40] [INFO] Adding [38;5;121m<gs.engine.entities.RigidEntity>[0m[38;5;159m. idx: [38;5;121m2[0m[38;5;159m, uid: [38;5;121m[3m<3e3e7cd>[0m[38;5;159m, morph: [38;5;121m<gs.morphs.Box>[0m[38;5;159m, material: [38;5;121m<gs.materials.Rigid>[0m[38;5;159m.[0m
[38;5;159m[Genesis] [16:05:40] [INFO] Adding [38;5;121m<gs.engine.entities.RigidEntity>[0m[38;5;159m. idx: [38;5;121m3[0m[38;5;159m, uid: [38;5;121m[3m<25b64d6>[0m[38;5;159m, morph: [38;5;121m<gs.morphs.MJCF(file='/workspace/parcel-sorter-rocm/third_party/genesis-world/genesis/assets/xml/franka_emika_panda/panda.xml')>[0m[38;5;159m, material: [38;5;121m<gs.materials.Rigid>[0m[38;5;159m.[0m
[38;5;226m[Genesis] [16:05:41] [WARNING] (MJCF) Approximating tendon by joint actuator for `finger_joint1`[0m
[38;5;226m[Genesis] [16:05:41] [WARNING] (MJCF) Approximating tendon by joint actuator for `finger_joint2`[0m
[38;5;159m[Genesis] [16:05:41] [INFO] Adding [38;5;121m<gs.engine.entities.RigidEntity>[0m[38;5;159m. idx: [38;5;121m4[0m[38;5;159m, uid: [38;5;121m[3m<d151374>[0m[38;5;159m, morph: [38;5;121m<gs.morphs.Box>[0m[38;5;159m, material: [38;5;121m<gs.materials.Rigid>[0m[38;5;159m.[0m
[38;5;159m[Genesis] [16:05:41] [INFO] Building scene [38;5;121m[3m<2d49e7f>[0m[38;5;159m...[0m
[38;5;226m[Genesis] [16:05:41] [WARNING] Neutral robot position (qpos0) exceeds joint limits.[0m
[38;5;226m[Genesis] [16:05:41] [WARNING] Constraint solver time constant should be greater than 2*substep_dt. timeconst is changed from `0.005` to `0.00833333`). Decrease simulation timestep or increase timeconst to avoid altering the original value.[0m
[38;5;226m[Genesis] [16:05:42] [WARNING] Filtered out geometry pairs causing self-collision for the neutral configuration (qpos0): (8, 13), (9, 13), (16, 23), (17, 22), (18, 25), (19, 24). Consider tuning Morph option 'decompose_robot_error_threshold' or specify dedicated collision meshes. This behavior can be disabled by setting Morph option 'enable_neutral_collision=True'.[0m
[38;5;159m[Genesis] [16:05:43] [INFO] Compiling simulation kernels...[0m
[38;5;159m[Genesis] [16:05:43] [INFO] Building visualizer...[0m
{"timestamp_utc": "2026-07-25T16:05:51.437607+00:00", "run_index": 7, "repeat_index": 1, "episode_id": 5120000, "profile_id": "shoe_box_proxy", "condition": "reset-risk-gated-planner", "condition_position": 2, "wall_seconds": 10.577862568199635, "success": true, "terminal_stage": "complete", "max_contact_force_n": 32.54070281982422, "planner_active": false}
[38;5;159m[Genesis] [16:05:51] [INFO] Scene [38;5;121m[3m<7fafae4>[0m[38;5;159m created.[0m
[38;5;159m[Genesis] [16:05:51] [INFO] Adding [38;5;121m<gs.engine.entities.RigidEntity>[0m[38;5;159m. idx: [38;5;121m0[0m[38;5;159m, uid: [38;5;121m[3m<67c7eb3>[0m[38;5;159m, morph: [38;5;121m<gs.morphs.Plane>[0m[38;5;159m, material: [38;5;121m<gs.materials.Rigid>[0m[38;5;159m.[0m
[38;5;159m[Genesis] [16:05:51] [INFO] Adding [38;5;121m<gs.engine.entities.RigidEntity>[0m[38;5;159m. idx: [38;5;121m1[0m[38;5;159m, uid: [38;5;121m[3m<70daf41>[0m[38;5;159m, morph: [38;5;121m<gs.morphs.Box>[0m[38;5;159m, material: [38;5;121m<gs.materials.Rigid>[0m[38;5;159m.[0m
[38;5;159m[Genesis] [16:05:51] [INFO] Adding [38;5;121m<gs.engine.entities.RigidEntity>[0m[38;5;159m. idx: [38;5;121m2[0m[38;5;159m, uid: [38;5;121m[3m<3232e35>[0m[38;5;159m, morph: [38;5;121m<gs.morphs.Box>[0m[38;5;159m, material: [38;5;121m<gs.materials.Rigid>[0m[38;5;159m.[0m
[38;5;159m[Genesis] [16:05:51] [INFO] Adding [38;5;121m<gs.engine.entities.RigidEntity>[0m[38;5;159m. idx: [38;5;121m3[0m[38;5;159m, uid: [38;5;121m[3m<4a39050>[0m[38;5;159m, morph: [38;5;121m<gs.morphs.MJCF(file='/workspace/parcel-sorter-rocm/third_party/genesis-world/genesis/assets/xml/franka_emika_panda/panda.xml')>[0m[38;5;159m, material: [38;5;121m<gs.materials.Rigid>[0m[38;5;159m.[0m
[38;5;226m[Genesis] [16:05:52] [WARNING] (MJCF) Approximating tendon by joint actuator for `finger_joint1`[0m
[38;5;226m[Genesis] [16:05:52] [WARNING] (MJCF) Approximating tendon by joint actuator for `finger_joint2`[0m
[38;5;159m[Genesis] [16:05:52] [INFO] Adding [38;5;121m<gs.engine.entities.RigidEntity>[0m[38;5;159m. idx: [38;5;121m4[0m[38;5;159m, uid: [38;5;121m[3m<b3f2535>[0m[38;5;159m, morph: [38;5;121m<gs.morphs.Box>[0m[38;5;159m, material: [38;5;121m<gs.materials.Rigid>[0m[38;5;159m.[0m
[38;5;159m[Genesis] [16:05:52] [INFO] Building scene [38;5;121m[3m<7fafae4>[0m[38;5;159m...[0m
[38;5;226m[Genesis] [16:05:52] [WARNING] Neutral robot position (qpos0) exceeds joint limits.[0m
[38;5;226m[Genesis] [16:05:52] [WARNING] Constraint solver time constant should be greater than 2*substep_dt. timeconst is changed from `0.005` to `0.00833333`). Decrease simulation timestep or increase timeconst to avoid altering the original value.[0m
[38;5;226m[Genesis] [16:05:53] [WARNING] Filtered out geometry pairs causing self-collision for the neutral configuration (qpos0): (8, 13), (9, 13), (16, 23), (17, 22), (18, 25), (19, 24). Consider tuning Morph option 'decompose_robot_error_threshold' or specify dedicated collision meshes. This behavior can be disabled by setting Morph option 'enable_neutral_collision=True'.[0m
[38;5;159m[Genesis] [16:05:54] [INFO] Compiling simulation kernels...[0m
[38;5;159m[Genesis] [16:05:54] [INFO] Building visualizer...[0m
[W 07/25/26 16:05:57.748 1442931] QuadrantsWarning
While compiling `_kernel_forward_kinematics_c68_4`, File "/workspace/parcel-sorter-rocm/third_party/genesis-world/genesis/engine/entities/rigid_entity/rigid_entity.py", line 3388, in _kernel_forward_kinematics:
            rigid_info.qpos[qs_idx[i_q_], envs_idx[i_b_]] = qpos[i_b_, i_q_]
            ^^^^^^^^^^^^^^^^^^^^^^^^^^^^^^^^^^^^^^^^^^^^^^^^^^^^^^^^^^^^^^^^
Assign may lose precision: f32 <- f64
{"timestamp_utc": "2026-07-25T16:06:03.179568+00:00", "run_index": 8, "repeat_index": 2, "episode_id": 7120004, "profile_id": "large_narrow_carton", "condition": "reset-risk-gated-planner", "condition_position": 1, "wall_seconds": 11.741867112927139, "success": false, "terminal_stage": "abort", "max_contact_force_n": 68.9991226196289, "planner_active": true}
[38;5;159m[Genesis] [16:06:03] [INFO] Scene [38;5;121m[3m<e5c5571>[0m[38;5;159m created.[0m
[38;5;159m[Genesis] [16:06:03] [INFO] Adding [38;5;121m<gs.engine.entities.RigidEntity>[0m[38;5;159m. idx: [38;5;121m0[0m[38;5;159m, uid: [38;5;121m[3m<dcb9b73>[0m[38;5;159m, morph: [38;5;121m<gs.morphs.Plane>[0m[38;5;159m, material: [38;5;121m<gs.materials.Rigid>[0m[38;5;159m.[0m
[38;5;159m[Genesis] [16:06:03] [INFO] Adding [38;5;121m<gs.engine.entities.RigidEntity>[0m[38;5;159m. idx: [38;5;121m1[0m[38;5;159m, uid: [38;5;121m[3m<c8cb289>[0m[38;5;159m, morph: [38;5;121m<gs.morphs.Box>[0m[38;5;159m, material: [38;5;121m<gs.materials.Rigid>[0m[38;5;159m.[0m
[38;5;159m[Genesis] [16:06:03] [INFO] Adding [38;5;121m<gs.engine.entities.RigidEntity>[0m[38;5;159m. idx: [38;5;121m2[0m[38;5;159m, uid: [38;5;121m[3m<1969abb>[0m[38;5;159m, morph: [38;5;121m<gs.morphs.Box>[0m[38;5;159m, material: [38;5;121m<gs.materials.Rigid>[0m[38;5;159m.[0m
[38;5;159m[Genesis] [16:06:03] [INFO] Adding [38;5;121m<gs.engine.entities.RigidEntity>[0m[38;5;159m. idx: [38;5;121m3[0m[38;5;159m, uid: [38;5;121m[3m<bdf137b>[0m[38;5;159m, morph: [38;5;121m<gs.morphs.MJCF(file='/workspace/parcel-sorter-rocm/third_party/genesis-world/genesis/assets/xml/franka_emika_panda/panda.xml')>[0m[38;5;159m, material: [38;5;121m<gs.materials.Rigid>[0m[38;5;159m.[0m
[38;5;226m[Genesis] [16:06:03] [WARNING] (MJCF) Approximating tendon by joint actuator for `finger_joint1`[0m
[38;5;226m[Genesis] [16:06:03] [WARNING] (MJCF) Approximating tendon by joint actuator for `finger_joint2`[0m
[38;5;159m[Genesis] [16:06:03] [INFO] Adding [38;5;121m<gs.engine.entities.RigidEntity>[0m[38;5;159m. idx: [38;5;121m4[0m[38;5;159m, uid: [38;5;121m[3m<7ca2b0c>[0m[38;5;159m, morph: [38;5;121m<gs.morphs.Box>[0m[38;5;159m, material: [38;5;121m<gs.materials.Rigid>[0m[38;5;159m.[0m
[38;5;159m[Genesis] [16:06:03] [INFO] Building scene [38;5;121m[3m<e5c5571>[0m[38;5;159m...[0m
[38;5;226m[Genesis] [16:06:03] [WARNING] Neutral robot position (qpos0) exceeds joint limits.[0m
[38;5;226m[Genesis] [16:06:03] [WARNING] Constraint solver time constant should be greater than 2*substep_dt. timeconst is changed from `0.005` to `0.00833333`). Decrease simulation timestep or increase timeconst to avoid altering the original value.[0m
[38;5;226m[Genesis] [16:06:04] [WARNING] Filtered out geometry pairs causing self-collision for the neutral configuration (qpos0): (8, 13), (9, 13), (16, 23), (17, 22), (18, 25), (19, 24). Consider tuning Morph option 'decompose_robot_error_threshold' or specify dedicated collision meshes. This behavior can be disabled by setting Morph option 'enable_neutral_collision=True'.[0m
[38;5;159m[Genesis] [16:06:05] [INFO] Compiling simulation kernels...[0m
[38;5;159m[Genesis] [16:06:05] [INFO] Building visualizer...[0m
{"timestamp_utc": "2026-07-25T16:06:11.887861+00:00", "run_index": 8, "repeat_index": 2, "episode_id": 7120004, "profile_id": "large_narrow_carton", "condition": "collision-checked-reset", "condition_position": 2, "wall_seconds": 8.708197986707091, "success": true, "terminal_stage": "complete", "max_contact_force_n": 15.6122407913208, "planner_active": false}
[38;5;159m[Genesis] [16:06:11] [INFO] Scene [38;5;121m[3m<0a2c476>[0m[38;5;159m created.[0m
[38;5;159m[Genesis] [16:06:11] [INFO] Adding [38;5;121m<gs.engine.entities.RigidEntity>[0m[38;5;159m. idx: [38;5;121m0[0m[38;5;159m, uid: [38;5;121m[3m<1e07ff5>[0m[38;5;159m, morph: [38;5;121m<gs.morphs.Plane>[0m[38;5;159m, material: [38;5;121m<gs.materials.Rigid>[0m[38;5;159m.[0m
[38;5;159m[Genesis] [16:06:11] [INFO] Adding [38;5;121m<gs.engine.entities.RigidEntity>[0m[38;5;159m. idx: [38;5;121m1[0m[38;5;159m, uid: [38;5;121m[3m<61e1242>[0m[38;5;159m, morph: [38;5;121m<gs.morphs.Box>[0m[38;5;159m, material: [38;5;121m<gs.materials.Rigid>[0m[38;5;159m.[0m
[38;5;159m[Genesis] [16:06:11] [INFO] Adding [38;5;121m<gs.engine.entities.RigidEntity>[0m[38;5;159m. idx: [38;5;121m2[0m[38;5;159m, uid: [38;5;121m[3m<adf7993>[0m[38;5;159m, morph: [38;5;121m<gs.morphs.Box>[0m[38;5;159m, material: [38;5;121m<gs.materials.Rigid>[0m[38;5;159m.[0m
[38;5;159m[Genesis] [16:06:11] [INFO] Adding [38;5;121m<gs.engine.entities.RigidEntity>[0m[38;5;159m. idx: [38;5;121m3[0m[38;5;159m, uid: [38;5;121m[3m<d4f9af1>[0m[38;5;159m, morph: [38;5;121m<gs.morphs.MJCF(file='/workspace/parcel-sorter-rocm/third_party/genesis-world/genesis/assets/xml/franka_emika_panda/panda.xml')>[0m[38;5;159m, material: [38;5;121m<gs.materials.Rigid>[0m[38;5;159m.[0m
[38;5;226m[Genesis] [16:06:12] [WARNING] (MJCF) Approximating tendon by joint actuator for `finger_joint1`[0m
[38;5;226m[Genesis] [16:06:12] [WARNING] (MJCF) Approximating tendon by joint actuator for `finger_joint2`[0m
[38;5;159m[Genesis] [16:06:12] [INFO] Adding [38;5;121m<gs.engine.entities.RigidEntity>[0m[38;5;159m. idx: [38;5;121m4[0m[38;5;159m, uid: [38;5;121m[3m<4aea589>[0m[38;5;159m, morph: [38;5;121m<gs.morphs.Box>[0m[38;5;159m, material: [38;5;121m<gs.materials.Rigid>[0m[38;5;159m.[0m
[38;5;159m[Genesis] [16:06:12] [INFO] Building scene [38;5;121m[3m<0a2c476>[0m[38;5;159m...[0m
[38;5;226m[Genesis] [16:06:12] [WARNING] Neutral robot position (qpos0) exceeds joint limits.[0m
[38;5;226m[Genesis] [16:06:12] [WARNING] Constraint solver time constant should be greater than 2*substep_dt. timeconst is changed from `0.005` to `0.00833333`). Decrease simulation timestep or increase timeconst to avoid altering the original value.[0m
[38;5;226m[Genesis] [16:06:13] [WARNING] Filtered out geometry pairs causing self-collision for the neutral configuration (qpos0): (8, 13), (9, 13), (16, 23), (17, 22), (18, 25), (19, 24). Consider tuning Morph option 'decompose_robot_error_threshold' or specify dedicated collision meshes. This behavior can be disabled by setting Morph option 'enable_neutral_collision=True'.[0m
[38;5;159m[Genesis] [16:06:14] [INFO] Compiling simulation kernels...[0m
[38;5;159m[Genesis] [16:06:14] [INFO] Building visualizer...[0m
{"timestamp_utc": "2026-07-25T16:06:23.111243+00:00", "run_index": 9, "repeat_index": 3, "episode_id": 5120003, "profile_id": "shoe_box_proxy", "condition": "collision-checked-reset", "condition_position": 1, "wall_seconds": 11.223280014935881, "success": false, "terminal_stage": "abort", "max_contact_force_n": 42.2443733215332, "planner_active": false}
[38;5;159m[Genesis] [16:06:23] [INFO] Scene [38;5;121m[3m<5250db6>[0m[38;5;159m created.[0m
[38;5;159m[Genesis] [16:06:23] [INFO] Adding [38;5;121m<gs.engine.entities.RigidEntity>[0m[38;5;159m. idx: [38;5;121m0[0m[38;5;159m, uid: [38;5;121m[3m<60e84af>[0m[38;5;159m, morph: [38;5;121m<gs.morphs.Plane>[0m[38;5;159m, material: [38;5;121m<gs.materials.Rigid>[0m[38;5;159m.[0m
[38;5;159m[Genesis] [16:06:23] [INFO] Adding [38;5;121m<gs.engine.entities.RigidEntity>[0m[38;5;159m. idx: [38;5;121m1[0m[38;5;159m, uid: [38;5;121m[3m<b0ab83d>[0m[38;5;159m, morph: [38;5;121m<gs.morphs.Box>[0m[38;5;159m, material: [38;5;121m<gs.materials.Rigid>[0m[38;5;159m.[0m
[38;5;159m[Genesis] [16:06:23] [INFO] Adding [38;5;121m<gs.engine.entities.RigidEntity>[0m[38;5;159m. idx: [38;5;121m2[0m[38;5;159m, uid: [38;5;121m[3m<98c9493>[0m[38;5;159m, morph: [38;5;121m<gs.morphs.Box>[0m[38;5;159m, material: [38;5;121m<gs.materials.Rigid>[0m[38;5;159m.[0m
[38;5;159m[Genesis] [16:06:23] [INFO] Adding [38;5;121m<gs.engine.entities.RigidEntity>[0m[38;5;159m. idx: [38;5;121m3[0m[38;5;159m, uid: [38;5;121m[3m<e852871>[0m[38;5;159m, morph: [38;5;121m<gs.morphs.MJCF(file='/workspace/parcel-sorter-rocm/third_party/genesis-world/genesis/assets/xml/franka_emika_panda/panda.xml')>[0m[38;5;159m, material: [38;5;121m<gs.materials.Rigid>[0m[38;5;159m.[0m
[38;5;226m[Genesis] [16:06:23] [WARNING] (MJCF) Approximating tendon by joint actuator for `finger_joint1`[0m
[38;5;226m[Genesis] [16:06:23] [WARNING] (MJCF) Approximating tendon by joint actuator for `finger_joint2`[0m
[38;5;159m[Genesis] [16:06:23] [INFO] Adding [38;5;121m<gs.engine.entities.RigidEntity>[0m[38;5;159m. idx: [38;5;121m4[0m[38;5;159m, uid: [38;5;121m[3m<dd0e878>[0m[38;5;159m, morph: [38;5;121m<gs.morphs.Box>[0m[38;5;159m, material: [38;5;121m<gs.materials.Rigid>[0m[38;5;159m.[0m
[38;5;159m[Genesis] [16:06:23] [INFO] Building scene [38;5;121m[3m<5250db6>[0m[38;5;159m...[0m
[38;5;226m[Genesis] [16:06:23] [WARNING] Neutral robot position (qpos0) exceeds joint limits.[0m
[38;5;226m[Genesis] [16:06:23] [WARNING] Constraint solver time constant should be greater than 2*substep_dt. timeconst is changed from `0.005` to `0.00833333`). Decrease simulation timestep or increase timeconst to avoid altering the original value.[0m
[38;5;226m[Genesis] [16:06:24] [WARNING] Filtered out geometry pairs causing self-collision for the neutral configuration (qpos0): (8, 13), (9, 13), (16, 23), (17, 22), (18, 25), (19, 24). Consider tuning Morph option 'decompose_robot_error_threshold' or specify dedicated collision meshes. This behavior can be disabled by setting Morph option 'enable_neutral_collision=True'.[0m
[38;5;159m[Genesis] [16:06:25] [INFO] Compiling simulation kernels...[0m
[38;5;159m[Genesis] [16:06:25] [INFO] Building visualizer...[0m
[W 07/25/26 16:06:29.275 1442931] QuadrantsWarning
While compiling `_kernel_forward_kinematics_c68_5`, File "/workspace/parcel-sorter-rocm/third_party/genesis-world/genesis/engine/entities/rigid_entity/rigid_entity.py", line 3388, in _kernel_forward_kinematics:
            rigid_info.qpos[qs_idx[i_q_], envs_idx[i_b_]] = qpos[i_b_, i_q_]
            ^^^^^^^^^^^^^^^^^^^^^^^^^^^^^^^^^^^^^^^^^^^^^^^^^^^^^^^^^^^^^^^^
Assign may lose precision: f32 <- f64
{"timestamp_utc": "2026-07-25T16:06:36.754373+00:00", "run_index": 9, "repeat_index": 3, "episode_id": 5120003, "profile_id": "shoe_box_proxy", "condition": "reset-risk-gated-planner", "condition_position": 2, "wall_seconds": 13.643037582747638, "success": true, "terminal_stage": "complete", "max_contact_force_n": 29.692829132080078, "planner_active": true}
[38;5;159m[Genesis] [16:06:36] [INFO] Scene [38;5;121m[3m<7540981>[0m[38;5;159m created.[0m
[38;5;159m[Genesis] [16:06:36] [INFO] Adding [38;5;121m<gs.engine.entities.RigidEntity>[0m[38;5;159m. idx: [38;5;121m0[0m[38;5;159m, uid: [38;5;121m[3m<cabba85>[0m[38;5;159m, morph: [38;5;121m<gs.morphs.Plane>[0m[38;5;159m, material: [38;5;121m<gs.materials.Rigid>[0m[38;5;159m.[0m
[38;5;159m[Genesis] [16:06:36] [INFO] Adding [38;5;121m<gs.engine.entities.RigidEntity>[0m[38;5;159m. idx: [38;5;121m1[0m[38;5;159m, uid: [38;5;121m[3m<03b4f3f>[0m[38;5;159m, morph: [38;5;121m<gs.morphs.Box>[0m[38;5;159m, material: [38;5;121m<gs.materials.Rigid>[0m[38;5;159m.[0m
[38;5;159m[Genesis] [16:06:36] [INFO] Adding [38;5;121m<gs.engine.entities.RigidEntity>[0m[38;5;159m. idx: [38;5;121m2[0m[38;5;159m, uid: [38;5;121m[3m<b8b2698>[0m[38;5;159m, morph: [38;5;121m<gs.morphs.Box>[0m[38;5;159m, material: [38;5;121m<gs.materials.Rigid>[0m[38;5;159m.[0m
[38;5;159m[Genesis] [16:06:36] [INFO] Adding [38;5;121m<gs.engine.entities.RigidEntity>[0m[38;5;159m. idx: [38;5;121m3[0m[38;5;159m, uid: [38;5;121m[3m<3bbfa1c>[0m[38;5;159m, morph: [38;5;121m<gs.morphs.MJCF(file='/workspace/parcel-sorter-rocm/third_party/genesis-world/genesis/assets/xml/franka_emika_panda/panda.xml')>[0m[38;5;159m, material: [38;5;121m<gs.materials.Rigid>[0m[38;5;159m.[0m
[38;5;226m[Genesis] [16:06:37] [WARNING] (MJCF) Approximating tendon by joint actuator for `finger_joint1`[0m
[38;5;226m[Genesis] [16:06:37] [WARNING] (MJCF) Approximating tendon by joint actuator for `finger_joint2`[0m
[38;5;159m[Genesis] [16:06:37] [INFO] Adding [38;5;121m<gs.engine.entities.RigidEntity>[0m[38;5;159m. idx: [38;5;121m4[0m[38;5;159m, uid: [38;5;121m[3m<3a23279>[0m[38;5;159m, morph: [38;5;121m<gs.morphs.Box>[0m[38;5;159m, material: [38;5;121m<gs.materials.Rigid>[0m[38;5;159m.[0m
[38;5;159m[Genesis] [16:06:37] [INFO] Building scene [38;5;121m[3m<7540981>[0m[38;5;159m...[0m
[38;5;226m[Genesis] [16:06:37] [WARNING] Neutral robot position (qpos0) exceeds joint limits.[0m
[38;5;226m[Genesis] [16:06:37] [WARNING] Constraint solver time constant should be greater than 2*substep_dt. timeconst is changed from `0.005` to `0.00833333`). Decrease simulation timestep or increase timeconst to avoid altering the original value.[0m
[38;5;226m[Genesis] [16:06:38] [WARNING] Filtered out geometry pairs causing self-collision for the neutral configuration (qpos0): (8, 13), (9, 13), (16, 23), (17, 22), (18, 25), (19, 24). Consider tuning Morph option 'decompose_robot_error_threshold' or specify dedicated collision meshes. This behavior can be disabled by setting Morph option 'enable_neutral_collision=True'.[0m
[38;5;159m[Genesis] [16:06:39] [INFO] Compiling simulation kernels...[0m
[38;5;159m[Genesis] [16:06:39] [INFO] Building visualizer...[0m
[W 07/25/26 16:06:43.367 1442931] QuadrantsWarning
While compiling `_kernel_forward_kinematics_c68_6`, File "/workspace/parcel-sorter-rocm/third_party/genesis-world/genesis/engine/entities/rigid_entity/rigid_entity.py", line 3388, in _kernel_forward_kinematics:
            rigid_info.qpos[qs_idx[i_q_], envs_idx[i_b_]] = qpos[i_b_, i_q_]
            ^^^^^^^^^^^^^^^^^^^^^^^^^^^^^^^^^^^^^^^^^^^^^^^^^^^^^^^^^^^^^^^^
Assign may lose precision: f32 <- f64
{"timestamp_utc": "2026-07-25T16:06:49.187112+00:00", "run_index": 10, "repeat_index": 3, "episode_id": 7120004, "profile_id": "large_narrow_carton", "condition": "reset-risk-gated-planner", "condition_position": 1, "wall_seconds": 12.432643606327474, "success": false, "terminal_stage": "abort", "max_contact_force_n": 68.9991226196289, "planner_active": true}
[38;5;159m[Genesis] [16:06:49] [INFO] Scene [38;5;121m[3m<dd6c6b8>[0m[38;5;159m created.[0m
[38;5;159m[Genesis] [16:06:49] [INFO] Adding [38;5;121m<gs.engine.entities.RigidEntity>[0m[38;5;159m. idx: [38;5;121m0[0m[38;5;159m, uid: [38;5;121m[3m<03fe6a7>[0m[38;5;159m, morph: [38;5;121m<gs.morphs.Plane>[0m[38;5;159m, material: [38;5;121m<gs.materials.Rigid>[0m[38;5;159m.[0m
[38;5;159m[Genesis] [16:06:49] [INFO] Adding [38;5;121m<gs.engine.entities.RigidEntity>[0m[38;5;159m. idx: [38;5;121m1[0m[38;5;159m, uid: [38;5;121m[3m<0f651da>[0m[38;5;159m, morph: [38;5;121m<gs.morphs.Box>[0m[38;5;159m, material: [38;5;121m<gs.materials.Rigid>[0m[38;5;159m.[0m
[38;5;159m[Genesis] [16:06:49] [INFO] Adding [38;5;121m<gs.engine.entities.RigidEntity>[0m[38;5;159m. idx: [38;5;121m2[0m[38;5;159m, uid: [38;5;121m[3m<f092ab0>[0m[38;5;159m, morph: [38;5;121m<gs.morphs.Box>[0m[38;5;159m, material: [38;5;121m<gs.materials.Rigid>[0m[38;5;159m.[0m
[38;5;159m[Genesis] [16:06:49] [INFO] Adding [38;5;121m<gs.engine.entities.RigidEntity>[0m[38;5;159m. idx: [38;5;121m3[0m[38;5;159m, uid: [38;5;121m[3m<636eb25>[0m[38;5;159m, morph: [38;5;121m<gs.morphs.MJCF(file='/workspace/parcel-sorter-rocm/third_party/genesis-world/genesis/assets/xml/franka_emika_panda/panda.xml')>[0m[38;5;159m, material: [38;5;121m<gs.materials.Rigid>[0m[38;5;159m.[0m
[38;5;226m[Genesis] [16:06:49] [WARNING] (MJCF) Approximating tendon by joint actuator for `finger_joint1`[0m
[38;5;226m[Genesis] [16:06:49] [WARNING] (MJCF) Approximating tendon by joint actuator for `finger_joint2`[0m
[38;5;159m[Genesis] [16:06:49] [INFO] Adding [38;5;121m<gs.engine.entities.RigidEntity>[0m[38;5;159m. idx: [38;5;121m4[0m[38;5;159m, uid: [38;5;121m[3m<cf979e2>[0m[38;5;159m, morph: [38;5;121m<gs.morphs.Box>[0m[38;5;159m, material: [38;5;121m<gs.materials.Rigid>[0m[38;5;159m.[0m
[38;5;159m[Genesis] [16:06:49] [INFO] Building scene [38;5;121m[3m<dd6c6b8>[0m[38;5;159m...[0m
[38;5;226m[Genesis] [16:06:49] [WARNING] Neutral robot position (qpos0) exceeds joint limits.[0m
[38;5;226m[Genesis] [16:06:49] [WARNING] Constraint solver time constant should be greater than 2*substep_dt. timeconst is changed from `0.005` to `0.00833333`). Decrease simulation timestep or increase timeconst to avoid altering the original value.[0m
[38;5;226m[Genesis] [16:06:50] [WARNING] Filtered out geometry pairs causing self-collision for the neutral configuration (qpos0): (8, 13), (9, 13), (16, 23), (17, 22), (18, 25), (19, 24). Consider tuning Morph option 'decompose_robot_error_threshold' or specify dedicated collision meshes. This behavior can be disabled by setting Morph option 'enable_neutral_collision=True'.[0m
[38;5;159m[Genesis] [16:06:51] [INFO] Compiling simulation kernels...[0m
[38;5;159m[Genesis] [16:06:51] [INFO] Building visualizer...[0m
{"timestamp_utc": "2026-07-25T16:06:57.898812+00:00", "run_index": 10, "repeat_index": 3, "episode_id": 7120004, "profile_id": "large_narrow_carton", "condition": "collision-checked-reset", "condition_position": 2, "wall_seconds": 8.711607191246003, "success": true, "terminal_stage": "complete", "max_contact_force_n": 15.6122407913208, "planner_active": false}
[38;5;159m[Genesis] [16:06:57] [INFO] Scene [38;5;121m[3m<5d78a3c>[0m[38;5;159m created.[0m
[38;5;159m[Genesis] [16:06:57] [INFO] Adding [38;5;121m<gs.engine.entities.RigidEntity>[0m[38;5;159m. idx: [38;5;121m0[0m[38;5;159m, uid: [38;5;121m[3m<5689521>[0m[38;5;159m, morph: [38;5;121m<gs.morphs.Plane>[0m[38;5;159m, material: [38;5;121m<gs.materials.Rigid>[0m[38;5;159m.[0m
[38;5;159m[Genesis] [16:06:57] [INFO] Adding [38;5;121m<gs.engine.entities.RigidEntity>[0m[38;5;159m. idx: [38;5;121m1[0m[38;5;159m, uid: [38;5;121m[3m<9782d35>[0m[38;5;159m, morph: [38;5;121m<gs.morphs.Box>[0m[38;5;159m, material: [38;5;121m<gs.materials.Rigid>[0m[38;5;159m.[0m
[38;5;159m[Genesis] [16:06:57] [INFO] Adding [38;5;121m<gs.engine.entities.RigidEntity>[0m[38;5;159m. idx: [38;5;121m2[0m[38;5;159m, uid: [38;5;121m[3m<4ed0ea3>[0m[38;5;159m, morph: [38;5;121m<gs.morphs.Box>[0m[38;5;159m, material: [38;5;121m<gs.materials.Rigid>[0m[38;5;159m.[0m
[38;5;159m[Genesis] [16:06:57] [INFO] Adding [38;5;121m<gs.engine.entities.RigidEntity>[0m[38;5;159m. idx: [38;5;121m3[0m[38;5;159m, uid: [38;5;121m[3m<ad6d2d1>[0m[38;5;159m, morph: [38;5;121m<gs.morphs.MJCF(file='/workspace/parcel-sorter-rocm/third_party/genesis-world/genesis/assets/xml/franka_emika_panda/panda.xml')>[0m[38;5;159m, material: [38;5;121m<gs.materials.Rigid>[0m[38;5;159m.[0m
[38;5;226m[Genesis] [16:06:58] [WARNING] (MJCF) Approximating tendon by joint actuator for `finger_joint1`[0m
[38;5;226m[Genesis] [16:06:58] [WARNING] (MJCF) Approximating tendon by joint actuator for `finger_joint2`[0m
[38;5;159m[Genesis] [16:06:58] [INFO] Adding [38;5;121m<gs.engine.entities.RigidEntity>[0m[38;5;159m. idx: [38;5;121m4[0m[38;5;159m, uid: [38;5;121m[3m<8605cc2>[0m[38;5;159m, morph: [38;5;121m<gs.morphs.Box>[0m[38;5;159m, material: [38;5;121m<gs.materials.Rigid>[0m[38;5;159m.[0m
[38;5;159m[Genesis] [16:06:58] [INFO] Building scene [38;5;121m[3m<5d78a3c>[0m[38;5;159m...[0m
[38;5;226m[Genesis] [16:06:58] [WARNING] Neutral robot position (qpos0) exceeds joint limits.[0m
[38;5;226m[Genesis] [16:06:58] [WARNING] Constraint solver time constant should be greater than 2*substep_dt. timeconst is changed from `0.005` to `0.00833333`). Decrease simulation timestep or increase timeconst to avoid altering the original value.[0m
[38;5;226m[Genesis] [16:06:59] [WARNING] Filtered out geometry pairs causing self-collision for the neutral configuration (qpos0): (8, 13), (9, 13), (16, 23), (17, 22), (18, 25), (19, 24). Consider tuning Morph option 'decompose_robot_error_threshold' or specify dedicated collision meshes. This behavior can be disabled by setting Morph option 'enable_neutral_collision=True'.[0m
[38;5;159m[Genesis] [16:07:00] [INFO] Compiling simulation kernels...[0m
[38;5;159m[Genesis] [16:07:00] [INFO] Building visualizer...[0m
{"timestamp_utc": "2026-07-25T16:07:09.145786+00:00", "run_index": 11, "repeat_index": 2, "episode_id": 5120003, "profile_id": "shoe_box_proxy", "condition": "collision-checked-reset", "condition_position": 1, "wall_seconds": 11.246879218146205, "success": false, "terminal_stage": "abort", "max_contact_force_n": 42.2443733215332, "planner_active": false}
[38;5;159m[Genesis] [16:07:09] [INFO] Scene [38;5;121m[3m<933479a>[0m[38;5;159m created.[0m
[38;5;159m[Genesis] [16:07:09] [INFO] Adding [38;5;121m<gs.engine.entities.RigidEntity>[0m[38;5;159m. idx: [38;5;121m0[0m[38;5;159m, uid: [38;5;121m[3m<7d60927>[0m[38;5;159m, morph: [38;5;121m<gs.morphs.Plane>[0m[38;5;159m, material: [38;5;121m<gs.materials.Rigid>[0m[38;5;159m.[0m
[38;5;159m[Genesis] [16:07:09] [INFO] Adding [38;5;121m<gs.engine.entities.RigidEntity>[0m[38;5;159m. idx: [38;5;121m1[0m[38;5;159m, uid: [38;5;121m[3m<994e260>[0m[38;5;159m, morph: [38;5;121m<gs.morphs.Box>[0m[38;5;159m, material: [38;5;121m<gs.materials.Rigid>[0m[38;5;159m.[0m
[38;5;159m[Genesis] [16:07:09] [INFO] Adding [38;5;121m<gs.engine.entities.RigidEntity>[0m[38;5;159m. idx: [38;5;121m2[0m[38;5;159m, uid: [38;5;121m[3m<abf3629>[0m[38;5;159m, morph: [38;5;121m<gs.morphs.Box>[0m[38;5;159m, material: [38;5;121m<gs.materials.Rigid>[0m[38;5;159m.[0m
[38;5;159m[Genesis] [16:07:09] [INFO] Adding [38;5;121m<gs.engine.entities.RigidEntity>[0m[38;5;159m. idx: [38;5;121m3[0m[38;5;159m, uid: [38;5;121m[3m<1c5e830>[0m[38;5;159m, morph: [38;5;121m<gs.morphs.MJCF(file='/workspace/parcel-sorter-rocm/third_party/genesis-world/genesis/assets/xml/franka_emika_panda/panda.xml')>[0m[38;5;159m, material: [38;5;121m<gs.materials.Rigid>[0m[38;5;159m.[0m
[38;5;226m[Genesis] [16:07:09] [WARNING] (MJCF) Approximating tendon by joint actuator for `finger_joint1`[0m
[38;5;226m[Genesis] [16:07:09] [WARNING] (MJCF) Approximating tendon by joint actuator for `finger_joint2`[0m
[38;5;159m[Genesis] [16:07:09] [INFO] Adding [38;5;121m<gs.engine.entities.RigidEntity>[0m[38;5;159m. idx: [38;5;121m4[0m[38;5;159m, uid: [38;5;121m[3m<72952c6>[0m[38;5;159m, morph: [38;5;121m<gs.morphs.Box>[0m[38;5;159m, material: [38;5;121m<gs.materials.Rigid>[0m[38;5;159m.[0m
[38;5;159m[Genesis] [16:07:09] [INFO] Building scene [38;5;121m[3m<933479a>[0m[38;5;159m...[0m
[38;5;226m[Genesis] [16:07:09] [WARNING] Neutral robot position (qpos0) exceeds joint limits.[0m
[38;5;226m[Genesis] [16:07:09] [WARNING] Constraint solver time constant should be greater than 2*substep_dt. timeconst is changed from `0.005` to `0.00833333`). Decrease simulation timestep or increase timeconst to avoid altering the original value.[0m
[38;5;226m[Genesis] [16:07:10] [WARNING] Filtered out geometry pairs causing self-collision for the neutral configuration (qpos0): (8, 13), (9, 13), (16, 23), (17, 22), (18, 25), (19, 24). Consider tuning Morph option 'decompose_robot_error_threshold' or specify dedicated collision meshes. This behavior can be disabled by setting Morph option 'enable_neutral_collision=True'.[0m
[38;5;159m[Genesis] [16:07:11] [INFO] Compiling simulation kernels...[0m
[38;5;159m[Genesis] [16:07:11] [INFO] Building visualizer...[0m
{"timestamp_utc": "2026-07-25T16:07:21.599668+00:00", "run_index": 11, "repeat_index": 2, "episode_id": 5120003, "profile_id": "shoe_box_proxy", "condition": "reset-risk-gated-planner", "condition_position": 2, "wall_seconds": 12.453787700273097, "success": true, "terminal_stage": "complete", "max_contact_force_n": 29.692829132080078, "planner_active": true}
[38;5;159m[Genesis] [16:07:21] [INFO] Scene [38;5;121m[3m<ac82950>[0m[38;5;159m created.[0m
[38;5;159m[Genesis] [16:07:21] [INFO] Adding [38;5;121m<gs.engine.entities.RigidEntity>[0m[38;5;159m. idx: [38;5;121m0[0m[38;5;159m, uid: [38;5;121m[3m<fd754fd>[0m[38;5;159m, morph: [38;5;121m<gs.morphs.Plane>[0m[38;5;159m, material: [38;5;121m<gs.materials.Rigid>[0m[38;5;159m.[0m
[38;5;159m[Genesis] [16:07:21] [INFO] Adding [38;5;121m<gs.engine.entities.RigidEntity>[0m[38;5;159m. idx: [38;5;121m1[0m[38;5;159m, uid: [38;5;121m[3m<fd65d3d>[0m[38;5;159m, morph: [38;5;121m<gs.morphs.Box>[0m[38;5;159m, material: [38;5;121m<gs.materials.Rigid>[0m[38;5;159m.[0m
[38;5;159m[Genesis] [16:07:21] [INFO] Adding [38;5;121m<gs.engine.entities.RigidEntity>[0m[38;5;159m. idx: [38;5;121m2[0m[38;5;159m, uid: [38;5;121m[3m<66de61a>[0m[38;5;159m, morph: [38;5;121m<gs.morphs.Box>[0m[38;5;159m, material: [38;5;121m<gs.materials.Rigid>[0m[38;5;159m.[0m
[38;5;159m[Genesis] [16:07:21] [INFO] Adding [38;5;121m<gs.engine.entities.RigidEntity>[0m[38;5;159m. idx: [38;5;121m3[0m[38;5;159m, uid: [38;5;121m[3m<6f5b40c>[0m[38;5;159m, morph: [38;5;121m<gs.morphs.MJCF(file='/workspace/parcel-sorter-rocm/third_party/genesis-world/genesis/assets/xml/franka_emika_panda/panda.xml')>[0m[38;5;159m, material: [38;5;121m<gs.materials.Rigid>[0m[38;5;159m.[0m
[38;5;226m[Genesis] [16:07:21] [WARNING] (MJCF) Approximating tendon by joint actuator for `finger_joint1`[0m
[38;5;226m[Genesis] [16:07:21] [WARNING] (MJCF) Approximating tendon by joint actuator for `finger_joint2`[0m
[38;5;159m[Genesis] [16:07:21] [INFO] Adding [38;5;121m<gs.engine.entities.RigidEntity>[0m[38;5;159m. idx: [38;5;121m4[0m[38;5;159m, uid: [38;5;121m[3m<0d1c1a9>[0m[38;5;159m, morph: [38;5;121m<gs.morphs.Box>[0m[38;5;159m, material: [38;5;121m<gs.materials.Rigid>[0m[38;5;159m.[0m
[38;5;159m[Genesis] [16:07:21] [INFO] Building scene [38;5;121m[3m<ac82950>[0m[38;5;159m...[0m
[38;5;226m[Genesis] [16:07:22] [WARNING] Neutral robot position (qpos0) exceeds joint limits.[0m
[38;5;226m[Genesis] [16:07:22] [WARNING] Constraint solver time constant should be greater than 2*substep_dt. timeconst is changed from `0.005` to `0.00833333`). Decrease simulation timestep or increase timeconst to avoid altering the original value.[0m
[38;5;226m[Genesis] [16:07:23] [WARNING] Filtered out geometry pairs causing self-collision for the neutral configuration (qpos0): (8, 13), (9, 13), (16, 23), (17, 22), (18, 25), (19, 24). Consider tuning Morph option 'decompose_robot_error_threshold' or specify dedicated collision meshes. This behavior can be disabled by setting Morph option 'enable_neutral_collision=True'.[0m
[38;5;159m[Genesis] [16:07:23] [INFO] Compiling simulation kernels...[0m
[38;5;159m[Genesis] [16:07:24] [INFO] Building visualizer...[0m
[W 07/25/26 16:07:27.327 1442931] QuadrantsWarning
While compiling `_kernel_forward_kinematics_c68_8`, File "/workspace/parcel-sorter-rocm/third_party/genesis-world/genesis/engine/entities/rigid_entity/rigid_entity.py", line 3388, in _kernel_forward_kinematics:
            rigid_info.qpos[qs_idx[i_q_], envs_idx[i_b_]] = qpos[i_b_, i_q_]
            ^^^^^^^^^^^^^^^^^^^^^^^^^^^^^^^^^^^^^^^^^^^^^^^^^^^^^^^^^^^^^^^^
Assign may lose precision: f32 <- f64
{"timestamp_utc": "2026-07-25T16:07:35.372194+00:00", "run_index": 12, "repeat_index": 3, "episode_id": 4120001, "profile_id": "medium_carton", "condition": "reset-risk-gated-planner", "condition_position": 1, "wall_seconds": 13.772412268910557, "success": false, "terminal_stage": "abort", "max_contact_force_n": 159.27162170410156, "planner_active": true}
[38;5;159m[Genesis] [16:07:35] [INFO] Scene [38;5;121m[3m<316c6e1>[0m[38;5;159m created.[0m
[38;5;159m[Genesis] [16:07:35] [INFO] Adding [38;5;121m<gs.engine.entities.RigidEntity>[0m[38;5;159m. idx: [38;5;121m0[0m[38;5;159m, uid: [38;5;121m[3m<8212c18>[0m[38;5;159m, morph: [38;5;121m<gs.morphs.Plane>[0m[38;5;159m, material: [38;5;121m<gs.materials.Rigid>[0m[38;5;159m.[0m
[38;5;159m[Genesis] [16:07:35] [INFO] Adding [38;5;121m<gs.engine.entities.RigidEntity>[0m[38;5;159m. idx: [38;5;121m1[0m[38;5;159m, uid: [38;5;121m[3m<e19f78b>[0m[38;5;159m, morph: [38;5;121m<gs.morphs.Box>[0m[38;5;159m, material: [38;5;121m<gs.materials.Rigid>[0m[38;5;159m.[0m
[38;5;159m[Genesis] [16:07:35] [INFO] Adding [38;5;121m<gs.engine.entities.RigidEntity>[0m[38;5;159m. idx: [38;5;121m2[0m[38;5;159m, uid: [38;5;121m[3m<77683a6>[0m[38;5;159m, morph: [38;5;121m<gs.morphs.Box>[0m[38;5;159m, material: [38;5;121m<gs.materials.Rigid>[0m[38;5;159m.[0m
[38;5;159m[Genesis] [16:07:35] [INFO] Adding [38;5;121m<gs.engine.entities.RigidEntity>[0m[38;5;159m. idx: [38;5;121m3[0m[38;5;159m, uid: [38;5;121m[3m<a50906a>[0m[38;5;159m, morph: [38;5;121m<gs.morphs.MJCF(file='/workspace/parcel-sorter-rocm/third_party/genesis-world/genesis/assets/xml/franka_emika_panda/panda.xml')>[0m[38;5;159m, material: [38;5;121m<gs.materials.Rigid>[0m[38;5;159m.[0m
[38;5;226m[Genesis] [16:07:35] [WARNING] (MJCF) Approximating tendon by joint actuator for `finger_joint1`[0m
[38;5;226m[Genesis] [16:07:35] [WARNING] (MJCF) Approximating tendon by joint actuator for `finger_joint2`[0m
[38;5;159m[Genesis] [16:07:35] [INFO] Adding [38;5;121m<gs.engine.entities.RigidEntity>[0m[38;5;159m. idx: [38;5;121m4[0m[38;5;159m, uid: [38;5;121m[3m<738fcb8>[0m[38;5;159m, morph: [38;5;121m<gs.morphs.Box>[0m[38;5;159m, material: [38;5;121m<gs.materials.Rigid>[0m[38;5;159m.[0m
[38;5;159m[Genesis] [16:07:35] [INFO] Building scene [38;5;121m[3m<316c6e1>[0m[38;5;159m...[0m
[38;5;226m[Genesis] [16:07:35] [WARNING] Neutral robot position (qpos0) exceeds joint limits.[0m
[38;5;226m[Genesis] [16:07:35] [WARNING] Constraint solver time constant should be greater than 2*substep_dt. timeconst is changed from `0.005` to `0.00833333`). Decrease simulation timestep or increase timeconst to avoid altering the original value.[0m
[38;5;226m[Genesis] [16:07:37] [WARNING] Filtered out geometry pairs causing self-collision for the neutral configuration (qpos0): (8, 13), (9, 13), (16, 23), (17, 22), (18, 25), (19, 24). Consider tuning Morph option 'decompose_robot_error_threshold' or specify dedicated collision meshes. This behavior can be disabled by setting Morph option 'enable_neutral_collision=True'.[0m
[38;5;159m[Genesis] [16:07:37] [INFO] Compiling simulation kernels...[0m
[38;5;159m[Genesis] [16:07:37] [INFO] Building visualizer...[0m
{"timestamp_utc": "2026-07-25T16:07:44.197632+00:00", "run_index": 12, "repeat_index": 3, "episode_id": 4120001, "profile_id": "medium_carton", "condition": "collision-checked-reset", "condition_position": 2, "wall_seconds": 8.825336533598602, "success": true, "terminal_stage": "complete", "max_contact_force_n": 5.371088981628418, "planner_active": false}
[38;5;159m[Genesis] [16:07:44] [INFO] Scene [38;5;121m[3m<b2c7727>[0m[38;5;159m created.[0m
[38;5;159m[Genesis] [16:07:44] [INFO] Adding [38;5;121m<gs.engine.entities.RigidEntity>[0m[38;5;159m. idx: [38;5;121m0[0m[38;5;159m, uid: [38;5;121m[3m<161e76b>[0m[38;5;159m, morph: [38;5;121m<gs.morphs.Plane>[0m[38;5;159m, material: [38;5;121m<gs.materials.Rigid>[0m[38;5;159m.[0m
[38;5;159m[Genesis] [16:07:44] [INFO] Adding [38;5;121m<gs.engine.entities.RigidEntity>[0m[38;5;159m. idx: [38;5;121m1[0m[38;5;159m, uid: [38;5;121m[3m<80ff9e4>[0m[38;5;159m, morph: [38;5;121m<gs.morphs.Box>[0m[38;5;159m, material: [38;5;121m<gs.materials.Rigid>[0m[38;5;159m.[0m
[38;5;159m[Genesis] [16:07:44] [INFO] Adding [38;5;121m<gs.engine.entities.RigidEntity>[0m[38;5;159m. idx: [38;5;121m2[0m[38;5;159m, uid: [38;5;121m[3m<333b2a2>[0m[38;5;159m, morph: [38;5;121m<gs.morphs.Box>[0m[38;5;159m, material: [38;5;121m<gs.materials.Rigid>[0m[38;5;159m.[0m
[38;5;159m[Genesis] [16:07:44] [INFO] Adding [38;5;121m<gs.engine.entities.RigidEntity>[0m[38;5;159m. idx: [38;5;121m3[0m[38;5;159m, uid: [38;5;121m[3m<8dff988>[0m[38;5;159m, morph: [38;5;121m<gs.morphs.MJCF(file='/workspace/parcel-sorter-rocm/third_party/genesis-world/genesis/assets/xml/franka_emika_panda/panda.xml')>[0m[38;5;159m, material: [38;5;121m<gs.materials.Rigid>[0m[38;5;159m.[0m
[38;5;226m[Genesis] [16:07:44] [WARNING] (MJCF) Approximating tendon by joint actuator for `finger_joint1`[0m
[38;5;226m[Genesis] [16:07:44] [WARNING] (MJCF) Approximating tendon by joint actuator for `finger_joint2`[0m
[38;5;159m[Genesis] [16:07:44] [INFO] Adding [38;5;121m<gs.engine.entities.RigidEntity>[0m[38;5;159m. idx: [38;5;121m4[0m[38;5;159m, uid: [38;5;121m[3m<a56cb9b>[0m[38;5;159m, morph: [38;5;121m<gs.morphs.Box>[0m[38;5;159m, material: [38;5;121m<gs.materials.Rigid>[0m[38;5;159m.[0m
[38;5;159m[Genesis] [16:07:44] [INFO] Building scene [38;5;121m[3m<b2c7727>[0m[38;5;159m...[0m
[38;5;226m[Genesis] [16:07:44] [WARNING] Neutral robot position (qpos0) exceeds joint limits.[0m
[38;5;226m[Genesis] [16:07:44] [WARNING] Constraint solver time constant should be greater than 2*substep_dt. timeconst is changed from `0.005` to `0.00833333`). Decrease simulation timestep or increase timeconst to avoid altering the original value.[0m
[38;5;226m[Genesis] [16:07:45] [WARNING] Filtered out geometry pairs causing self-collision for the neutral configuration (qpos0): (8, 13), (9, 13), (16, 23), (17, 22), (18, 25), (19, 24). Consider tuning Morph option 'decompose_robot_error_threshold' or specify dedicated collision meshes. This behavior can be disabled by setting Morph option 'enable_neutral_collision=True'.[0m
[38;5;159m[Genesis] [16:07:46] [INFO] Compiling simulation kernels...[0m
[38;5;159m[Genesis] [16:07:46] [INFO] Building visualizer...[0m
{"timestamp_utc": "2026-07-25T16:07:52.308413+00:00", "run_index": 13, "repeat_index": 4, "episode_id": 7120004, "profile_id": "large_narrow_carton", "condition": "collision-checked-reset", "condition_position": 1, "wall_seconds": 8.110686604864895, "success": true, "terminal_stage": "complete", "max_contact_force_n": 15.6122407913208, "planner_active": false}
[38;5;159m[Genesis] [16:07:52] [INFO] Scene [38;5;121m[3m<414e929>[0m[38;5;159m created.[0m
[38;5;159m[Genesis] [16:07:52] [INFO] Adding [38;5;121m<gs.engine.entities.RigidEntity>[0m[38;5;159m. idx: [38;5;121m0[0m[38;5;159m, uid: [38;5;121m[3m<f3dead3>[0m[38;5;159m, morph: [38;5;121m<gs.morphs.Plane>[0m[38;5;159m, material: [38;5;121m<gs.materials.Rigid>[0m[38;5;159m.[0m
[38;5;159m[Genesis] [16:07:52] [INFO] Adding [38;5;121m<gs.engine.entities.RigidEntity>[0m[38;5;159m. idx: [38;5;121m1[0m[38;5;159m, uid: [38;5;121m[3m<70281b0>[0m[38;5;159m, morph: [38;5;121m<gs.morphs.Box>[0m[38;5;159m, material: [38;5;121m<gs.materials.Rigid>[0m[38;5;159m.[0m
[38;5;159m[Genesis] [16:07:52] [INFO] Adding [38;5;121m<gs.engine.entities.RigidEntity>[0m[38;5;159m. idx: [38;5;121m2[0m[38;5;159m, uid: [38;5;121m[3m<465da25>[0m[38;5;159m, morph: [38;5;121m<gs.morphs.Box>[0m[38;5;159m, material: [38;5;121m<gs.materials.Rigid>[0m[38;5;159m.[0m
[38;5;159m[Genesis] [16:07:52] [INFO] Adding [38;5;121m<gs.engine.entities.RigidEntity>[0m[38;5;159m. idx: [38;5;121m3[0m[38;5;159m, uid: [38;5;121m[3m<dd599dd>[0m[38;5;159m, morph: [38;5;121m<gs.morphs.MJCF(file='/workspace/parcel-sorter-rocm/third_party/genesis-world/genesis/assets/xml/franka_emika_panda/panda.xml')>[0m[38;5;159m, material: [38;5;121m<gs.materials.Rigid>[0m[38;5;159m.[0m
[38;5;226m[Genesis] [16:07:52] [WARNING] (MJCF) Approximating tendon by joint actuator for `finger_joint1`[0m
[38;5;226m[Genesis] [16:07:52] [WARNING] (MJCF) Approximating tendon by joint actuator for `finger_joint2`[0m
[38;5;159m[Genesis] [16:07:52] [INFO] Adding [38;5;121m<gs.engine.entities.RigidEntity>[0m[38;5;159m. idx: [38;5;121m4[0m[38;5;159m, uid: [38;5;121m[3m<00ecb3c>[0m[38;5;159m, morph: [38;5;121m<gs.morphs.Box>[0m[38;5;159m, material: [38;5;121m<gs.materials.Rigid>[0m[38;5;159m.[0m
[38;5;159m[Genesis] [16:07:52] [INFO] Building scene [38;5;121m[3m<414e929>[0m[38;5;159m...[0m
[38;5;226m[Genesis] [16:07:52] [WARNING] Neutral robot position (qpos0) exceeds joint limits.[0m
[38;5;226m[Genesis] [16:07:52] [WARNING] Constraint solver time constant should be greater than 2*substep_dt. timeconst is changed from `0.005` to `0.00833333`). Decrease simulation timestep or increase timeconst to avoid altering the original value.[0m
[38;5;226m[Genesis] [16:07:53] [WARNING] Filtered out geometry pairs causing self-collision for the neutral configuration (qpos0): (8, 13), (9, 13), (16, 23), (17, 22), (18, 25), (19, 24). Consider tuning Morph option 'decompose_robot_error_threshold' or specify dedicated collision meshes. This behavior can be disabled by setting Morph option 'enable_neutral_collision=True'.[0m
[38;5;159m[Genesis] [16:07:54] [INFO] Compiling simulation kernels...[0m
[38;5;159m[Genesis] [16:07:54] [INFO] Building visualizer...[0m
[W 07/25/26 16:07:57.736 1442931] QuadrantsWarning
While compiling `_kernel_forward_kinematics_c68_9`, File "/workspace/parcel-sorter-rocm/third_party/genesis-world/genesis/engine/entities/rigid_entity/rigid_entity.py", line 3388, in _kernel_forward_kinematics:
            rigid_info.qpos[qs_idx[i_q_], envs_idx[i_b_]] = qpos[i_b_, i_q_]
            ^^^^^^^^^^^^^^^^^^^^^^^^^^^^^^^^^^^^^^^^^^^^^^^^^^^^^^^^^^^^^^^^
Assign may lose precision: f32 <- f64
{"timestamp_utc": "2026-07-25T16:08:03.984951+00:00", "run_index": 13, "repeat_index": 4, "episode_id": 7120004, "profile_id": "large_narrow_carton", "condition": "reset-risk-gated-planner", "condition_position": 2, "wall_seconds": 11.676443511620164, "success": false, "terminal_stage": "abort", "max_contact_force_n": 68.9991226196289, "planner_active": true}
[38;5;159m[Genesis] [16:08:03] [INFO] Scene [38;5;121m[3m<7e7e4dd>[0m[38;5;159m created.[0m
[38;5;159m[Genesis] [16:08:03] [INFO] Adding [38;5;121m<gs.engine.entities.RigidEntity>[0m[38;5;159m. idx: [38;5;121m0[0m[38;5;159m, uid: [38;5;121m[3m<79b1125>[0m[38;5;159m, morph: [38;5;121m<gs.morphs.Plane>[0m[38;5;159m, material: [38;5;121m<gs.materials.Rigid>[0m[38;5;159m.[0m
[38;5;159m[Genesis] [16:08:04] [INFO] Adding [38;5;121m<gs.engine.entities.RigidEntity>[0m[38;5;159m. idx: [38;5;121m1[0m[38;5;159m, uid: [38;5;121m[3m<c1f57d4>[0m[38;5;159m, morph: [38;5;121m<gs.morphs.Box>[0m[38;5;159m, material: [38;5;121m<gs.materials.Rigid>[0m[38;5;159m.[0m
[38;5;159m[Genesis] [16:08:04] [INFO] Adding [38;5;121m<gs.engine.entities.RigidEntity>[0m[38;5;159m. idx: [38;5;121m2[0m[38;5;159m, uid: [38;5;121m[3m<6d07eb2>[0m[38;5;159m, morph: [38;5;121m<gs.morphs.Box>[0m[38;5;159m, material: [38;5;121m<gs.materials.Rigid>[0m[38;5;159m.[0m
[38;5;159m[Genesis] [16:08:04] [INFO] Adding [38;5;121m<gs.engine.entities.RigidEntity>[0m[38;5;159m. idx: [38;5;121m3[0m[38;5;159m, uid: [38;5;121m[3m<77f05a9>[0m[38;5;159m, morph: [38;5;121m<gs.morphs.MJCF(file='/workspace/parcel-sorter-rocm/third_party/genesis-world/genesis/assets/xml/franka_emika_panda/panda.xml')>[0m[38;5;159m, material: [38;5;121m<gs.materials.Rigid>[0m[38;5;159m.[0m
[38;5;226m[Genesis] [16:08:04] [WARNING] (MJCF) Approximating tendon by joint actuator for `finger_joint1`[0m
[38;5;226m[Genesis] [16:08:04] [WARNING] (MJCF) Approximating tendon by joint actuator for `finger_joint2`[0m
[38;5;159m[Genesis] [16:08:04] [INFO] Adding [38;5;121m<gs.engine.entities.RigidEntity>[0m[38;5;159m. idx: [38;5;121m4[0m[38;5;159m, uid: [38;5;121m[3m<6ff22f7>[0m[38;5;159m, morph: [38;5;121m<gs.morphs.Box>[0m[38;5;159m, material: [38;5;121m<gs.materials.Rigid>[0m[38;5;159m.[0m
[38;5;159m[Genesis] [16:08:04] [INFO] Building scene [38;5;121m[3m<7e7e4dd>[0m[38;5;159m...[0m
[38;5;226m[Genesis] [16:08:04] [WARNING] Neutral robot position (qpos0) exceeds joint limits.[0m
[38;5;226m[Genesis] [16:08:04] [WARNING] Constraint solver time constant should be greater than 2*substep_dt. timeconst is changed from `0.005` to `0.00833333`). Decrease simulation timestep or increase timeconst to avoid altering the original value.[0m
[38;5;226m[Genesis] [16:08:05] [WARNING] Filtered out geometry pairs causing self-collision for the neutral configuration (qpos0): (8, 13), (9, 13), (16, 23), (17, 22), (18, 25), (19, 24). Consider tuning Morph option 'decompose_robot_error_threshold' or specify dedicated collision meshes. This behavior can be disabled by setting Morph option 'enable_neutral_collision=True'.[0m
[38;5;159m[Genesis] [16:08:06] [INFO] Compiling simulation kernels...[0m
[38;5;159m[Genesis] [16:08:06] [INFO] Building visualizer...[0m
[W 07/25/26 16:08:09.517 1442931] QuadrantsWarning
While compiling `_kernel_forward_kinematics_c68_10`, File "/workspace/parcel-sorter-rocm/third_party/genesis-world/genesis/engine/entities/rigid_entity/rigid_entity.py", line 3388, in _kernel_forward_kinematics:
            rigid_info.qpos[qs_idx[i_q_], envs_idx[i_b_]] = qpos[i_b_, i_q_]
            ^^^^^^^^^^^^^^^^^^^^^^^^^^^^^^^^^^^^^^^^^^^^^^^^^^^^^^^^^^^^^^^^
Assign may lose precision: f32 <- f64
{"timestamp_utc": "2026-07-25T16:08:15.533051+00:00", "run_index": 14, "repeat_index": 1, "episode_id": 7120004, "profile_id": "large_narrow_carton", "condition": "reset-risk-gated-planner", "condition_position": 1, "wall_seconds": 11.548006862867624, "success": false, "terminal_stage": "abort", "max_contact_force_n": 68.9991226196289, "planner_active": true}
[38;5;159m[Genesis] [16:08:15] [INFO] Scene [38;5;121m[3m<9a9baf1>[0m[38;5;159m created.[0m
[38;5;159m[Genesis] [16:08:15] [INFO] Adding [38;5;121m<gs.engine.entities.RigidEntity>[0m[38;5;159m. idx: [38;5;121m0[0m[38;5;159m, uid: [38;5;121m[3m<e696af5>[0m[38;5;159m, morph: [38;5;121m<gs.morphs.Plane>[0m[38;5;159m, material: [38;5;121m<gs.materials.Rigid>[0m[38;5;159m.[0m
[38;5;159m[Genesis] [16:08:15] [INFO] Adding [38;5;121m<gs.engine.entities.RigidEntity>[0m[38;5;159m. idx: [38;5;121m1[0m[38;5;159m, uid: [38;5;121m[3m<5637cf0>[0m[38;5;159m, morph: [38;5;121m<gs.morphs.Box>[0m[38;5;159m, material: [38;5;121m<gs.materials.Rigid>[0m[38;5;159m.[0m
[38;5;159m[Genesis] [16:08:15] [INFO] Adding [38;5;121m<gs.engine.entities.RigidEntity>[0m[38;5;159m. idx: [38;5;121m2[0m[38;5;159m, uid: [38;5;121m[3m<b2b48fb>[0m[38;5;159m, morph: [38;5;121m<gs.morphs.Box>[0m[38;5;159m, material: [38;5;121m<gs.materials.Rigid>[0m[38;5;159m.[0m
[38;5;159m[Genesis] [16:08:15] [INFO] Adding [38;5;121m<gs.engine.entities.RigidEntity>[0m[38;5;159m. idx: [38;5;121m3[0m[38;5;159m, uid: [38;5;121m[3m<07a423d>[0m[38;5;159m, morph: [38;5;121m<gs.morphs.MJCF(file='/workspace/parcel-sorter-rocm/third_party/genesis-world/genesis/assets/xml/franka_emika_panda/panda.xml')>[0m[38;5;159m, material: [38;5;121m<gs.materials.Rigid>[0m[38;5;159m.[0m
[38;5;226m[Genesis] [16:08:15] [WARNING] (MJCF) Approximating tendon by joint actuator for `finger_joint1`[0m
[38;5;226m[Genesis] [16:08:15] [WARNING] (MJCF) Approximating tendon by joint actuator for `finger_joint2`[0m
[38;5;159m[Genesis] [16:08:15] [INFO] Adding [38;5;121m<gs.engine.entities.RigidEntity>[0m[38;5;159m. idx: [38;5;121m4[0m[38;5;159m, uid: [38;5;121m[3m<8d3ab1a>[0m[38;5;159m, morph: [38;5;121m<gs.morphs.Box>[0m[38;5;159m, material: [38;5;121m<gs.materials.Rigid>[0m[38;5;159m.[0m
[38;5;159m[Genesis] [16:08:15] [INFO] Building scene [38;5;121m[3m<9a9baf1>[0m[38;5;159m...[0m
[38;5;226m[Genesis] [16:08:16] [WARNING] Neutral robot position (qpos0) exceeds joint limits.[0m
[38;5;226m[Genesis] [16:08:16] [WARNING] Constraint solver time constant should be greater than 2*substep_dt. timeconst is changed from `0.005` to `0.00833333`). Decrease simulation timestep or increase timeconst to avoid altering the original value.[0m
[38;5;226m[Genesis] [16:08:17] [WARNING] Filtered out geometry pairs causing self-collision for the neutral configuration (qpos0): (8, 13), (9, 13), (16, 23), (17, 22), (18, 25), (19, 24). Consider tuning Morph option 'decompose_robot_error_threshold' or specify dedicated collision meshes. This behavior can be disabled by setting Morph option 'enable_neutral_collision=True'.[0m
[38;5;159m[Genesis] [16:08:18] [INFO] Compiling simulation kernels...[0m
[38;5;159m[Genesis] [16:08:18] [INFO] Building visualizer...[0m
{"timestamp_utc": "2026-07-25T16:08:24.236791+00:00", "run_index": 14, "repeat_index": 1, "episode_id": 7120004, "profile_id": "large_narrow_carton", "condition": "collision-checked-reset", "condition_position": 2, "wall_seconds": 8.703645666129887, "success": true, "terminal_stage": "complete", "max_contact_force_n": 15.6122407913208, "planner_active": false}
[38;5;159m[Genesis] [16:08:24] [INFO] Scene [38;5;121m[3m<da662e2>[0m[38;5;159m created.[0m
[38;5;159m[Genesis] [16:08:24] [INFO] Adding [38;5;121m<gs.engine.entities.RigidEntity>[0m[38;5;159m. idx: [38;5;121m0[0m[38;5;159m, uid: [38;5;121m[3m<c7291e6>[0m[38;5;159m, morph: [38;5;121m<gs.morphs.Plane>[0m[38;5;159m, material: [38;5;121m<gs.materials.Rigid>[0m[38;5;159m.[0m
[38;5;159m[Genesis] [16:08:24] [INFO] Adding [38;5;121m<gs.engine.entities.RigidEntity>[0m[38;5;159m. idx: [38;5;121m1[0m[38;5;159m, uid: [38;5;121m[3m<115a459>[0m[38;5;159m, morph: [38;5;121m<gs.morphs.Box>[0m[38;5;159m, material: [38;5;121m<gs.materials.Rigid>[0m[38;5;159m.[0m
[38;5;159m[Genesis] [16:08:24] [INFO] Adding [38;5;121m<gs.engine.entities.RigidEntity>[0m[38;5;159m. idx: [38;5;121m2[0m[38;5;159m, uid: [38;5;121m[3m<b10c484>[0m[38;5;159m, morph: [38;5;121m<gs.morphs.Box>[0m[38;5;159m, material: [38;5;121m<gs.materials.Rigid>[0m[38;5;159m.[0m
[38;5;159m[Genesis] [16:08:24] [INFO] Adding [38;5;121m<gs.engine.entities.RigidEntity>[0m[38;5;159m. idx: [38;5;121m3[0m[38;5;159m, uid: [38;5;121m[3m<d43f212>[0m[38;5;159m, morph: [38;5;121m<gs.morphs.MJCF(file='/workspace/parcel-sorter-rocm/third_party/genesis-world/genesis/assets/xml/franka_emika_panda/panda.xml')>[0m[38;5;159m, material: [38;5;121m<gs.materials.Rigid>[0m[38;5;159m.[0m
[38;5;226m[Genesis] [16:08:24] [WARNING] (MJCF) Approximating tendon by joint actuator for `finger_joint1`[0m
[38;5;226m[Genesis] [16:08:24] [WARNING] (MJCF) Approximating tendon by joint actuator for `finger_joint2`[0m
[38;5;159m[Genesis] [16:08:24] [INFO] Adding [38;5;121m<gs.engine.entities.RigidEntity>[0m[38;5;159m. idx: [38;5;121m4[0m[38;5;159m, uid: [38;5;121m[3m<36d89a8>[0m[38;5;159m, morph: [38;5;121m<gs.morphs.Box>[0m[38;5;159m, material: [38;5;121m<gs.materials.Rigid>[0m[38;5;159m.[0m
[38;5;159m[Genesis] [16:08:24] [INFO] Building scene [38;5;121m[3m<da662e2>[0m[38;5;159m...[0m
[38;5;226m[Genesis] [16:08:24] [WARNING] Neutral robot position (qpos0) exceeds joint limits.[0m
[38;5;226m[Genesis] [16:08:24] [WARNING] Constraint solver time constant should be greater than 2*substep_dt. timeconst is changed from `0.005` to `0.00833333`). Decrease simulation timestep or increase timeconst to avoid altering the original value.[0m
[38;5;226m[Genesis] [16:08:25] [WARNING] Filtered out geometry pairs causing self-collision for the neutral configuration (qpos0): (8, 13), (9, 13), (16, 23), (17, 22), (18, 25), (19, 24). Consider tuning Morph option 'decompose_robot_error_threshold' or specify dedicated collision meshes. This behavior can be disabled by setting Morph option 'enable_neutral_collision=True'.[0m
[38;5;159m[Genesis] [16:08:26] [INFO] Compiling simulation kernels...[0m
[38;5;159m[Genesis] [16:08:26] [INFO] Building visualizer...[0m
{"timestamp_utc": "2026-07-25T16:08:36.458101+00:00", "run_index": 15, "repeat_index": 4, "episode_id": 5120003, "profile_id": "shoe_box_proxy", "condition": "reset-risk-gated-planner", "condition_position": 1, "wall_seconds": 12.22121074097231, "success": true, "terminal_stage": "complete", "max_contact_force_n": 29.692829132080078, "planner_active": true}
[38;5;159m[Genesis] [16:08:36] [INFO] Scene [38;5;121m[3m<962b86f>[0m[38;5;159m created.[0m
[38;5;159m[Genesis] [16:08:36] [INFO] Adding [38;5;121m<gs.engine.entities.RigidEntity>[0m[38;5;159m. idx: [38;5;121m0[0m[38;5;159m, uid: [38;5;121m[3m<646a049>[0m[38;5;159m, morph: [38;5;121m<gs.morphs.Plane>[0m[38;5;159m, material: [38;5;121m<gs.materials.Rigid>[0m[38;5;159m.[0m
[38;5;159m[Genesis] [16:08:36] [INFO] Adding [38;5;121m<gs.engine.entities.RigidEntity>[0m[38;5;159m. idx: [38;5;121m1[0m[38;5;159m, uid: [38;5;121m[3m<bf7b27e>[0m[38;5;159m, morph: [38;5;121m<gs.morphs.Box>[0m[38;5;159m, material: [38;5;121m<gs.materials.Rigid>[0m[38;5;159m.[0m
[38;5;159m[Genesis] [16:08:36] [INFO] Adding [38;5;121m<gs.engine.entities.RigidEntity>[0m[38;5;159m. idx: [38;5;121m2[0m[38;5;159m, uid: [38;5;121m[3m<606028e>[0m[38;5;159m, morph: [38;5;121m<gs.morphs.Box>[0m[38;5;159m, material: [38;5;121m<gs.materials.Rigid>[0m[38;5;159m.[0m
[38;5;159m[Genesis] [16:08:36] [INFO] Adding [38;5;121m<gs.engine.entities.RigidEntity>[0m[38;5;159m. idx: [38;5;121m3[0m[38;5;159m, uid: [38;5;121m[3m<942bf1b>[0m[38;5;159m, morph: [38;5;121m<gs.morphs.MJCF(file='/workspace/parcel-sorter-rocm/third_party/genesis-world/genesis/assets/xml/franka_emika_panda/panda.xml')>[0m[38;5;159m, material: [38;5;121m<gs.materials.Rigid>[0m[38;5;159m.[0m
[38;5;226m[Genesis] [16:08:36] [WARNING] (MJCF) Approximating tendon by joint actuator for `finger_joint1`[0m
[38;5;226m[Genesis] [16:08:36] [WARNING] (MJCF) Approximating tendon by joint actuator for `finger_joint2`[0m
[38;5;159m[Genesis] [16:08:36] [INFO] Adding [38;5;121m<gs.engine.entities.RigidEntity>[0m[38;5;159m. idx: [38;5;121m4[0m[38;5;159m, uid: [38;5;121m[3m<389c4bf>[0m[38;5;159m, morph: [38;5;121m<gs.morphs.Box>[0m[38;5;159m, material: [38;5;121m<gs.materials.Rigid>[0m[38;5;159m.[0m
[38;5;159m[Genesis] [16:08:36] [INFO] Building scene [38;5;121m[3m<962b86f>[0m[38;5;159m...[0m
[38;5;226m[Genesis] [16:08:36] [WARNING] Neutral robot position (qpos0) exceeds joint limits.[0m
[38;5;226m[Genesis] [16:08:36] [WARNING] Constraint solver time constant should be greater than 2*substep_dt. timeconst is changed from `0.005` to `0.00833333`). Decrease simulation timestep or increase timeconst to avoid altering the original value.[0m
[38;5;226m[Genesis] [16:08:38] [WARNING] Filtered out geometry pairs causing self-collision for the neutral configuration (qpos0): (8, 13), (9, 13), (16, 23), (17, 22), (18, 25), (19, 24). Consider tuning Morph option 'decompose_robot_error_threshold' or specify dedicated collision meshes. This behavior can be disabled by setting Morph option 'enable_neutral_collision=True'.[0m
[38;5;159m[Genesis] [16:08:38] [INFO] Compiling simulation kernels...[0m
[38;5;159m[Genesis] [16:08:38] [INFO] Building visualizer...[0m
{"timestamp_utc": "2026-07-25T16:08:47.075376+00:00", "run_index": 15, "repeat_index": 4, "episode_id": 5120003, "profile_id": "shoe_box_proxy", "condition": "collision-checked-reset", "condition_position": 2, "wall_seconds": 10.617186651099473, "success": false, "terminal_stage": "abort", "max_contact_force_n": 42.2443733215332, "planner_active": false}
[38;5;159m[Genesis] [16:08:47] [INFO] Scene [38;5;121m[3m<c17536a>[0m[38;5;159m created.[0m
[38;5;159m[Genesis] [16:08:47] [INFO] Adding [38;5;121m<gs.engine.entities.RigidEntity>[0m[38;5;159m. idx: [38;5;121m0[0m[38;5;159m, uid: [38;5;121m[3m<b30380a>[0m[38;5;159m, morph: [38;5;121m<gs.morphs.Plane>[0m[38;5;159m, material: [38;5;121m<gs.materials.Rigid>[0m[38;5;159m.[0m
[38;5;159m[Genesis] [16:08:47] [INFO] Adding [38;5;121m<gs.engine.entities.RigidEntity>[0m[38;5;159m. idx: [38;5;121m1[0m[38;5;159m, uid: [38;5;121m[3m<8a412a1>[0m[38;5;159m, morph: [38;5;121m<gs.morphs.Box>[0m[38;5;159m, material: [38;5;121m<gs.materials.Rigid>[0m[38;5;159m.[0m
[38;5;159m[Genesis] [16:08:47] [INFO] Adding [38;5;121m<gs.engine.entities.RigidEntity>[0m[38;5;159m. idx: [38;5;121m2[0m[38;5;159m, uid: [38;5;121m[3m<70b07f2>[0m[38;5;159m, morph: [38;5;121m<gs.morphs.Box>[0m[38;5;159m, material: [38;5;121m<gs.materials.Rigid>[0m[38;5;159m.[0m
[38;5;159m[Genesis] [16:08:47] [INFO] Adding [38;5;121m<gs.engine.entities.RigidEntity>[0m[38;5;159m. idx: [38;5;121m3[0m[38;5;159m, uid: [38;5;121m[3m<de89ddf>[0m[38;5;159m, morph: [38;5;121m<gs.morphs.MJCF(file='/workspace/parcel-sorter-rocm/third_party/genesis-world/genesis/assets/xml/franka_emika_panda/panda.xml')>[0m[38;5;159m, material: [38;5;121m<gs.materials.Rigid>[0m[38;5;159m.[0m
[38;5;226m[Genesis] [16:08:47] [WARNING] (MJCF) Approximating tendon by joint actuator for `finger_joint1`[0m
[38;5;226m[Genesis] [16:08:47] [WARNING] (MJCF) Approximating tendon by joint actuator for `finger_joint2`[0m
[38;5;159m[Genesis] [16:08:47] [INFO] Adding [38;5;121m<gs.engine.entities.RigidEntity>[0m[38;5;159m. idx: [38;5;121m4[0m[38;5;159m, uid: [38;5;121m[3m<21bf3d4>[0m[38;5;159m, morph: [38;5;121m<gs.morphs.Box>[0m[38;5;159m, material: [38;5;121m<gs.materials.Rigid>[0m[38;5;159m.[0m
[38;5;159m[Genesis] [16:08:47] [INFO] Building scene [38;5;121m[3m<c17536a>[0m[38;5;159m...[0m
[38;5;226m[Genesis] [16:08:47] [WARNING] Neutral robot position (qpos0) exceeds joint limits.[0m
[38;5;226m[Genesis] [16:08:47] [WARNING] Constraint solver time constant should be greater than 2*substep_dt. timeconst is changed from `0.005` to `0.00833333`). Decrease simulation timestep or increase timeconst to avoid altering the original value.[0m
[38;5;226m[Genesis] [16:08:48] [WARNING] Filtered out geometry pairs causing self-collision for the neutral configuration (qpos0): (8, 13), (9, 13), (16, 23), (17, 22), (18, 25), (19, 24). Consider tuning Morph option 'decompose_robot_error_threshold' or specify dedicated collision meshes. This behavior can be disabled by setting Morph option 'enable_neutral_collision=True'.[0m
[38;5;159m[Genesis] [16:08:49] [INFO] Compiling simulation kernels...[0m
[38;5;159m[Genesis] [16:08:49] [INFO] Building visualizer...[0m
[W 07/25/26 16:08:52.550 1442931] QuadrantsWarning
While compiling `_kernel_forward_kinematics_c68_12`, File "/workspace/parcel-sorter-rocm/third_party/genesis-world/genesis/engine/entities/rigid_entity/rigid_entity.py", line 3388, in _kernel_forward_kinematics:
            rigid_info.qpos[qs_idx[i_q_], envs_idx[i_b_]] = qpos[i_b_, i_q_]
            ^^^^^^^^^^^^^^^^^^^^^^^^^^^^^^^^^^^^^^^^^^^^^^^^^^^^^^^^^^^^^^^^
Assign may lose precision: f32 <- f64
{"timestamp_utc": "2026-07-25T16:08:59.968204+00:00", "run_index": 16, "repeat_index": 5, "episode_id": 5120003, "profile_id": "shoe_box_proxy", "condition": "reset-risk-gated-planner", "condition_position": 1, "wall_seconds": 12.892722794786096, "success": true, "terminal_stage": "complete", "max_contact_force_n": 29.692829132080078, "planner_active": true}
[38;5;159m[Genesis] [16:08:59] [INFO] Scene [38;5;121m[3m<bdd82e0>[0m[38;5;159m created.[0m
[38;5;159m[Genesis] [16:08:59] [INFO] Adding [38;5;121m<gs.engine.entities.RigidEntity>[0m[38;5;159m. idx: [38;5;121m0[0m[38;5;159m, uid: [38;5;121m[3m<9e5f1ba>[0m[38;5;159m, morph: [38;5;121m<gs.morphs.Plane>[0m[38;5;159m, material: [38;5;121m<gs.materials.Rigid>[0m[38;5;159m.[0m
[38;5;159m[Genesis] [16:08:59] [INFO] Adding [38;5;121m<gs.engine.entities.RigidEntity>[0m[38;5;159m. idx: [38;5;121m1[0m[38;5;159m, uid: [38;5;121m[3m<dce5f2a>[0m[38;5;159m, morph: [38;5;121m<gs.morphs.Box>[0m[38;5;159m, material: [38;5;121m<gs.materials.Rigid>[0m[38;5;159m.[0m
[38;5;159m[Genesis] [16:08:59] [INFO] Adding [38;5;121m<gs.engine.entities.RigidEntity>[0m[38;5;159m. idx: [38;5;121m2[0m[38;5;159m, uid: [38;5;121m[3m<7d078b0>[0m[38;5;159m, morph: [38;5;121m<gs.morphs.Box>[0m[38;5;159m, material: [38;5;121m<gs.materials.Rigid>[0m[38;5;159m.[0m
[38;5;159m[Genesis] [16:08:59] [INFO] Adding [38;5;121m<gs.engine.entities.RigidEntity>[0m[38;5;159m. idx: [38;5;121m3[0m[38;5;159m, uid: [38;5;121m[3m<8b23012>[0m[38;5;159m, morph: [38;5;121m<gs.morphs.MJCF(file='/workspace/parcel-sorter-rocm/third_party/genesis-world/genesis/assets/xml/franka_emika_panda/panda.xml')>[0m[38;5;159m, material: [38;5;121m<gs.materials.Rigid>[0m[38;5;159m.[0m
[38;5;226m[Genesis] [16:09:00] [WARNING] (MJCF) Approximating tendon by joint actuator for `finger_joint1`[0m
[38;5;226m[Genesis] [16:09:00] [WARNING] (MJCF) Approximating tendon by joint actuator for `finger_joint2`[0m
[38;5;159m[Genesis] [16:09:00] [INFO] Adding [38;5;121m<gs.engine.entities.RigidEntity>[0m[38;5;159m. idx: [38;5;121m4[0m[38;5;159m, uid: [38;5;121m[3m<2678f9f>[0m[38;5;159m, morph: [38;5;121m<gs.morphs.Box>[0m[38;5;159m, material: [38;5;121m<gs.materials.Rigid>[0m[38;5;159m.[0m
[38;5;159m[Genesis] [16:09:00] [INFO] Building scene [38;5;121m[3m<bdd82e0>[0m[38;5;159m...[0m
[38;5;226m[Genesis] [16:09:00] [WARNING] Neutral robot position (qpos0) exceeds joint limits.[0m
[38;5;226m[Genesis] [16:09:00] [WARNING] Constraint solver time constant should be greater than 2*substep_dt. timeconst is changed from `0.005` to `0.00833333`). Decrease simulation timestep or increase timeconst to avoid altering the original value.[0m
[38;5;226m[Genesis] [16:09:01] [WARNING] Filtered out geometry pairs causing self-collision for the neutral configuration (qpos0): (8, 13), (9, 13), (16, 23), (17, 22), (18, 25), (19, 24). Consider tuning Morph option 'decompose_robot_error_threshold' or specify dedicated collision meshes. This behavior can be disabled by setting Morph option 'enable_neutral_collision=True'.[0m
[38;5;159m[Genesis] [16:09:02] [INFO] Compiling simulation kernels...[0m
[38;5;159m[Genesis] [16:09:02] [INFO] Building visualizer...[0m
{"timestamp_utc": "2026-07-25T16:09:10.674098+00:00", "run_index": 16, "repeat_index": 5, "episode_id": 5120003, "profile_id": "shoe_box_proxy", "condition": "collision-checked-reset", "condition_position": 2, "wall_seconds": 10.705803783144802, "success": false, "terminal_stage": "abort", "max_contact_force_n": 42.2443733215332, "planner_active": false}
[38;5;159m[Genesis] [16:09:10] [INFO] Scene [38;5;121m[3m<c4c1cde>[0m[38;5;159m created.[0m
[38;5;159m[Genesis] [16:09:10] [INFO] Adding [38;5;121m<gs.engine.entities.RigidEntity>[0m[38;5;159m. idx: [38;5;121m0[0m[38;5;159m, uid: [38;5;121m[3m<da32c9a>[0m[38;5;159m, morph: [38;5;121m<gs.morphs.Plane>[0m[38;5;159m, material: [38;5;121m<gs.materials.Rigid>[0m[38;5;159m.[0m
[38;5;159m[Genesis] [16:09:10] [INFO] Adding [38;5;121m<gs.engine.entities.RigidEntity>[0m[38;5;159m. idx: [38;5;121m1[0m[38;5;159m, uid: [38;5;121m[3m<efb9244>[0m[38;5;159m, morph: [38;5;121m<gs.morphs.Box>[0m[38;5;159m, material: [38;5;121m<gs.materials.Rigid>[0m[38;5;159m.[0m
[38;5;159m[Genesis] [16:09:10] [INFO] Adding [38;5;121m<gs.engine.entities.RigidEntity>[0m[38;5;159m. idx: [38;5;121m2[0m[38;5;159m, uid: [38;5;121m[3m<9f36c83>[0m[38;5;159m, morph: [38;5;121m<gs.morphs.Box>[0m[38;5;159m, material: [38;5;121m<gs.materials.Rigid>[0m[38;5;159m.[0m
[38;5;159m[Genesis] [16:09:10] [INFO] Adding [38;5;121m<gs.engine.entities.RigidEntity>[0m[38;5;159m. idx: [38;5;121m3[0m[38;5;159m, uid: [38;5;121m[3m<ea3500a>[0m[38;5;159m, morph: [38;5;121m<gs.morphs.MJCF(file='/workspace/parcel-sorter-rocm/third_party/genesis-world/genesis/assets/xml/franka_emika_panda/panda.xml')>[0m[38;5;159m, material: [38;5;121m<gs.materials.Rigid>[0m[38;5;159m.[0m
[38;5;226m[Genesis] [16:09:10] [WARNING] (MJCF) Approximating tendon by joint actuator for `finger_joint1`[0m
[38;5;226m[Genesis] [16:09:10] [WARNING] (MJCF) Approximating tendon by joint actuator for `finger_joint2`[0m
[38;5;159m[Genesis] [16:09:10] [INFO] Adding [38;5;121m<gs.engine.entities.RigidEntity>[0m[38;5;159m. idx: [38;5;121m4[0m[38;5;159m, uid: [38;5;121m[3m<8a92002>[0m[38;5;159m, morph: [38;5;121m<gs.morphs.Box>[0m[38;5;159m, material: [38;5;121m<gs.materials.Rigid>[0m[38;5;159m.[0m
[38;5;159m[Genesis] [16:09:10] [INFO] Building scene [38;5;121m[3m<c4c1cde>[0m[38;5;159m...[0m
[38;5;226m[Genesis] [16:09:11] [WARNING] Neutral robot position (qpos0) exceeds joint limits.[0m
[38;5;226m[Genesis] [16:09:11] [WARNING] Constraint solver time constant should be greater than 2*substep_dt. timeconst is changed from `0.005` to `0.00833333`). Decrease simulation timestep or increase timeconst to avoid altering the original value.[0m
[38;5;226m[Genesis] [16:09:12] [WARNING] Filtered out geometry pairs causing self-collision for the neutral configuration (qpos0): (8, 13), (9, 13), (16, 23), (17, 22), (18, 25), (19, 24). Consider tuning Morph option 'decompose_robot_error_threshold' or specify dedicated collision meshes. This behavior can be disabled by setting Morph option 'enable_neutral_collision=True'.[0m
[38;5;159m[Genesis] [16:09:13] [INFO] Compiling simulation kernels...[0m
[38;5;159m[Genesis] [16:09:13] [INFO] Building visualizer...[0m
{"timestamp_utc": "2026-07-25T16:09:20.811592+00:00", "run_index": 17, "repeat_index": 5, "episode_id": 5120000, "profile_id": "shoe_box_proxy", "condition": "reset-risk-gated-planner", "condition_position": 1, "wall_seconds": 10.137385700363666, "success": false, "terminal_stage": "abort", "max_contact_force_n": 67.09175109863281, "planner_active": false}
[38;5;159m[Genesis] [16:09:20] [INFO] Scene [38;5;121m[3m<bfa1962>[0m[38;5;159m created.[0m
[38;5;159m[Genesis] [16:09:20] [INFO] Adding [38;5;121m<gs.engine.entities.RigidEntity>[0m[38;5;159m. idx: [38;5;121m0[0m[38;5;159m, uid: [38;5;121m[3m<986cb78>[0m[38;5;159m, morph: [38;5;121m<gs.morphs.Plane>[0m[38;5;159m, material: [38;5;121m<gs.materials.Rigid>[0m[38;5;159m.[0m
[38;5;159m[Genesis] [16:09:20] [INFO] Adding [38;5;121m<gs.engine.entities.RigidEntity>[0m[38;5;159m. idx: [38;5;121m1[0m[38;5;159m, uid: [38;5;121m[3m<212537c>[0m[38;5;159m, morph: [38;5;121m<gs.morphs.Box>[0m[38;5;159m, material: [38;5;121m<gs.materials.Rigid>[0m[38;5;159m.[0m
[38;5;159m[Genesis] [16:09:20] [INFO] Adding [38;5;121m<gs.engine.entities.RigidEntity>[0m[38;5;159m. idx: [38;5;121m2[0m[38;5;159m, uid: [38;5;121m[3m<e479c77>[0m[38;5;159m, morph: [38;5;121m<gs.morphs.Box>[0m[38;5;159m, material: [38;5;121m<gs.materials.Rigid>[0m[38;5;159m.[0m
[38;5;159m[Genesis] [16:09:20] [INFO] Adding [38;5;121m<gs.engine.entities.RigidEntity>[0m[38;5;159m. idx: [38;5;121m3[0m[38;5;159m, uid: [38;5;121m[3m<b8dbb4b>[0m[38;5;159m, morph: [38;5;121m<gs.morphs.MJCF(file='/workspace/parcel-sorter-rocm/third_party/genesis-world/genesis/assets/xml/franka_emika_panda/panda.xml')>[0m[38;5;159m, material: [38;5;121m<gs.materials.Rigid>[0m[38;5;159m.[0m
[38;5;226m[Genesis] [16:09:21] [WARNING] (MJCF) Approximating tendon by joint actuator for `finger_joint1`[0m
[38;5;226m[Genesis] [16:09:21] [WARNING] (MJCF) Approximating tendon by joint actuator for `finger_joint2`[0m
[38;5;159m[Genesis] [16:09:21] [INFO] Adding [38;5;121m<gs.engine.entities.RigidEntity>[0m[38;5;159m. idx: [38;5;121m4[0m[38;5;159m, uid: [38;5;121m[3m<47ff200>[0m[38;5;159m, morph: [38;5;121m<gs.morphs.Box>[0m[38;5;159m, material: [38;5;121m<gs.materials.Rigid>[0m[38;5;159m.[0m
[38;5;159m[Genesis] [16:09:21] [INFO] Building scene [38;5;121m[3m<bfa1962>[0m[38;5;159m...[0m
[38;5;226m[Genesis] [16:09:21] [WARNING] Neutral robot position (qpos0) exceeds joint limits.[0m
[38;5;226m[Genesis] [16:09:21] [WARNING] Constraint solver time constant should be greater than 2*substep_dt. timeconst is changed from `0.005` to `0.00833333`). Decrease simulation timestep or increase timeconst to avoid altering the original value.[0m
[38;5;226m[Genesis] [16:09:22] [WARNING] Filtered out geometry pairs causing self-collision for the neutral configuration (qpos0): (8, 13), (9, 13), (16, 23), (17, 22), (18, 25), (19, 24). Consider tuning Morph option 'decompose_robot_error_threshold' or specify dedicated collision meshes. This behavior can be disabled by setting Morph option 'enable_neutral_collision=True'.[0m
[38;5;159m[Genesis] [16:09:23] [INFO] Compiling simulation kernels...[0m
[38;5;159m[Genesis] [16:09:23] [INFO] Building visualizer...[0m
{"timestamp_utc": "2026-07-25T16:09:31.205335+00:00", "run_index": 17, "repeat_index": 5, "episode_id": 5120000, "profile_id": "shoe_box_proxy", "condition": "collision-checked-reset", "condition_position": 2, "wall_seconds": 10.393648386001587, "success": true, "terminal_stage": "complete", "max_contact_force_n": 26.555866241455078, "planner_active": false}
[38;5;159m[Genesis] [16:09:31] [INFO] Scene [38;5;121m[3m<6829320>[0m[38;5;159m created.[0m
[38;5;159m[Genesis] [16:09:31] [INFO] Adding [38;5;121m<gs.engine.entities.RigidEntity>[0m[38;5;159m. idx: [38;5;121m0[0m[38;5;159m, uid: [38;5;121m[3m<484f1b6>[0m[38;5;159m, morph: [38;5;121m<gs.morphs.Plane>[0m[38;5;159m, material: [38;5;121m<gs.materials.Rigid>[0m[38;5;159m.[0m
[38;5;159m[Genesis] [16:09:31] [INFO] Adding [38;5;121m<gs.engine.entities.RigidEntity>[0m[38;5;159m. idx: [38;5;121m1[0m[38;5;159m, uid: [38;5;121m[3m<d69b597>[0m[38;5;159m, morph: [38;5;121m<gs.morphs.Box>[0m[38;5;159m, material: [38;5;121m<gs.materials.Rigid>[0m[38;5;159m.[0m
[38;5;159m[Genesis] [16:09:31] [INFO] Adding [38;5;121m<gs.engine.entities.RigidEntity>[0m[38;5;159m. idx: [38;5;121m2[0m[38;5;159m, uid: [38;5;121m[3m<743804f>[0m[38;5;159m, morph: [38;5;121m<gs.morphs.Box>[0m[38;5;159m, material: [38;5;121m<gs.materials.Rigid>[0m[38;5;159m.[0m
[38;5;159m[Genesis] [16:09:31] [INFO] Adding [38;5;121m<gs.engine.entities.RigidEntity>[0m[38;5;159m. idx: [38;5;121m3[0m[38;5;159m, uid: [38;5;121m[3m<fd2bea1>[0m[38;5;159m, morph: [38;5;121m<gs.morphs.MJCF(file='/workspace/parcel-sorter-rocm/third_party/genesis-world/genesis/assets/xml/franka_emika_panda/panda.xml')>[0m[38;5;159m, material: [38;5;121m<gs.materials.Rigid>[0m[38;5;159m.[0m
[38;5;226m[Genesis] [16:09:31] [WARNING] (MJCF) Approximating tendon by joint actuator for `finger_joint1`[0m
[38;5;226m[Genesis] [16:09:31] [WARNING] (MJCF) Approximating tendon by joint actuator for `finger_joint2`[0m
[38;5;159m[Genesis] [16:09:31] [INFO] Adding [38;5;121m<gs.engine.entities.RigidEntity>[0m[38;5;159m. idx: [38;5;121m4[0m[38;5;159m, uid: [38;5;121m[3m<566006a>[0m[38;5;159m, morph: [38;5;121m<gs.morphs.Box>[0m[38;5;159m, material: [38;5;121m<gs.materials.Rigid>[0m[38;5;159m.[0m
[38;5;159m[Genesis] [16:09:31] [INFO] Building scene [38;5;121m[3m<6829320>[0m[38;5;159m...[0m
[38;5;226m[Genesis] [16:09:31] [WARNING] Neutral robot position (qpos0) exceeds joint limits.[0m
[38;5;226m[Genesis] [16:09:31] [WARNING] Constraint solver time constant should be greater than 2*substep_dt. timeconst is changed from `0.005` to `0.00833333`). Decrease simulation timestep or increase timeconst to avoid altering the original value.[0m
[38;5;226m[Genesis] [16:09:32] [WARNING] Filtered out geometry pairs causing self-collision for the neutral configuration (qpos0): (8, 13), (9, 13), (16, 23), (17, 22), (18, 25), (19, 24). Consider tuning Morph option 'decompose_robot_error_threshold' or specify dedicated collision meshes. This behavior can be disabled by setting Morph option 'enable_neutral_collision=True'.[0m
[38;5;159m[Genesis] [16:09:33] [INFO] Compiling simulation kernels...[0m
[38;5;159m[Genesis] [16:09:33] [INFO] Building visualizer...[0m
[W 07/25/26 16:09:36.674 1442931] QuadrantsWarning
While compiling `_kernel_forward_kinematics_c68_13`, File "/workspace/parcel-sorter-rocm/third_party/genesis-world/genesis/engine/entities/rigid_entity/rigid_entity.py", line 3388, in _kernel_forward_kinematics:
            rigid_info.qpos[qs_idx[i_q_], envs_idx[i_b_]] = qpos[i_b_, i_q_]
            ^^^^^^^^^^^^^^^^^^^^^^^^^^^^^^^^^^^^^^^^^^^^^^^^^^^^^^^^^^^^^^^^
Assign may lose precision: f32 <- f64
{"timestamp_utc": "2026-07-25T16:09:44.524844+00:00", "run_index": 18, "repeat_index": 1, "episode_id": 4120001, "profile_id": "medium_carton", "condition": "reset-risk-gated-planner", "condition_position": 1, "wall_seconds": 13.319413899909705, "success": false, "terminal_stage": "abort", "max_contact_force_n": 159.27162170410156, "planner_active": true}
[38;5;159m[Genesis] [16:09:44] [INFO] Scene [38;5;121m[3m<4bf272e>[0m[38;5;159m created.[0m
[38;5;159m[Genesis] [16:09:44] [INFO] Adding [38;5;121m<gs.engine.entities.RigidEntity>[0m[38;5;159m. idx: [38;5;121m0[0m[38;5;159m, uid: [38;5;121m[3m<811aa70>[0m[38;5;159m, morph: [38;5;121m<gs.morphs.Plane>[0m[38;5;159m, material: [38;5;121m<gs.materials.Rigid>[0m[38;5;159m.[0m
[38;5;159m[Genesis] [16:09:44] [INFO] Adding [38;5;121m<gs.engine.entities.RigidEntity>[0m[38;5;159m. idx: [38;5;121m1[0m[38;5;159m, uid: [38;5;121m[3m<66b94b6>[0m[38;5;159m, morph: [38;5;121m<gs.morphs.Box>[0m[38;5;159m, material: [38;5;121m<gs.materials.Rigid>[0m[38;5;159m.[0m
[38;5;159m[Genesis] [16:09:44] [INFO] Adding [38;5;121m<gs.engine.entities.RigidEntity>[0m[38;5;159m. idx: [38;5;121m2[0m[38;5;159m, uid: [38;5;121m[3m<d1e040c>[0m[38;5;159m, morph: [38;5;121m<gs.morphs.Box>[0m[38;5;159m, material: [38;5;121m<gs.materials.Rigid>[0m[38;5;159m.[0m
[38;5;159m[Genesis] [16:09:44] [INFO] Adding [38;5;121m<gs.engine.entities.RigidEntity>[0m[38;5;159m. idx: [38;5;121m3[0m[38;5;159m, uid: [38;5;121m[3m<d695990>[0m[38;5;159m, morph: [38;5;121m<gs.morphs.MJCF(file='/workspace/parcel-sorter-rocm/third_party/genesis-world/genesis/assets/xml/franka_emika_panda/panda.xml')>[0m[38;5;159m, material: [38;5;121m<gs.materials.Rigid>[0m[38;5;159m.[0m
[38;5;226m[Genesis] [16:09:44] [WARNING] (MJCF) Approximating tendon by joint actuator for `finger_joint1`[0m
[38;5;226m[Genesis] [16:09:44] [WARNING] (MJCF) Approximating tendon by joint actuator for `finger_joint2`[0m
[38;5;159m[Genesis] [16:09:44] [INFO] Adding [38;5;121m<gs.engine.entities.RigidEntity>[0m[38;5;159m. idx: [38;5;121m4[0m[38;5;159m, uid: [38;5;121m[3m<3a2edd8>[0m[38;5;159m, morph: [38;5;121m<gs.morphs.Box>[0m[38;5;159m, material: [38;5;121m<gs.materials.Rigid>[0m[38;5;159m.[0m
[38;5;159m[Genesis] [16:09:44] [INFO] Building scene [38;5;121m[3m<4bf272e>[0m[38;5;159m...[0m
[38;5;226m[Genesis] [16:09:44] [WARNING] Neutral robot position (qpos0) exceeds joint limits.[0m
[38;5;226m[Genesis] [16:09:45] [WARNING] Constraint solver time constant should be greater than 2*substep_dt. timeconst is changed from `0.005` to `0.00833333`). Decrease simulation timestep or increase timeconst to avoid altering the original value.[0m
[38;5;226m[Genesis] [16:09:46] [WARNING] Filtered out geometry pairs causing self-collision for the neutral configuration (qpos0): (8, 13), (9, 13), (16, 23), (17, 22), (18, 25), (19, 24). Consider tuning Morph option 'decompose_robot_error_threshold' or specify dedicated collision meshes. This behavior can be disabled by setting Morph option 'enable_neutral_collision=True'.[0m
[38;5;159m[Genesis] [16:09:46] [INFO] Compiling simulation kernels...[0m
[38;5;159m[Genesis] [16:09:46] [INFO] Building visualizer...[0m
{"timestamp_utc": "2026-07-25T16:09:53.264274+00:00", "run_index": 18, "repeat_index": 1, "episode_id": 4120001, "profile_id": "medium_carton", "condition": "collision-checked-reset", "condition_position": 2, "wall_seconds": 8.739333910867572, "success": true, "terminal_stage": "complete", "max_contact_force_n": 5.371088981628418, "planner_active": false}
[38;5;159m[Genesis] [16:09:53] [INFO] Scene [38;5;121m[3m<eea8dda>[0m[38;5;159m created.[0m
[38;5;159m[Genesis] [16:09:53] [INFO] Adding [38;5;121m<gs.engine.entities.RigidEntity>[0m[38;5;159m. idx: [38;5;121m0[0m[38;5;159m, uid: [38;5;121m[3m<8dd6978>[0m[38;5;159m, morph: [38;5;121m<gs.morphs.Plane>[0m[38;5;159m, material: [38;5;121m<gs.materials.Rigid>[0m[38;5;159m.[0m
[38;5;159m[Genesis] [16:09:53] [INFO] Adding [38;5;121m<gs.engine.entities.RigidEntity>[0m[38;5;159m. idx: [38;5;121m1[0m[38;5;159m, uid: [38;5;121m[3m<4e83260>[0m[38;5;159m, morph: [38;5;121m<gs.morphs.Box>[0m[38;5;159m, material: [38;5;121m<gs.materials.Rigid>[0m[38;5;159m.[0m
[38;5;159m[Genesis] [16:09:53] [INFO] Adding [38;5;121m<gs.engine.entities.RigidEntity>[0m[38;5;159m. idx: [38;5;121m2[0m[38;5;159m, uid: [38;5;121m[3m<aa44dde>[0m[38;5;159m, morph: [38;5;121m<gs.morphs.Box>[0m[38;5;159m, material: [38;5;121m<gs.materials.Rigid>[0m[38;5;159m.[0m
[38;5;159m[Genesis] [16:09:53] [INFO] Adding [38;5;121m<gs.engine.entities.RigidEntity>[0m[38;5;159m. idx: [38;5;121m3[0m[38;5;159m, uid: [38;5;121m[3m<58ae0ec>[0m[38;5;159m, morph: [38;5;121m<gs.morphs.MJCF(file='/workspace/parcel-sorter-rocm/third_party/genesis-world/genesis/assets/xml/franka_emika_panda/panda.xml')>[0m[38;5;159m, material: [38;5;121m<gs.materials.Rigid>[0m[38;5;159m.[0m
[38;5;226m[Genesis] [16:09:53] [WARNING] (MJCF) Approximating tendon by joint actuator for `finger_joint1`[0m
[38;5;226m[Genesis] [16:09:53] [WARNING] (MJCF) Approximating tendon by joint actuator for `finger_joint2`[0m
[38;5;159m[Genesis] [16:09:53] [INFO] Adding [38;5;121m<gs.engine.entities.RigidEntity>[0m[38;5;159m. idx: [38;5;121m4[0m[38;5;159m, uid: [38;5;121m[3m<b963f03>[0m[38;5;159m, morph: [38;5;121m<gs.morphs.Box>[0m[38;5;159m, material: [38;5;121m<gs.materials.Rigid>[0m[38;5;159m.[0m
[38;5;159m[Genesis] [16:09:53] [INFO] Building scene [38;5;121m[3m<eea8dda>[0m[38;5;159m...[0m
[38;5;226m[Genesis] [16:09:53] [WARNING] Neutral robot position (qpos0) exceeds joint limits.[0m
[38;5;226m[Genesis] [16:09:53] [WARNING] Constraint solver time constant should be greater than 2*substep_dt. timeconst is changed from `0.005` to `0.00833333`). Decrease simulation timestep or increase timeconst to avoid altering the original value.[0m
[38;5;226m[Genesis] [16:09:54] [WARNING] Filtered out geometry pairs causing self-collision for the neutral configuration (qpos0): (8, 13), (9, 13), (16, 23), (17, 22), (18, 25), (19, 24). Consider tuning Morph option 'decompose_robot_error_threshold' or specify dedicated collision meshes. This behavior can be disabled by setting Morph option 'enable_neutral_collision=True'.[0m
[38;5;159m[Genesis] [16:09:55] [INFO] Compiling simulation kernels...[0m
[38;5;159m[Genesis] [16:09:55] [INFO] Building visualizer...[0m
{"timestamp_utc": "2026-07-25T16:10:02.228447+00:00", "run_index": 19, "repeat_index": 5, "episode_id": 4120001, "profile_id": "medium_carton", "condition": "collision-checked-reset", "condition_position": 1, "wall_seconds": 8.964080065954477, "success": true, "terminal_stage": "complete", "max_contact_force_n": 5.371088981628418, "planner_active": false}
[38;5;159m[Genesis] [16:10:02] [INFO] Scene [38;5;121m[3m<f8aeda4>[0m[38;5;159m created.[0m
[38;5;159m[Genesis] [16:10:02] [INFO] Adding [38;5;121m<gs.engine.entities.RigidEntity>[0m[38;5;159m. idx: [38;5;121m0[0m[38;5;159m, uid: [38;5;121m[3m<79d14c0>[0m[38;5;159m, morph: [38;5;121m<gs.morphs.Plane>[0m[38;5;159m, material: [38;5;121m<gs.materials.Rigid>[0m[38;5;159m.[0m
[38;5;159m[Genesis] [16:10:02] [INFO] Adding [38;5;121m<gs.engine.entities.RigidEntity>[0m[38;5;159m. idx: [38;5;121m1[0m[38;5;159m, uid: [38;5;121m[3m<60ae26b>[0m[38;5;159m, morph: [38;5;121m<gs.morphs.Box>[0m[38;5;159m, material: [38;5;121m<gs.materials.Rigid>[0m[38;5;159m.[0m
[38;5;159m[Genesis] [16:10:02] [INFO] Adding [38;5;121m<gs.engine.entities.RigidEntity>[0m[38;5;159m. idx: [38;5;121m2[0m[38;5;159m, uid: [38;5;121m[3m<ac4ef25>[0m[38;5;159m, morph: [38;5;121m<gs.morphs.Box>[0m[38;5;159m, material: [38;5;121m<gs.materials.Rigid>[0m[38;5;159m.[0m
[38;5;159m[Genesis] [16:10:02] [INFO] Adding [38;5;121m<gs.engine.entities.RigidEntity>[0m[38;5;159m. idx: [38;5;121m3[0m[38;5;159m, uid: [38;5;121m[3m<817317d>[0m[38;5;159m, morph: [38;5;121m<gs.morphs.MJCF(file='/workspace/parcel-sorter-rocm/third_party/genesis-world/genesis/assets/xml/franka_emika_panda/panda.xml')>[0m[38;5;159m, material: [38;5;121m<gs.materials.Rigid>[0m[38;5;159m.[0m
[38;5;226m[Genesis] [16:10:02] [WARNING] (MJCF) Approximating tendon by joint actuator for `finger_joint1`[0m
[38;5;226m[Genesis] [16:10:02] [WARNING] (MJCF) Approximating tendon by joint actuator for `finger_joint2`[0m
[38;5;159m[Genesis] [16:10:02] [INFO] Adding [38;5;121m<gs.engine.entities.RigidEntity>[0m[38;5;159m. idx: [38;5;121m4[0m[38;5;159m, uid: [38;5;121m[3m<4412724>[0m[38;5;159m, morph: [38;5;121m<gs.morphs.Box>[0m[38;5;159m, material: [38;5;121m<gs.materials.Rigid>[0m[38;5;159m.[0m
[38;5;159m[Genesis] [16:10:02] [INFO] Building scene [38;5;121m[3m<f8aeda4>[0m[38;5;159m...[0m
[38;5;226m[Genesis] [16:10:02] [WARNING] Neutral robot position (qpos0) exceeds joint limits.[0m
[38;5;226m[Genesis] [16:10:02] [WARNING] Constraint solver time constant should be greater than 2*substep_dt. timeconst is changed from `0.005` to `0.00833333`). Decrease simulation timestep or increase timeconst to avoid altering the original value.[0m
[38;5;226m[Genesis] [16:10:03] [WARNING] Filtered out geometry pairs causing self-collision for the neutral configuration (qpos0): (8, 13), (9, 13), (16, 23), (17, 22), (18, 25), (19, 24). Consider tuning Morph option 'decompose_robot_error_threshold' or specify dedicated collision meshes. This behavior can be disabled by setting Morph option 'enable_neutral_collision=True'.[0m
[38;5;159m[Genesis] [16:10:04] [INFO] Compiling simulation kernels...[0m
[38;5;159m[Genesis] [16:10:05] [INFO] Building visualizer...[0m
{"timestamp_utc": "2026-07-25T16:10:15.957517+00:00", "run_index": 19, "repeat_index": 5, "episode_id": 4120001, "profile_id": "medium_carton", "condition": "reset-risk-gated-planner", "condition_position": 2, "wall_seconds": 13.728968198876828, "success": false, "terminal_stage": "abort", "max_contact_force_n": 159.27162170410156, "planner_active": true}
[38;5;159m[Genesis] [16:10:15] [INFO] Scene [38;5;121m[3m<676906d>[0m[38;5;159m created.[0m
[38;5;159m[Genesis] [16:10:15] [INFO] Adding [38;5;121m<gs.engine.entities.RigidEntity>[0m[38;5;159m. idx: [38;5;121m0[0m[38;5;159m, uid: [38;5;121m[3m<dc45edb>[0m[38;5;159m, morph: [38;5;121m<gs.morphs.Plane>[0m[38;5;159m, material: [38;5;121m<gs.materials.Rigid>[0m[38;5;159m.[0m
[38;5;159m[Genesis] [16:10:15] [INFO] Adding [38;5;121m<gs.engine.entities.RigidEntity>[0m[38;5;159m. idx: [38;5;121m1[0m[38;5;159m, uid: [38;5;121m[3m<29abf35>[0m[38;5;159m, morph: [38;5;121m<gs.morphs.Box>[0m[38;5;159m, material: [38;5;121m<gs.materials.Rigid>[0m[38;5;159m.[0m
[38;5;159m[Genesis] [16:10:15] [INFO] Adding [38;5;121m<gs.engine.entities.RigidEntity>[0m[38;5;159m. idx: [38;5;121m2[0m[38;5;159m, uid: [38;5;121m[3m<e21a1f0>[0m[38;5;159m, morph: [38;5;121m<gs.morphs.Box>[0m[38;5;159m, material: [38;5;121m<gs.materials.Rigid>[0m[38;5;159m.[0m
[38;5;159m[Genesis] [16:10:15] [INFO] Adding [38;5;121m<gs.engine.entities.RigidEntity>[0m[38;5;159m. idx: [38;5;121m3[0m[38;5;159m, uid: [38;5;121m[3m<7de9844>[0m[38;5;159m, morph: [38;5;121m<gs.morphs.MJCF(file='/workspace/parcel-sorter-rocm/third_party/genesis-world/genesis/assets/xml/franka_emika_panda/panda.xml')>[0m[38;5;159m, material: [38;5;121m<gs.materials.Rigid>[0m[38;5;159m.[0m
[38;5;226m[Genesis] [16:10:16] [WARNING] (MJCF) Approximating tendon by joint actuator for `finger_joint1`[0m
[38;5;226m[Genesis] [16:10:16] [WARNING] (MJCF) Approximating tendon by joint actuator for `finger_joint2`[0m
[38;5;159m[Genesis] [16:10:16] [INFO] Adding [38;5;121m<gs.engine.entities.RigidEntity>[0m[38;5;159m. idx: [38;5;121m4[0m[38;5;159m, uid: [38;5;121m[3m<fae9f73>[0m[38;5;159m, morph: [38;5;121m<gs.morphs.Box>[0m[38;5;159m, material: [38;5;121m<gs.materials.Rigid>[0m[38;5;159m.[0m
[38;5;159m[Genesis] [16:10:16] [INFO] Building scene [38;5;121m[3m<676906d>[0m[38;5;159m...[0m
[38;5;226m[Genesis] [16:10:16] [WARNING] Neutral robot position (qpos0) exceeds joint limits.[0m
[38;5;226m[Genesis] [16:10:16] [WARNING] Constraint solver time constant should be greater than 2*substep_dt. timeconst is changed from `0.005` to `0.00833333`). Decrease simulation timestep or increase timeconst to avoid altering the original value.[0m
[38;5;226m[Genesis] [16:10:17] [WARNING] Filtered out geometry pairs causing self-collision for the neutral configuration (qpos0): (8, 13), (9, 13), (16, 23), (17, 22), (18, 25), (19, 24). Consider tuning Morph option 'decompose_robot_error_threshold' or specify dedicated collision meshes. This behavior can be disabled by setting Morph option 'enable_neutral_collision=True'.[0m
[38;5;159m[Genesis] [16:10:18] [INFO] Compiling simulation kernels...[0m
[38;5;159m[Genesis] [16:10:18] [INFO] Building visualizer...[0m
{"timestamp_utc": "2026-07-25T16:10:25.208151+00:00", "run_index": 20, "repeat_index": 4, "episode_id": 5120000, "profile_id": "shoe_box_proxy", "condition": "collision-checked-reset", "condition_position": 1, "wall_seconds": 9.250540795736015, "success": false, "terminal_stage": "abort", "max_contact_force_n": 70.23078918457031, "planner_active": false}
[38;5;159m[Genesis] [16:10:25] [INFO] Scene [38;5;121m[3m<b59996b>[0m[38;5;159m created.[0m
[38;5;159m[Genesis] [16:10:25] [INFO] Adding [38;5;121m<gs.engine.entities.RigidEntity>[0m[38;5;159m. idx: [38;5;121m0[0m[38;5;159m, uid: [38;5;121m[3m<0d147e7>[0m[38;5;159m, morph: [38;5;121m<gs.morphs.Plane>[0m[38;5;159m, material: [38;5;121m<gs.materials.Rigid>[0m[38;5;159m.[0m
[38;5;159m[Genesis] [16:10:25] [INFO] Adding [38;5;121m<gs.engine.entities.RigidEntity>[0m[38;5;159m. idx: [38;5;121m1[0m[38;5;159m, uid: [38;5;121m[3m<ce3668d>[0m[38;5;159m, morph: [38;5;121m<gs.morphs.Box>[0m[38;5;159m, material: [38;5;121m<gs.materials.Rigid>[0m[38;5;159m.[0m
[38;5;159m[Genesis] [16:10:25] [INFO] Adding [38;5;121m<gs.engine.entities.RigidEntity>[0m[38;5;159m. idx: [38;5;121m2[0m[38;5;159m, uid: [38;5;121m[3m<930f361>[0m[38;5;159m, morph: [38;5;121m<gs.morphs.Box>[0m[38;5;159m, material: [38;5;121m<gs.materials.Rigid>[0m[38;5;159m.[0m
[38;5;159m[Genesis] [16:10:25] [INFO] Adding [38;5;121m<gs.engine.entities.RigidEntity>[0m[38;5;159m. idx: [38;5;121m3[0m[38;5;159m, uid: [38;5;121m[3m<482888e>[0m[38;5;159m, morph: [38;5;121m<gs.morphs.MJCF(file='/workspace/parcel-sorter-rocm/third_party/genesis-world/genesis/assets/xml/franka_emika_panda/panda.xml')>[0m[38;5;159m, material: [38;5;121m<gs.materials.Rigid>[0m[38;5;159m.[0m
[38;5;226m[Genesis] [16:10:25] [WARNING] (MJCF) Approximating tendon by joint actuator for `finger_joint1`[0m
[38;5;226m[Genesis] [16:10:25] [WARNING] (MJCF) Approximating tendon by joint actuator for `finger_joint2`[0m
[38;5;159m[Genesis] [16:10:25] [INFO] Adding [38;5;121m<gs.engine.entities.RigidEntity>[0m[38;5;159m. idx: [38;5;121m4[0m[38;5;159m, uid: [38;5;121m[3m<20c751f>[0m[38;5;159m, morph: [38;5;121m<gs.morphs.Box>[0m[38;5;159m, material: [38;5;121m<gs.materials.Rigid>[0m[38;5;159m.[0m
[38;5;159m[Genesis] [16:10:25] [INFO] Building scene [38;5;121m[3m<b59996b>[0m[38;5;159m...[0m
[38;5;226m[Genesis] [16:10:25] [WARNING] Neutral robot position (qpos0) exceeds joint limits.[0m
[38;5;226m[Genesis] [16:10:25] [WARNING] Constraint solver time constant should be greater than 2*substep_dt. timeconst is changed from `0.005` to `0.00833333`). Decrease simulation timestep or increase timeconst to avoid altering the original value.[0m
[38;5;226m[Genesis] [16:10:26] [WARNING] Filtered out geometry pairs causing self-collision for the neutral configuration (qpos0): (8, 13), (9, 13), (16, 23), (17, 22), (18, 25), (19, 24). Consider tuning Morph option 'decompose_robot_error_threshold' or specify dedicated collision meshes. This behavior can be disabled by setting Morph option 'enable_neutral_collision=True'.[0m
[38;5;159m[Genesis] [16:10:27] [INFO] Compiling simulation kernels...[0m
[38;5;159m[Genesis] [16:10:27] [INFO] Building visualizer...[0m
{"timestamp_utc": "2026-07-25T16:10:34.119536+00:00", "run_index": 20, "repeat_index": 4, "episode_id": 5120000, "profile_id": "shoe_box_proxy", "condition": "reset-risk-gated-planner", "condition_position": 2, "wall_seconds": 8.911287734750658, "success": true, "terminal_stage": "complete", "max_contact_force_n": 11.267817497253418, "planner_active": false}
[38;5;159m[Genesis] [16:10:34] [INFO] 💤 Exiting Genesis and caching compiled kernels...[0m
{
  "schema_version": 1,
  "design": "blocked_nested_same_episode_execution_repeats",
  "schedule_seed": 20260725,
  "experimental_unit_count": 4,
  "nested_repeats_per_episode_condition": 5,
  "total_execution_observations": 40,
  "conditions": [
    "collision-checked-reset",
    "reset-risk-gated-planner"
  ],
  "condition_first_counts": {
    "collision-checked-reset": 10,
    "reset-risk-gated-planner": 10
  },
  "contact_force_threshold_n": 35.0,
  "inference_boundary": "descriptive_repeatability_only_nested_repeats_are_not_independent_samples",
  "episodes": {
    "4120001": {
      "profile_id": "medium_carton",
      "sample_sha256": "d823313a68d23765bfb15f6fe9b8db5fbe1ed3685ad2359f5204fec21bc4b3b2",
      "conditions": {
        "collision-checked-reset": {
          "repeats": 5,
          "run_indices": [
            18,
            5,
            12,
            4,
            19
          ],
          "condition_positions": [
            2,
            2,
            2,
            1,
            1
          ],
          "success_count": 5,
          "success_sequence": [
            true,
            true,
            true,
            true,
            true
          ],
          "force_abort_count": 0,
          "force_abort_sequence": [
            false,
            false,
            false,
            false,
            false
          ],
          "drop_count": 0,
          "drop_sequence": [
            false,
            false,
            false,
            false,
            false
          ],
          "max_contact_force_n": {
            "count": 5,
            "mean": 5.371088981628418,
            "median": 5.371088981628418,
            "minimum": 5.371088981628418,
            "maximum": 5.371088981628418,
            "population_stddev": 0.0
          },
          "planner_active_count": 0,
          "planner_active_sequence": [
            false,
            false,
            false,
            false,
            false
          ],
          "grasp_plan_attempts_total": 0,
          "terminal_stage_sequence": [
            "complete",
            "complete",
            "complete",
            "complete",
            "complete"
          ]
        },
        "reset-risk-gated-planner": {
          "repeats": 5,
          "run_indices": [
            18,
            5,
            12,
            4,
            19
          ],
          "condition_positions": [
            1,
            1,
            1,
            2,
            2
          ],
          "success_count": 0,
          "success_sequence": [
            false,
            false,
            false,
            false,
            false
          ],
          "force_abort_count": 5,
          "force_abort_sequence": [
            true,
            true,
            true,
            true,
            true
          ],
          "drop_count": 0,
          "drop_sequence": [
            false,
            false,
            false,
            false,
            false
          ],
          "max_contact_force_n": {
            "count": 5,
            "mean": 159.27162170410156,
            "median": 159.27162170410156,
            "minimum": 159.27162170410156,
            "maximum": 159.27162170410156,
            "population_stddev": 0.0
          },
          "planner_active_count": 5,
          "planner_active_sequence": [
            true,
            true,
            true,
            true,
            true
          ],
          "grasp_plan_attempts_total": 5,
          "terminal_stage_sequence": [
            "abort",
            "abort",
            "abort",
            "abort",
            "abort"
          ]
        }
      }
    },
    "5120000": {
      "profile_id": "shoe_box_proxy",
      "sample_sha256": "4f38c9164763a9411bb4ddebd44342ff79fb63c67c963540bab6f393f949ad89",
      "conditions": {
        "collision-checked-reset": {
          "repeats": 5,
          "run_indices": [
            7,
            2,
            3,
            20,
            17
          ],
          "condition_positions": [
            1,
            2,
            1,
            1,
            2
          ],
          "success_count": 2,
          "success_sequence": [
            false,
            true,
            false,
            false,
            true
          ],
          "force_abort_count": 3,
          "force_abort_sequence": [
            true,
            false,
            true,
            true,
            false
          ],
          "drop_count": 0,
          "drop_sequence": [
            false,
            false,
            false,
            false,
            false
          ],
          "max_contact_force_n": {
            "count": 5,
            "mean": 46.826964950561525,
            "median": 60.2957878112793,
            "minimum": 13.94047737121582,
            "maximum": 70.23078918457031,
            "population_stddev": 22.30150636505932
          },
          "planner_active_count": 0,
          "planner_active_sequence": [
            false,
            false,
            false,
            false,
            false
          ],
          "grasp_plan_attempts_total": 0,
          "terminal_stage_sequence": [
            "abort",
            "complete",
            "abort",
            "abort",
            "complete"
          ]
        },
        "reset-risk-gated-planner": {
          "repeats": 5,
          "run_indices": [
            7,
            2,
            3,
            20,
            17
          ],
          "condition_positions": [
            2,
            1,
            2,
            2,
            1
          ],
          "success_count": 2,
          "success_sequence": [
            true,
            false,
            false,
            true,
            false
          ],
          "force_abort_count": 3,
          "force_abort_sequence": [
            false,
            true,
            true,
            false,
            true
          ],
          "drop_count": 0,
          "drop_sequence": [
            false,
            false,
            false,
            false,
            false
          ],
          "max_contact_force_n": {
            "count": 5,
            "mean": 39.36786708831787,
            "median": 35.37921142578125,
            "minimum": 11.267817497253418,
            "maximum": 67.09175109863281,
            "population_stddev": 18.686929214169183
          },
          "planner_active_count": 0,
          "planner_active_sequence": [
            false,
            false,
            false,
            false,
            false
          ],
          "grasp_plan_attempts_total": 0,
          "terminal_stage_sequence": [
            "complete",
            "abort",
            "abort",
            "complete",
            "abort"
          ]
        }
      }
    },
    "5120003": {
      "profile_id": "shoe_box_proxy",
      "sample_sha256": "bd58cc72b62937597d47396e5d68ebc5c33c50badd491064970fbddec01fce2e",
      "conditions": {
        "collision-checked-reset": {
          "repeats": 5,
          "run_indices": [
            1,
            11,
            9,
            15,
            16
          ],
          "condition_positions": [
            1,
            1,
            1,
            2,
            2
          ],
          "success_count": 0,
          "success_sequence": [
            false,
            false,
            false,
            false,
            false
          ],
          "force_abort_count": 5,
          "force_abort_sequence": [
            true,
            true,
            true,
            true,
            true
          ],
          "drop_count": 0,
          "drop_sequence": [
            false,
            false,
            false,
            false,
            false
          ],
          "max_contact_force_n": {
            "count": 5,
            "mean": 42.2443733215332,
            "median": 42.2443733215332,
            "minimum": 42.2443733215332,
            "maximum": 42.2443733215332,
            "population_stddev": 0.0
          },
          "planner_active_count": 0,
          "planner_active_sequence": [
            false,
            false,
            false,
            false,
            false
          ],
          "grasp_plan_attempts_total": 0,
          "terminal_stage_sequence": [
            "abort",
            "abort",
            "abort",
            "abort",
            "abort"
          ]
        },
        "reset-risk-gated-planner": {
          "repeats": 5,
          "run_indices": [
            1,
            11,
            9,
            15,
            16
          ],
          "condition_positions": [
            2,
            2,
            2,
            1,
            1
          ],
          "success_count": 5,
          "success_sequence": [
            true,
            true,
            true,
            true,
            true
          ],
          "force_abort_count": 0,
          "force_abort_sequence": [
            false,
            false,
            false,
            false,
            false
          ],
          "drop_count": 0,
          "drop_sequence": [
            false,
            false,
            false,
            false,
            false
          ],
          "max_contact_force_n": {
            "count": 5,
            "mean": 29.692829132080078,
            "median": 29.692829132080078,
            "minimum": 29.692829132080078,
            "maximum": 29.692829132080078,
            "population_stddev": 0.0
          },
          "planner_active_count": 5,
          "planner_active_sequence": [
            true,
            true,
            true,
            true,
            true
          ],
          "grasp_plan_attempts_total": 5,
          "terminal_stage_sequence": [
            "complete",
            "complete",
            "complete",
            "complete",
            "complete"
          ]
        }
      }
    },
    "7120004": {
      "profile_id": "large_narrow_carton",
      "sample_sha256": "9cf88826a3adea7f3980ddb5c1c8105e0fe1b5d1d9bcfd09beb19f5fc7b9eb2c",
      "conditions": {
        "collision-checked-reset": {
          "repeats": 5,
          "run_indices": [
            14,
            8,
            10,
            13,
            6
          ],
          "condition_positions": [
            2,
            2,
            2,
            1,
            1
          ],
          "success_count": 5,
          "success_sequence": [
            true,
            true,
            true,
            true,
            true
          ],
          "force_abort_count": 0,
          "force_abort_sequence": [
            false,
            false,
            false,
            false,
            false
          ],
          "drop_count": 0,
          "drop_sequence": [
            false,
            false,
            false,
            false,
            false
          ],
          "max_contact_force_n": {
            "count": 5,
            "mean": 15.6122407913208,
            "median": 15.6122407913208,
            "minimum": 15.6122407913208,
            "maximum": 15.6122407913208,
            "population_stddev": 0.0
          },
          "planner_active_count": 0,
          "planner_active_sequence": [
            false,
            false,
            false,
            false,
            false
          ],
          "grasp_plan_attempts_total": 0,
          "terminal_stage_sequence": [
            "complete",
            "complete",
            "complete",
            "complete",
            "complete"
          ]
        },
        "reset-risk-gated-planner": {
          "repeats": 5,
          "run_indices": [
            14,
            8,
            10,
            13,
            6
          ],
          "condition_positions": [
            1,
            1,
            1,
            2,
            2
          ],
          "success_count": 0,
          "success_sequence": [
            false,
            false,
            false,
            false,
            false
          ],
          "force_abort_count": 5,
          "force_abort_sequence": [
            true,
            true,
            true,
            true,
            true
          ],
          "drop_count": 0,
          "drop_sequence": [
            false,
            false,
            false,
            false,
            false
          ],
          "max_contact_force_n": {
            "count": 5,
            "mean": 68.9991226196289,
            "median": 68.9991226196289,
            "minimum": 68.9991226196289,
            "maximum": 68.9991226196289,
            "population_stddev": 0.0
          },
          "planner_active_count": 5,
          "planner_active_sequence": [
            true,
            true,
            true,
            true,
            true
          ],
          "grasp_plan_attempts_total": 5,
          "terminal_stage_sequence": [
            "abort",
            "abort",
            "abort",
            "abort",
            "abort"
          ]
        }
      }
    }
  },
  "instability": {
    "collision-checked-reset": {
      "success_unstable_episode_ids": [
        5120000
      ],
      "force_abort_unstable_episode_ids": [
        5120000
      ],
      "planner_activation_unstable_episode_ids": []
    },
    "reset-risk-gated-planner": {
      "success_unstable_episode_ids": [
        5120000
      ],
      "force_abort_unstable_episode_ids": [
        5120000
      ],
      "planner_activation_unstable_episode_ids": []
    }
  }
}
Reset-gate repeatability campaign completed: /workspace/parcel-sorter-opt-v1/outputs/radeon-reset-gate-repeatability-v1
