[38;5;159m[Genesis] [14:35:50] [INFO] [38;5;121m╭───────────────────────────────────────────────╮[0m[38;5;159m[0m
[38;5;159m[Genesis] [14:35:50] [INFO] [38;5;121m│┈┉┈┉┈┉┈┉┈┉┈┉┈┉┈┉┈┉┈[0m[38;5;159m [38;5;121m[1m[3mGenesis[0m[38;5;159m [38;5;121m┈┉┈┉┈┉┈┉┈┉┈┉┈┉┈┉┈┉┈│[0m[38;5;159m[0m
[38;5;159m[Genesis] [14:35:50] [INFO] [38;5;121m╰───────────────────────────────────────────────╯[0m[38;5;159m[0m
[38;5;159m[Genesis] [14:35:51] [INFO] Running on [38;5;121m[4m[AMD Radeon Graphics][0m[38;5;159m with backend [38;5;121m[4mgs.amdgpu[0m[38;5;159m. Device memory: [38;5;121m[4m47.98[0m[38;5;159m GB.[0m
[38;5;159m[Genesis] [14:35:51] [INFO] 🚀 Genesis initialized. 🔖 version: [38;5;121m[4m1.2.3[0m[38;5;159m, 🎨 theme: [38;5;121m[4mdark[0m[38;5;159m, 🌱 seed: [38;5;121m[4m0[0m[38;5;159m, 🐛 debug: [38;5;121m[4mFalse[0m[38;5;159m, 📏 precision: [38;5;121m[4m32[0m[38;5;159m, 🔥 performance: [38;5;121m[4mFalse[0m[38;5;159m, 💬 verbose: [38;5;121m[4mINFO[0m[38;5;159m[0m
[38;5;159m[Genesis] [14:35:53] [INFO] Scene [38;5;121m[3m<3d2430b>[0m[38;5;159m created.[0m
[38;5;159m[Genesis] [14:35:53] [INFO] Adding [38;5;121m<gs.engine.entities.RigidEntity>[0m[38;5;159m. idx: [38;5;121m0[0m[38;5;159m, uid: [38;5;121m[3m<c0e845c>[0m[38;5;159m, morph: [38;5;121m<gs.morphs.Plane>[0m[38;5;159m, material: [38;5;121m<gs.materials.Rigid>[0m[38;5;159m.[0m
[38;5;159m[Genesis] [14:35:53] [INFO] Adding [38;5;121m<gs.engine.entities.RigidEntity>[0m[38;5;159m. idx: [38;5;121m1[0m[38;5;159m, uid: [38;5;121m[3m<9e4177e>[0m[38;5;159m, morph: [38;5;121m<gs.morphs.Box>[0m[38;5;159m, material: [38;5;121m<gs.materials.Rigid>[0m[38;5;159m.[0m
[38;5;159m[Genesis] [14:35:53] [INFO] Adding [38;5;121m<gs.engine.entities.RigidEntity>[0m[38;5;159m. idx: [38;5;121m2[0m[38;5;159m, uid: [38;5;121m[3m<e32887f>[0m[38;5;159m, morph: [38;5;121m<gs.morphs.Box>[0m[38;5;159m, material: [38;5;121m<gs.materials.Rigid>[0m[38;5;159m.[0m
[38;5;159m[Genesis] [14:35:53] [INFO] Adding [38;5;121m<gs.engine.entities.RigidEntity>[0m[38;5;159m. idx: [38;5;121m3[0m[38;5;159m, uid: [38;5;121m[3m<1c3a88f>[0m[38;5;159m, morph: [38;5;121m<gs.morphs.MJCF(file='/workspace/parcel-sorter-rocm/third_party/genesis-world/genesis/assets/xml/franka_emika_panda/panda.xml')>[0m[38;5;159m, material: [38;5;121m<gs.materials.Rigid>[0m[38;5;159m.[0m
[38;5;226m[Genesis] [14:35:53] [WARNING] (MJCF) Approximating tendon by joint actuator for `finger_joint1`[0m
[38;5;226m[Genesis] [14:35:53] [WARNING] (MJCF) Approximating tendon by joint actuator for `finger_joint2`[0m
[38;5;159m[Genesis] [14:35:53] [INFO] Adding [38;5;121m<gs.engine.entities.RigidEntity>[0m[38;5;159m. idx: [38;5;121m4[0m[38;5;159m, uid: [38;5;121m[3m<ed6ab95>[0m[38;5;159m, morph: [38;5;121m<gs.morphs.Box>[0m[38;5;159m, material: [38;5;121m<gs.materials.Rigid>[0m[38;5;159m.[0m
[38;5;159m[Genesis] [14:35:53] [INFO] Building scene [38;5;121m[3m<3d2430b>[0m[38;5;159m...[0m
[38;5;226m[Genesis] [14:35:54] [WARNING] Neutral robot position (qpos0) exceeds joint limits.[0m
[38;5;226m[Genesis] [14:35:54] [WARNING] Constraint solver time constant should be greater than 2*substep_dt. timeconst is changed from `0.005` to `0.00833333`). Decrease simulation timestep or increase timeconst to avoid altering the original value.[0m
[38;5;226m[Genesis] [14:35:56] [WARNING] Filtered out geometry pairs causing self-collision for the neutral configuration (qpos0): (8, 13), (9, 13), (16, 23), (17, 22), (18, 25), (19, 24). Consider tuning Morph option 'decompose_robot_error_threshold' or specify dedicated collision meshes. This behavior can be disabled by setting Morph option 'enable_neutral_collision=True'.[0m
[38;5;159m[Genesis] [14:35:57] [INFO] Compiling simulation kernels...[0m
[38;5;159m[Genesis] [14:36:07] [INFO] Building visualizer...[0m
{"episode": 100000, "profile": "micro_box", "success": true, "stage": "complete", "retries": 0}
[38;5;159m[Genesis] [14:36:14] [INFO] Scene [38;5;121m[3m<fc45b07>[0m[38;5;159m created.[0m
[38;5;159m[Genesis] [14:36:14] [INFO] Adding [38;5;121m<gs.engine.entities.RigidEntity>[0m[38;5;159m. idx: [38;5;121m0[0m[38;5;159m, uid: [38;5;121m[3m<b615633>[0m[38;5;159m, morph: [38;5;121m<gs.morphs.Plane>[0m[38;5;159m, material: [38;5;121m<gs.materials.Rigid>[0m[38;5;159m.[0m
[38;5;159m[Genesis] [14:36:14] [INFO] Adding [38;5;121m<gs.engine.entities.RigidEntity>[0m[38;5;159m. idx: [38;5;121m1[0m[38;5;159m, uid: [38;5;121m[3m<2b656c0>[0m[38;5;159m, morph: [38;5;121m<gs.morphs.Box>[0m[38;5;159m, material: [38;5;121m<gs.materials.Rigid>[0m[38;5;159m.[0m
[38;5;159m[Genesis] [14:36:14] [INFO] Adding [38;5;121m<gs.engine.entities.RigidEntity>[0m[38;5;159m. idx: [38;5;121m2[0m[38;5;159m, uid: [38;5;121m[3m<884f533>[0m[38;5;159m, morph: [38;5;121m<gs.morphs.Box>[0m[38;5;159m, material: [38;5;121m<gs.materials.Rigid>[0m[38;5;159m.[0m
[38;5;159m[Genesis] [14:36:14] [INFO] Adding [38;5;121m<gs.engine.entities.RigidEntity>[0m[38;5;159m. idx: [38;5;121m3[0m[38;5;159m, uid: [38;5;121m[3m<a474abb>[0m[38;5;159m, morph: [38;5;121m<gs.morphs.MJCF(file='/workspace/parcel-sorter-rocm/third_party/genesis-world/genesis/assets/xml/franka_emika_panda/panda.xml')>[0m[38;5;159m, material: [38;5;121m<gs.materials.Rigid>[0m[38;5;159m.[0m
[38;5;226m[Genesis] [14:36:14] [WARNING] (MJCF) Approximating tendon by joint actuator for `finger_joint1`[0m
[38;5;226m[Genesis] [14:36:14] [WARNING] (MJCF) Approximating tendon by joint actuator for `finger_joint2`[0m
[38;5;159m[Genesis] [14:36:14] [INFO] Adding [38;5;121m<gs.engine.entities.RigidEntity>[0m[38;5;159m. idx: [38;5;121m4[0m[38;5;159m, uid: [38;5;121m[3m<70bb2f4>[0m[38;5;159m, morph: [38;5;121m<gs.morphs.Box>[0m[38;5;159m, material: [38;5;121m<gs.materials.Rigid>[0m[38;5;159m.[0m
[38;5;159m[Genesis] [14:36:14] [INFO] Building scene [38;5;121m[3m<fc45b07>[0m[38;5;159m...[0m
[38;5;226m[Genesis] [14:36:15] [WARNING] Neutral robot position (qpos0) exceeds joint limits.[0m
[38;5;226m[Genesis] [14:36:15] [WARNING] Constraint solver time constant should be greater than 2*substep_dt. timeconst is changed from `0.005` to `0.00833333`). Decrease simulation timestep or increase timeconst to avoid altering the original value.[0m
[38;5;226m[Genesis] [14:36:16] [WARNING] Filtered out geometry pairs causing self-collision for the neutral configuration (qpos0): (8, 13), (9, 13), (16, 23), (17, 22), (18, 25), (19, 24). Consider tuning Morph option 'decompose_robot_error_threshold' or specify dedicated collision meshes. This behavior can be disabled by setting Morph option 'enable_neutral_collision=True'.[0m
[38;5;159m[Genesis] [14:36:16] [INFO] Compiling simulation kernels...[0m
[38;5;159m[Genesis] [14:36:16] [INFO] Building visualizer...[0m
{"episode": 100001, "profile": "micro_box", "success": true, "stage": "complete", "retries": 0}
[38;5;159m[Genesis] [14:36:25] [INFO] Scene [38;5;121m[3m<7c4a636>[0m[38;5;159m created.[0m
[38;5;159m[Genesis] [14:36:25] [INFO] Adding [38;5;121m<gs.engine.entities.RigidEntity>[0m[38;5;159m. idx: [38;5;121m0[0m[38;5;159m, uid: [38;5;121m[3m<e189e40>[0m[38;5;159m, morph: [38;5;121m<gs.morphs.Plane>[0m[38;5;159m, material: [38;5;121m<gs.materials.Rigid>[0m[38;5;159m.[0m
[38;5;159m[Genesis] [14:36:25] [INFO] Adding [38;5;121m<gs.engine.entities.RigidEntity>[0m[38;5;159m. idx: [38;5;121m1[0m[38;5;159m, uid: [38;5;121m[3m<75f4557>[0m[38;5;159m, morph: [38;5;121m<gs.morphs.Box>[0m[38;5;159m, material: [38;5;121m<gs.materials.Rigid>[0m[38;5;159m.[0m
[38;5;159m[Genesis] [14:36:25] [INFO] Adding [38;5;121m<gs.engine.entities.RigidEntity>[0m[38;5;159m. idx: [38;5;121m2[0m[38;5;159m, uid: [38;5;121m[3m<2baf2a4>[0m[38;5;159m, morph: [38;5;121m<gs.morphs.Box>[0m[38;5;159m, material: [38;5;121m<gs.materials.Rigid>[0m[38;5;159m.[0m
[38;5;159m[Genesis] [14:36:25] [INFO] Adding [38;5;121m<gs.engine.entities.RigidEntity>[0m[38;5;159m. idx: [38;5;121m3[0m[38;5;159m, uid: [38;5;121m[3m<3f11502>[0m[38;5;159m, morph: [38;5;121m<gs.morphs.MJCF(file='/workspace/parcel-sorter-rocm/third_party/genesis-world/genesis/assets/xml/franka_emika_panda/panda.xml')>[0m[38;5;159m, material: [38;5;121m<gs.materials.Rigid>[0m[38;5;159m.[0m
[38;5;226m[Genesis] [14:36:26] [WARNING] (MJCF) Approximating tendon by joint actuator for `finger_joint1`[0m
[38;5;226m[Genesis] [14:36:26] [WARNING] (MJCF) Approximating tendon by joint actuator for `finger_joint2`[0m
[38;5;159m[Genesis] [14:36:26] [INFO] Adding [38;5;121m<gs.engine.entities.RigidEntity>[0m[38;5;159m. idx: [38;5;121m4[0m[38;5;159m, uid: [38;5;121m[3m<b3006fd>[0m[38;5;159m, morph: [38;5;121m<gs.morphs.Box>[0m[38;5;159m, material: [38;5;121m<gs.materials.Rigid>[0m[38;5;159m.[0m
[38;5;159m[Genesis] [14:36:26] [INFO] Building scene [38;5;121m[3m<7c4a636>[0m[38;5;159m...[0m
[38;5;226m[Genesis] [14:36:26] [WARNING] Neutral robot position (qpos0) exceeds joint limits.[0m
[38;5;226m[Genesis] [14:36:26] [WARNING] Constraint solver time constant should be greater than 2*substep_dt. timeconst is changed from `0.005` to `0.00833333`). Decrease simulation timestep or increase timeconst to avoid altering the original value.[0m
[38;5;226m[Genesis] [14:36:27] [WARNING] Filtered out geometry pairs causing self-collision for the neutral configuration (qpos0): (8, 13), (9, 13), (16, 23), (17, 22), (18, 25), (19, 24). Consider tuning Morph option 'decompose_robot_error_threshold' or specify dedicated collision meshes. This behavior can be disabled by setting Morph option 'enable_neutral_collision=True'.[0m
[38;5;159m[Genesis] [14:36:27] [INFO] Compiling simulation kernels...[0m
[38;5;159m[Genesis] [14:36:28] [INFO] Building visualizer...[0m
{"episode": 100002, "profile": "micro_box", "success": true, "stage": "complete", "retries": 0}
[38;5;159m[Genesis] [14:36:34] [INFO] Scene [38;5;121m[3m<243ac39>[0m[38;5;159m created.[0m
[38;5;159m[Genesis] [14:36:34] [INFO] Adding [38;5;121m<gs.engine.entities.RigidEntity>[0m[38;5;159m. idx: [38;5;121m0[0m[38;5;159m, uid: [38;5;121m[3m<3c36c88>[0m[38;5;159m, morph: [38;5;121m<gs.morphs.Plane>[0m[38;5;159m, material: [38;5;121m<gs.materials.Rigid>[0m[38;5;159m.[0m
[38;5;159m[Genesis] [14:36:34] [INFO] Adding [38;5;121m<gs.engine.entities.RigidEntity>[0m[38;5;159m. idx: [38;5;121m1[0m[38;5;159m, uid: [38;5;121m[3m<0f057af>[0m[38;5;159m, morph: [38;5;121m<gs.morphs.Box>[0m[38;5;159m, material: [38;5;121m<gs.materials.Rigid>[0m[38;5;159m.[0m
[38;5;159m[Genesis] [14:36:34] [INFO] Adding [38;5;121m<gs.engine.entities.RigidEntity>[0m[38;5;159m. idx: [38;5;121m2[0m[38;5;159m, uid: [38;5;121m[3m<119cc16>[0m[38;5;159m, morph: [38;5;121m<gs.morphs.Box>[0m[38;5;159m, material: [38;5;121m<gs.materials.Rigid>[0m[38;5;159m.[0m
[38;5;159m[Genesis] [14:36:34] [INFO] Adding [38;5;121m<gs.engine.entities.RigidEntity>[0m[38;5;159m. idx: [38;5;121m3[0m[38;5;159m, uid: [38;5;121m[3m<7d24c45>[0m[38;5;159m, morph: [38;5;121m<gs.morphs.MJCF(file='/workspace/parcel-sorter-rocm/third_party/genesis-world/genesis/assets/xml/franka_emika_panda/panda.xml')>[0m[38;5;159m, material: [38;5;121m<gs.materials.Rigid>[0m[38;5;159m.[0m
[38;5;226m[Genesis] [14:36:35] [WARNING] (MJCF) Approximating tendon by joint actuator for `finger_joint1`[0m
[38;5;226m[Genesis] [14:36:35] [WARNING] (MJCF) Approximating tendon by joint actuator for `finger_joint2`[0m
[38;5;159m[Genesis] [14:36:35] [INFO] Adding [38;5;121m<gs.engine.entities.RigidEntity>[0m[38;5;159m. idx: [38;5;121m4[0m[38;5;159m, uid: [38;5;121m[3m<946a0ff>[0m[38;5;159m, morph: [38;5;121m<gs.morphs.Box>[0m[38;5;159m, material: [38;5;121m<gs.materials.Rigid>[0m[38;5;159m.[0m
[38;5;159m[Genesis] [14:36:35] [INFO] Building scene [38;5;121m[3m<243ac39>[0m[38;5;159m...[0m
[38;5;226m[Genesis] [14:36:35] [WARNING] Neutral robot position (qpos0) exceeds joint limits.[0m
[38;5;226m[Genesis] [14:36:35] [WARNING] Constraint solver time constant should be greater than 2*substep_dt. timeconst is changed from `0.005` to `0.00833333`). Decrease simulation timestep or increase timeconst to avoid altering the original value.[0m
[38;5;226m[Genesis] [14:36:36] [WARNING] Filtered out geometry pairs causing self-collision for the neutral configuration (qpos0): (8, 13), (9, 13), (16, 23), (17, 22), (18, 25), (19, 24). Consider tuning Morph option 'decompose_robot_error_threshold' or specify dedicated collision meshes. This behavior can be disabled by setting Morph option 'enable_neutral_collision=True'.[0m
[38;5;159m[Genesis] [14:36:36] [INFO] Compiling simulation kernels...[0m
[38;5;159m[Genesis] [14:36:37] [INFO] Building visualizer...[0m
{"episode": 100003, "profile": "micro_box", "success": true, "stage": "complete", "retries": 0}
[38;5;159m[Genesis] [14:36:44] [INFO] Scene [38;5;121m[3m<c6dde66>[0m[38;5;159m created.[0m
[38;5;159m[Genesis] [14:36:44] [INFO] Adding [38;5;121m<gs.engine.entities.RigidEntity>[0m[38;5;159m. idx: [38;5;121m0[0m[38;5;159m, uid: [38;5;121m[3m<26a3055>[0m[38;5;159m, morph: [38;5;121m<gs.morphs.Plane>[0m[38;5;159m, material: [38;5;121m<gs.materials.Rigid>[0m[38;5;159m.[0m
[38;5;159m[Genesis] [14:36:44] [INFO] Adding [38;5;121m<gs.engine.entities.RigidEntity>[0m[38;5;159m. idx: [38;5;121m1[0m[38;5;159m, uid: [38;5;121m[3m<18aa75d>[0m[38;5;159m, morph: [38;5;121m<gs.morphs.Box>[0m[38;5;159m, material: [38;5;121m<gs.materials.Rigid>[0m[38;5;159m.[0m
[38;5;159m[Genesis] [14:36:44] [INFO] Adding [38;5;121m<gs.engine.entities.RigidEntity>[0m[38;5;159m. idx: [38;5;121m2[0m[38;5;159m, uid: [38;5;121m[3m<82c448a>[0m[38;5;159m, morph: [38;5;121m<gs.morphs.Box>[0m[38;5;159m, material: [38;5;121m<gs.materials.Rigid>[0m[38;5;159m.[0m
[38;5;159m[Genesis] [14:36:44] [INFO] Adding [38;5;121m<gs.engine.entities.RigidEntity>[0m[38;5;159m. idx: [38;5;121m3[0m[38;5;159m, uid: [38;5;121m[3m<c9c3e7e>[0m[38;5;159m, morph: [38;5;121m<gs.morphs.MJCF(file='/workspace/parcel-sorter-rocm/third_party/genesis-world/genesis/assets/xml/franka_emika_panda/panda.xml')>[0m[38;5;159m, material: [38;5;121m<gs.materials.Rigid>[0m[38;5;159m.[0m
[38;5;226m[Genesis] [14:36:44] [WARNING] (MJCF) Approximating tendon by joint actuator for `finger_joint1`[0m
[38;5;226m[Genesis] [14:36:44] [WARNING] (MJCF) Approximating tendon by joint actuator for `finger_joint2`[0m
[38;5;159m[Genesis] [14:36:44] [INFO] Adding [38;5;121m<gs.engine.entities.RigidEntity>[0m[38;5;159m. idx: [38;5;121m4[0m[38;5;159m, uid: [38;5;121m[3m<3144785>[0m[38;5;159m, morph: [38;5;121m<gs.morphs.Box>[0m[38;5;159m, material: [38;5;121m<gs.materials.Rigid>[0m[38;5;159m.[0m
[38;5;159m[Genesis] [14:36:44] [INFO] Building scene [38;5;121m[3m<c6dde66>[0m[38;5;159m...[0m
[38;5;226m[Genesis] [14:36:44] [WARNING] Neutral robot position (qpos0) exceeds joint limits.[0m
[38;5;226m[Genesis] [14:36:44] [WARNING] Constraint solver time constant should be greater than 2*substep_dt. timeconst is changed from `0.005` to `0.00833333`). Decrease simulation timestep or increase timeconst to avoid altering the original value.[0m
[38;5;226m[Genesis] [14:36:45] [WARNING] Filtered out geometry pairs causing self-collision for the neutral configuration (qpos0): (8, 13), (9, 13), (16, 23), (17, 22), (18, 25), (19, 24). Consider tuning Morph option 'decompose_robot_error_threshold' or specify dedicated collision meshes. This behavior can be disabled by setting Morph option 'enable_neutral_collision=True'.[0m
[38;5;159m[Genesis] [14:36:46] [INFO] Compiling simulation kernels...[0m
[38;5;159m[Genesis] [14:36:46] [INFO] Building visualizer...[0m
{"episode": 100004, "profile": "micro_box", "success": false, "stage": "abort", "retries": 2}
[38;5;159m[Genesis] [14:36:52] [INFO] Scene [38;5;121m[3m<6e76c76>[0m[38;5;159m created.[0m
[38;5;159m[Genesis] [14:36:52] [INFO] Adding [38;5;121m<gs.engine.entities.RigidEntity>[0m[38;5;159m. idx: [38;5;121m0[0m[38;5;159m, uid: [38;5;121m[3m<ed3f96d>[0m[38;5;159m, morph: [38;5;121m<gs.morphs.Plane>[0m[38;5;159m, material: [38;5;121m<gs.materials.Rigid>[0m[38;5;159m.[0m
[38;5;159m[Genesis] [14:36:52] [INFO] Adding [38;5;121m<gs.engine.entities.RigidEntity>[0m[38;5;159m. idx: [38;5;121m1[0m[38;5;159m, uid: [38;5;121m[3m<14168d3>[0m[38;5;159m, morph: [38;5;121m<gs.morphs.Box>[0m[38;5;159m, material: [38;5;121m<gs.materials.Rigid>[0m[38;5;159m.[0m
[38;5;159m[Genesis] [14:36:52] [INFO] Adding [38;5;121m<gs.engine.entities.RigidEntity>[0m[38;5;159m. idx: [38;5;121m2[0m[38;5;159m, uid: [38;5;121m[3m<d18fa86>[0m[38;5;159m, morph: [38;5;121m<gs.morphs.Box>[0m[38;5;159m, material: [38;5;121m<gs.materials.Rigid>[0m[38;5;159m.[0m
[38;5;159m[Genesis] [14:36:52] [INFO] Adding [38;5;121m<gs.engine.entities.RigidEntity>[0m[38;5;159m. idx: [38;5;121m3[0m[38;5;159m, uid: [38;5;121m[3m<608af32>[0m[38;5;159m, morph: [38;5;121m<gs.morphs.MJCF(file='/workspace/parcel-sorter-rocm/third_party/genesis-world/genesis/assets/xml/franka_emika_panda/panda.xml')>[0m[38;5;159m, material: [38;5;121m<gs.materials.Rigid>[0m[38;5;159m.[0m
[38;5;226m[Genesis] [14:36:52] [WARNING] (MJCF) Approximating tendon by joint actuator for `finger_joint1`[0m
[38;5;226m[Genesis] [14:36:52] [WARNING] (MJCF) Approximating tendon by joint actuator for `finger_joint2`[0m
[38;5;159m[Genesis] [14:36:52] [INFO] Adding [38;5;121m<gs.engine.entities.RigidEntity>[0m[38;5;159m. idx: [38;5;121m4[0m[38;5;159m, uid: [38;5;121m[3m<48d638a>[0m[38;5;159m, morph: [38;5;121m<gs.morphs.Box>[0m[38;5;159m, material: [38;5;121m<gs.materials.Rigid>[0m[38;5;159m.[0m
[38;5;159m[Genesis] [14:36:52] [INFO] Building scene [38;5;121m[3m<6e76c76>[0m[38;5;159m...[0m
[38;5;226m[Genesis] [14:36:52] [WARNING] Neutral robot position (qpos0) exceeds joint limits.[0m
[38;5;226m[Genesis] [14:36:52] [WARNING] Constraint solver time constant should be greater than 2*substep_dt. timeconst is changed from `0.005` to `0.00833333`). Decrease simulation timestep or increase timeconst to avoid altering the original value.[0m
[38;5;226m[Genesis] [14:36:53] [WARNING] Filtered out geometry pairs causing self-collision for the neutral configuration (qpos0): (8, 13), (9, 13), (16, 23), (17, 22), (18, 25), (19, 24). Consider tuning Morph option 'decompose_robot_error_threshold' or specify dedicated collision meshes. This behavior can be disabled by setting Morph option 'enable_neutral_collision=True'.[0m
[38;5;159m[Genesis] [14:36:54] [INFO] Compiling simulation kernels...[0m
[38;5;159m[Genesis] [14:36:54] [INFO] Building visualizer...[0m
{"episode": 1100000, "profile": "small_carton", "success": true, "stage": "complete", "retries": 0}
[38;5;159m[Genesis] [14:37:01] [INFO] Scene [38;5;121m[3m<640ed24>[0m[38;5;159m created.[0m
[38;5;159m[Genesis] [14:37:01] [INFO] Adding [38;5;121m<gs.engine.entities.RigidEntity>[0m[38;5;159m. idx: [38;5;121m0[0m[38;5;159m, uid: [38;5;121m[3m<2294b3f>[0m[38;5;159m, morph: [38;5;121m<gs.morphs.Plane>[0m[38;5;159m, material: [38;5;121m<gs.materials.Rigid>[0m[38;5;159m.[0m
[38;5;159m[Genesis] [14:37:01] [INFO] Adding [38;5;121m<gs.engine.entities.RigidEntity>[0m[38;5;159m. idx: [38;5;121m1[0m[38;5;159m, uid: [38;5;121m[3m<8278eb9>[0m[38;5;159m, morph: [38;5;121m<gs.morphs.Box>[0m[38;5;159m, material: [38;5;121m<gs.materials.Rigid>[0m[38;5;159m.[0m
[38;5;159m[Genesis] [14:37:01] [INFO] Adding [38;5;121m<gs.engine.entities.RigidEntity>[0m[38;5;159m. idx: [38;5;121m2[0m[38;5;159m, uid: [38;5;121m[3m<5428524>[0m[38;5;159m, morph: [38;5;121m<gs.morphs.Box>[0m[38;5;159m, material: [38;5;121m<gs.materials.Rigid>[0m[38;5;159m.[0m
[38;5;159m[Genesis] [14:37:01] [INFO] Adding [38;5;121m<gs.engine.entities.RigidEntity>[0m[38;5;159m. idx: [38;5;121m3[0m[38;5;159m, uid: [38;5;121m[3m<c7848b8>[0m[38;5;159m, morph: [38;5;121m<gs.morphs.MJCF(file='/workspace/parcel-sorter-rocm/third_party/genesis-world/genesis/assets/xml/franka_emika_panda/panda.xml')>[0m[38;5;159m, material: [38;5;121m<gs.materials.Rigid>[0m[38;5;159m.[0m
[38;5;226m[Genesis] [14:37:01] [WARNING] (MJCF) Approximating tendon by joint actuator for `finger_joint1`[0m
[38;5;226m[Genesis] [14:37:01] [WARNING] (MJCF) Approximating tendon by joint actuator for `finger_joint2`[0m
[38;5;159m[Genesis] [14:37:01] [INFO] Adding [38;5;121m<gs.engine.entities.RigidEntity>[0m[38;5;159m. idx: [38;5;121m4[0m[38;5;159m, uid: [38;5;121m[3m<ea89f75>[0m[38;5;159m, morph: [38;5;121m<gs.morphs.Box>[0m[38;5;159m, material: [38;5;121m<gs.materials.Rigid>[0m[38;5;159m.[0m
[38;5;159m[Genesis] [14:37:01] [INFO] Building scene [38;5;121m[3m<640ed24>[0m[38;5;159m...[0m
[38;5;226m[Genesis] [14:37:01] [WARNING] Neutral robot position (qpos0) exceeds joint limits.[0m
[38;5;226m[Genesis] [14:37:01] [WARNING] Constraint solver time constant should be greater than 2*substep_dt. timeconst is changed from `0.005` to `0.00833333`). Decrease simulation timestep or increase timeconst to avoid altering the original value.[0m
[38;5;226m[Genesis] [14:37:02] [WARNING] Filtered out geometry pairs causing self-collision for the neutral configuration (qpos0): (8, 13), (9, 13), (16, 23), (17, 22), (18, 25), (19, 24). Consider tuning Morph option 'decompose_robot_error_threshold' or specify dedicated collision meshes. This behavior can be disabled by setting Morph option 'enable_neutral_collision=True'.[0m
[38;5;159m[Genesis] [14:37:03] [INFO] Compiling simulation kernels...[0m
[38;5;159m[Genesis] [14:37:03] [INFO] Building visualizer...[0m
{"episode": 1100001, "profile": "small_carton", "success": true, "stage": "complete", "retries": 0}
[38;5;159m[Genesis] [14:37:10] [INFO] Scene [38;5;121m[3m<27c6e13>[0m[38;5;159m created.[0m
[38;5;159m[Genesis] [14:37:10] [INFO] Adding [38;5;121m<gs.engine.entities.RigidEntity>[0m[38;5;159m. idx: [38;5;121m0[0m[38;5;159m, uid: [38;5;121m[3m<358ef24>[0m[38;5;159m, morph: [38;5;121m<gs.morphs.Plane>[0m[38;5;159m, material: [38;5;121m<gs.materials.Rigid>[0m[38;5;159m.[0m
[38;5;159m[Genesis] [14:37:10] [INFO] Adding [38;5;121m<gs.engine.entities.RigidEntity>[0m[38;5;159m. idx: [38;5;121m1[0m[38;5;159m, uid: [38;5;121m[3m<6c46d17>[0m[38;5;159m, morph: [38;5;121m<gs.morphs.Box>[0m[38;5;159m, material: [38;5;121m<gs.materials.Rigid>[0m[38;5;159m.[0m
[38;5;159m[Genesis] [14:37:10] [INFO] Adding [38;5;121m<gs.engine.entities.RigidEntity>[0m[38;5;159m. idx: [38;5;121m2[0m[38;5;159m, uid: [38;5;121m[3m<883fc79>[0m[38;5;159m, morph: [38;5;121m<gs.morphs.Box>[0m[38;5;159m, material: [38;5;121m<gs.materials.Rigid>[0m[38;5;159m.[0m
[38;5;159m[Genesis] [14:37:10] [INFO] Adding [38;5;121m<gs.engine.entities.RigidEntity>[0m[38;5;159m. idx: [38;5;121m3[0m[38;5;159m, uid: [38;5;121m[3m<34de756>[0m[38;5;159m, morph: [38;5;121m<gs.morphs.MJCF(file='/workspace/parcel-sorter-rocm/third_party/genesis-world/genesis/assets/xml/franka_emika_panda/panda.xml')>[0m[38;5;159m, material: [38;5;121m<gs.materials.Rigid>[0m[38;5;159m.[0m
[38;5;226m[Genesis] [14:37:11] [WARNING] (MJCF) Approximating tendon by joint actuator for `finger_joint1`[0m
[38;5;226m[Genesis] [14:37:11] [WARNING] (MJCF) Approximating tendon by joint actuator for `finger_joint2`[0m
[38;5;159m[Genesis] [14:37:11] [INFO] Adding [38;5;121m<gs.engine.entities.RigidEntity>[0m[38;5;159m. idx: [38;5;121m4[0m[38;5;159m, uid: [38;5;121m[3m<bcfb328>[0m[38;5;159m, morph: [38;5;121m<gs.morphs.Box>[0m[38;5;159m, material: [38;5;121m<gs.materials.Rigid>[0m[38;5;159m.[0m
[38;5;159m[Genesis] [14:37:11] [INFO] Building scene [38;5;121m[3m<27c6e13>[0m[38;5;159m...[0m
[38;5;226m[Genesis] [14:37:11] [WARNING] Neutral robot position (qpos0) exceeds joint limits.[0m
[38;5;226m[Genesis] [14:37:11] [WARNING] Constraint solver time constant should be greater than 2*substep_dt. timeconst is changed from `0.005` to `0.00833333`). Decrease simulation timestep or increase timeconst to avoid altering the original value.[0m
[38;5;226m[Genesis] [14:37:12] [WARNING] Filtered out geometry pairs causing self-collision for the neutral configuration (qpos0): (8, 13), (9, 13), (16, 23), (17, 22), (18, 25), (19, 24). Consider tuning Morph option 'decompose_robot_error_threshold' or specify dedicated collision meshes. This behavior can be disabled by setting Morph option 'enable_neutral_collision=True'.[0m
[38;5;159m[Genesis] [14:37:12] [INFO] Compiling simulation kernels...[0m
[38;5;159m[Genesis] [14:37:13] [INFO] Building visualizer...[0m
{"episode": 1100002, "profile": "small_carton", "success": true, "stage": "complete", "retries": 0}
[38;5;159m[Genesis] [14:37:19] [INFO] Scene [38;5;121m[3m<4dc556f>[0m[38;5;159m created.[0m
[38;5;159m[Genesis] [14:37:19] [INFO] Adding [38;5;121m<gs.engine.entities.RigidEntity>[0m[38;5;159m. idx: [38;5;121m0[0m[38;5;159m, uid: [38;5;121m[3m<94e0f40>[0m[38;5;159m, morph: [38;5;121m<gs.morphs.Plane>[0m[38;5;159m, material: [38;5;121m<gs.materials.Rigid>[0m[38;5;159m.[0m
[38;5;159m[Genesis] [14:37:19] [INFO] Adding [38;5;121m<gs.engine.entities.RigidEntity>[0m[38;5;159m. idx: [38;5;121m1[0m[38;5;159m, uid: [38;5;121m[3m<56d6239>[0m[38;5;159m, morph: [38;5;121m<gs.morphs.Box>[0m[38;5;159m, material: [38;5;121m<gs.materials.Rigid>[0m[38;5;159m.[0m
[38;5;159m[Genesis] [14:37:19] [INFO] Adding [38;5;121m<gs.engine.entities.RigidEntity>[0m[38;5;159m. idx: [38;5;121m2[0m[38;5;159m, uid: [38;5;121m[3m<d02dd98>[0m[38;5;159m, morph: [38;5;121m<gs.morphs.Box>[0m[38;5;159m, material: [38;5;121m<gs.materials.Rigid>[0m[38;5;159m.[0m
[38;5;159m[Genesis] [14:37:19] [INFO] Adding [38;5;121m<gs.engine.entities.RigidEntity>[0m[38;5;159m. idx: [38;5;121m3[0m[38;5;159m, uid: [38;5;121m[3m<3d194fa>[0m[38;5;159m, morph: [38;5;121m<gs.morphs.MJCF(file='/workspace/parcel-sorter-rocm/third_party/genesis-world/genesis/assets/xml/franka_emika_panda/panda.xml')>[0m[38;5;159m, material: [38;5;121m<gs.materials.Rigid>[0m[38;5;159m.[0m
[38;5;226m[Genesis] [14:37:19] [WARNING] (MJCF) Approximating tendon by joint actuator for `finger_joint1`[0m
[38;5;226m[Genesis] [14:37:19] [WARNING] (MJCF) Approximating tendon by joint actuator for `finger_joint2`[0m
[38;5;159m[Genesis] [14:37:19] [INFO] Adding [38;5;121m<gs.engine.entities.RigidEntity>[0m[38;5;159m. idx: [38;5;121m4[0m[38;5;159m, uid: [38;5;121m[3m<2586207>[0m[38;5;159m, morph: [38;5;121m<gs.morphs.Box>[0m[38;5;159m, material: [38;5;121m<gs.materials.Rigid>[0m[38;5;159m.[0m
[38;5;159m[Genesis] [14:37:19] [INFO] Building scene [38;5;121m[3m<4dc556f>[0m[38;5;159m...[0m
[38;5;226m[Genesis] [14:37:20] [WARNING] Neutral robot position (qpos0) exceeds joint limits.[0m
[38;5;226m[Genesis] [14:37:20] [WARNING] Constraint solver time constant should be greater than 2*substep_dt. timeconst is changed from `0.005` to `0.00833333`). Decrease simulation timestep or increase timeconst to avoid altering the original value.[0m
[38;5;226m[Genesis] [14:37:21] [WARNING] Filtered out geometry pairs causing self-collision for the neutral configuration (qpos0): (8, 13), (9, 13), (16, 23), (17, 22), (18, 25), (19, 24). Consider tuning Morph option 'decompose_robot_error_threshold' or specify dedicated collision meshes. This behavior can be disabled by setting Morph option 'enable_neutral_collision=True'.[0m
[38;5;159m[Genesis] [14:37:21] [INFO] Compiling simulation kernels...[0m
[38;5;159m[Genesis] [14:37:21] [INFO] Building visualizer...[0m
{"episode": 1100003, "profile": "small_carton", "success": true, "stage": "complete", "retries": 0}
[38;5;159m[Genesis] [14:37:29] [INFO] Scene [38;5;121m[3m<f2f3117>[0m[38;5;159m created.[0m
[38;5;159m[Genesis] [14:37:29] [INFO] Adding [38;5;121m<gs.engine.entities.RigidEntity>[0m[38;5;159m. idx: [38;5;121m0[0m[38;5;159m, uid: [38;5;121m[3m<356d950>[0m[38;5;159m, morph: [38;5;121m<gs.morphs.Plane>[0m[38;5;159m, material: [38;5;121m<gs.materials.Rigid>[0m[38;5;159m.[0m
[38;5;159m[Genesis] [14:37:29] [INFO] Adding [38;5;121m<gs.engine.entities.RigidEntity>[0m[38;5;159m. idx: [38;5;121m1[0m[38;5;159m, uid: [38;5;121m[3m<ba2fb1e>[0m[38;5;159m, morph: [38;5;121m<gs.morphs.Box>[0m[38;5;159m, material: [38;5;121m<gs.materials.Rigid>[0m[38;5;159m.[0m
[38;5;159m[Genesis] [14:37:29] [INFO] Adding [38;5;121m<gs.engine.entities.RigidEntity>[0m[38;5;159m. idx: [38;5;121m2[0m[38;5;159m, uid: [38;5;121m[3m<223b941>[0m[38;5;159m, morph: [38;5;121m<gs.morphs.Box>[0m[38;5;159m, material: [38;5;121m<gs.materials.Rigid>[0m[38;5;159m.[0m
[38;5;159m[Genesis] [14:37:29] [INFO] Adding [38;5;121m<gs.engine.entities.RigidEntity>[0m[38;5;159m. idx: [38;5;121m3[0m[38;5;159m, uid: [38;5;121m[3m<4b800b0>[0m[38;5;159m, morph: [38;5;121m<gs.morphs.MJCF(file='/workspace/parcel-sorter-rocm/third_party/genesis-world/genesis/assets/xml/franka_emika_panda/panda.xml')>[0m[38;5;159m, material: [38;5;121m<gs.materials.Rigid>[0m[38;5;159m.[0m
[38;5;226m[Genesis] [14:37:29] [WARNING] (MJCF) Approximating tendon by joint actuator for `finger_joint1`[0m
[38;5;226m[Genesis] [14:37:29] [WARNING] (MJCF) Approximating tendon by joint actuator for `finger_joint2`[0m
[38;5;159m[Genesis] [14:37:29] [INFO] Adding [38;5;121m<gs.engine.entities.RigidEntity>[0m[38;5;159m. idx: [38;5;121m4[0m[38;5;159m, uid: [38;5;121m[3m<a4426bf>[0m[38;5;159m, morph: [38;5;121m<gs.morphs.Box>[0m[38;5;159m, material: [38;5;121m<gs.materials.Rigid>[0m[38;5;159m.[0m
[38;5;159m[Genesis] [14:37:29] [INFO] Building scene [38;5;121m[3m<f2f3117>[0m[38;5;159m...[0m
[38;5;226m[Genesis] [14:37:29] [WARNING] Neutral robot position (qpos0) exceeds joint limits.[0m
[38;5;226m[Genesis] [14:37:29] [WARNING] Constraint solver time constant should be greater than 2*substep_dt. timeconst is changed from `0.005` to `0.00833333`). Decrease simulation timestep or increase timeconst to avoid altering the original value.[0m
[38;5;226m[Genesis] [14:37:31] [WARNING] Filtered out geometry pairs causing self-collision for the neutral configuration (qpos0): (8, 13), (9, 13), (16, 23), (17, 22), (18, 25), (19, 24). Consider tuning Morph option 'decompose_robot_error_threshold' or specify dedicated collision meshes. This behavior can be disabled by setting Morph option 'enable_neutral_collision=True'.[0m
[38;5;159m[Genesis] [14:37:31] [INFO] Compiling simulation kernels...[0m
[38;5;159m[Genesis] [14:37:31] [INFO] Building visualizer...[0m
{"episode": 1100004, "profile": "small_carton", "success": true, "stage": "complete", "retries": 0}
[38;5;159m[Genesis] [14:37:37] [INFO] Scene [38;5;121m[3m<830b19a>[0m[38;5;159m created.[0m
[38;5;159m[Genesis] [14:37:37] [INFO] Adding [38;5;121m<gs.engine.entities.RigidEntity>[0m[38;5;159m. idx: [38;5;121m0[0m[38;5;159m, uid: [38;5;121m[3m<67bbaed>[0m[38;5;159m, morph: [38;5;121m<gs.morphs.Plane>[0m[38;5;159m, material: [38;5;121m<gs.materials.Rigid>[0m[38;5;159m.[0m
[38;5;159m[Genesis] [14:37:37] [INFO] Adding [38;5;121m<gs.engine.entities.RigidEntity>[0m[38;5;159m. idx: [38;5;121m1[0m[38;5;159m, uid: [38;5;121m[3m<c02fa85>[0m[38;5;159m, morph: [38;5;121m<gs.morphs.Box>[0m[38;5;159m, material: [38;5;121m<gs.materials.Rigid>[0m[38;5;159m.[0m
[38;5;159m[Genesis] [14:37:37] [INFO] Adding [38;5;121m<gs.engine.entities.RigidEntity>[0m[38;5;159m. idx: [38;5;121m2[0m[38;5;159m, uid: [38;5;121m[3m<bcae1ef>[0m[38;5;159m, morph: [38;5;121m<gs.morphs.Box>[0m[38;5;159m, material: [38;5;121m<gs.materials.Rigid>[0m[38;5;159m.[0m
[38;5;159m[Genesis] [14:37:37] [INFO] Adding [38;5;121m<gs.engine.entities.RigidEntity>[0m[38;5;159m. idx: [38;5;121m3[0m[38;5;159m, uid: [38;5;121m[3m<3e2032b>[0m[38;5;159m, morph: [38;5;121m<gs.morphs.MJCF(file='/workspace/parcel-sorter-rocm/third_party/genesis-world/genesis/assets/xml/franka_emika_panda/panda.xml')>[0m[38;5;159m, material: [38;5;121m<gs.materials.Rigid>[0m[38;5;159m.[0m
[38;5;226m[Genesis] [14:37:38] [WARNING] (MJCF) Approximating tendon by joint actuator for `finger_joint1`[0m
[38;5;226m[Genesis] [14:37:38] [WARNING] (MJCF) Approximating tendon by joint actuator for `finger_joint2`[0m
[38;5;159m[Genesis] [14:37:38] [INFO] Adding [38;5;121m<gs.engine.entities.RigidEntity>[0m[38;5;159m. idx: [38;5;121m4[0m[38;5;159m, uid: [38;5;121m[3m<a0b7861>[0m[38;5;159m, morph: [38;5;121m<gs.morphs.Box>[0m[38;5;159m, material: [38;5;121m<gs.materials.Rigid>[0m[38;5;159m.[0m
[38;5;159m[Genesis] [14:37:38] [INFO] Building scene [38;5;121m[3m<830b19a>[0m[38;5;159m...[0m
[38;5;226m[Genesis] [14:37:38] [WARNING] Neutral robot position (qpos0) exceeds joint limits.[0m
[38;5;226m[Genesis] [14:37:38] [WARNING] Constraint solver time constant should be greater than 2*substep_dt. timeconst is changed from `0.005` to `0.00833333`). Decrease simulation timestep or increase timeconst to avoid altering the original value.[0m
[38;5;226m[Genesis] [14:37:39] [WARNING] Filtered out geometry pairs causing self-collision for the neutral configuration (qpos0): (8, 13), (9, 13), (16, 23), (17, 22), (18, 25), (19, 24). Consider tuning Morph option 'decompose_robot_error_threshold' or specify dedicated collision meshes. This behavior can be disabled by setting Morph option 'enable_neutral_collision=True'.[0m
[38;5;159m[Genesis] [14:37:40] [INFO] Compiling simulation kernels...[0m
[38;5;159m[Genesis] [14:37:40] [INFO] Building visualizer...[0m
{"episode": 2100000, "profile": "flat_mailer", "success": true, "stage": "complete", "retries": 1}
[38;5;159m[Genesis] [14:37:50] [INFO] Scene [38;5;121m[3m<5a49188>[0m[38;5;159m created.[0m
[38;5;159m[Genesis] [14:37:50] [INFO] Adding [38;5;121m<gs.engine.entities.RigidEntity>[0m[38;5;159m. idx: [38;5;121m0[0m[38;5;159m, uid: [38;5;121m[3m<5548fba>[0m[38;5;159m, morph: [38;5;121m<gs.morphs.Plane>[0m[38;5;159m, material: [38;5;121m<gs.materials.Rigid>[0m[38;5;159m.[0m
[38;5;159m[Genesis] [14:37:50] [INFO] Adding [38;5;121m<gs.engine.entities.RigidEntity>[0m[38;5;159m. idx: [38;5;121m1[0m[38;5;159m, uid: [38;5;121m[3m<e47578a>[0m[38;5;159m, morph: [38;5;121m<gs.morphs.Box>[0m[38;5;159m, material: [38;5;121m<gs.materials.Rigid>[0m[38;5;159m.[0m
[38;5;159m[Genesis] [14:37:50] [INFO] Adding [38;5;121m<gs.engine.entities.RigidEntity>[0m[38;5;159m. idx: [38;5;121m2[0m[38;5;159m, uid: [38;5;121m[3m<ba5e7ee>[0m[38;5;159m, morph: [38;5;121m<gs.morphs.Box>[0m[38;5;159m, material: [38;5;121m<gs.materials.Rigid>[0m[38;5;159m.[0m
[38;5;159m[Genesis] [14:37:50] [INFO] Adding [38;5;121m<gs.engine.entities.RigidEntity>[0m[38;5;159m. idx: [38;5;121m3[0m[38;5;159m, uid: [38;5;121m[3m<658d7a1>[0m[38;5;159m, morph: [38;5;121m<gs.morphs.MJCF(file='/workspace/parcel-sorter-rocm/third_party/genesis-world/genesis/assets/xml/franka_emika_panda/panda.xml')>[0m[38;5;159m, material: [38;5;121m<gs.materials.Rigid>[0m[38;5;159m.[0m
[38;5;226m[Genesis] [14:37:50] [WARNING] (MJCF) Approximating tendon by joint actuator for `finger_joint1`[0m
[38;5;226m[Genesis] [14:37:50] [WARNING] (MJCF) Approximating tendon by joint actuator for `finger_joint2`[0m
[38;5;159m[Genesis] [14:37:50] [INFO] Adding [38;5;121m<gs.engine.entities.RigidEntity>[0m[38;5;159m. idx: [38;5;121m4[0m[38;5;159m, uid: [38;5;121m[3m<0d31cfc>[0m[38;5;159m, morph: [38;5;121m<gs.morphs.Box>[0m[38;5;159m, material: [38;5;121m<gs.materials.Rigid>[0m[38;5;159m.[0m
[38;5;159m[Genesis] [14:37:50] [INFO] Building scene [38;5;121m[3m<5a49188>[0m[38;5;159m...[0m
[38;5;226m[Genesis] [14:37:50] [WARNING] Neutral robot position (qpos0) exceeds joint limits.[0m
[38;5;226m[Genesis] [14:37:51] [WARNING] Constraint solver time constant should be greater than 2*substep_dt. timeconst is changed from `0.005` to `0.00833333`). Decrease simulation timestep or increase timeconst to avoid altering the original value.[0m
[38;5;226m[Genesis] [14:37:52] [WARNING] Filtered out geometry pairs causing self-collision for the neutral configuration (qpos0): (8, 13), (9, 13), (16, 23), (17, 22), (18, 25), (19, 24). Consider tuning Morph option 'decompose_robot_error_threshold' or specify dedicated collision meshes. This behavior can be disabled by setting Morph option 'enable_neutral_collision=True'.[0m
[38;5;159m[Genesis] [14:37:52] [INFO] Compiling simulation kernels...[0m
[38;5;159m[Genesis] [14:37:52] [INFO] Building visualizer...[0m
{"episode": 2100001, "profile": "flat_mailer", "success": true, "stage": "complete", "retries": 0}
[38;5;159m[Genesis] [14:37:59] [INFO] Scene [38;5;121m[3m<946e20f>[0m[38;5;159m created.[0m
[38;5;159m[Genesis] [14:37:59] [INFO] Adding [38;5;121m<gs.engine.entities.RigidEntity>[0m[38;5;159m. idx: [38;5;121m0[0m[38;5;159m, uid: [38;5;121m[3m<b3825bd>[0m[38;5;159m, morph: [38;5;121m<gs.morphs.Plane>[0m[38;5;159m, material: [38;5;121m<gs.materials.Rigid>[0m[38;5;159m.[0m
[38;5;159m[Genesis] [14:37:59] [INFO] Adding [38;5;121m<gs.engine.entities.RigidEntity>[0m[38;5;159m. idx: [38;5;121m1[0m[38;5;159m, uid: [38;5;121m[3m<9bc3784>[0m[38;5;159m, morph: [38;5;121m<gs.morphs.Box>[0m[38;5;159m, material: [38;5;121m<gs.materials.Rigid>[0m[38;5;159m.[0m
[38;5;159m[Genesis] [14:37:59] [INFO] Adding [38;5;121m<gs.engine.entities.RigidEntity>[0m[38;5;159m. idx: [38;5;121m2[0m[38;5;159m, uid: [38;5;121m[3m<49de3e0>[0m[38;5;159m, morph: [38;5;121m<gs.morphs.Box>[0m[38;5;159m, material: [38;5;121m<gs.materials.Rigid>[0m[38;5;159m.[0m
[38;5;159m[Genesis] [14:37:59] [INFO] Adding [38;5;121m<gs.engine.entities.RigidEntity>[0m[38;5;159m. idx: [38;5;121m3[0m[38;5;159m, uid: [38;5;121m[3m<053696e>[0m[38;5;159m, morph: [38;5;121m<gs.morphs.MJCF(file='/workspace/parcel-sorter-rocm/third_party/genesis-world/genesis/assets/xml/franka_emika_panda/panda.xml')>[0m[38;5;159m, material: [38;5;121m<gs.materials.Rigid>[0m[38;5;159m.[0m
[38;5;226m[Genesis] [14:38:00] [WARNING] (MJCF) Approximating tendon by joint actuator for `finger_joint1`[0m
[38;5;226m[Genesis] [14:38:00] [WARNING] (MJCF) Approximating tendon by joint actuator for `finger_joint2`[0m
[38;5;159m[Genesis] [14:38:00] [INFO] Adding [38;5;121m<gs.engine.entities.RigidEntity>[0m[38;5;159m. idx: [38;5;121m4[0m[38;5;159m, uid: [38;5;121m[3m<e89eca3>[0m[38;5;159m, morph: [38;5;121m<gs.morphs.Box>[0m[38;5;159m, material: [38;5;121m<gs.materials.Rigid>[0m[38;5;159m.[0m
[38;5;159m[Genesis] [14:38:00] [INFO] Building scene [38;5;121m[3m<946e20f>[0m[38;5;159m...[0m
[38;5;226m[Genesis] [14:38:00] [WARNING] Neutral robot position (qpos0) exceeds joint limits.[0m
[38;5;226m[Genesis] [14:38:00] [WARNING] Constraint solver time constant should be greater than 2*substep_dt. timeconst is changed from `0.005` to `0.00833333`). Decrease simulation timestep or increase timeconst to avoid altering the original value.[0m
[38;5;226m[Genesis] [14:38:01] [WARNING] Filtered out geometry pairs causing self-collision for the neutral configuration (qpos0): (8, 13), (9, 13), (16, 23), (17, 22), (18, 25), (19, 24). Consider tuning Morph option 'decompose_robot_error_threshold' or specify dedicated collision meshes. This behavior can be disabled by setting Morph option 'enable_neutral_collision=True'.[0m
[38;5;159m[Genesis] [14:38:01] [INFO] Compiling simulation kernels...[0m
[38;5;159m[Genesis] [14:38:02] [INFO] Building visualizer...[0m
{"episode": 2100002, "profile": "flat_mailer", "success": true, "stage": "complete", "retries": 0}
[38;5;159m[Genesis] [14:38:09] [INFO] Scene [38;5;121m[3m<c10f115>[0m[38;5;159m created.[0m
[38;5;159m[Genesis] [14:38:09] [INFO] Adding [38;5;121m<gs.engine.entities.RigidEntity>[0m[38;5;159m. idx: [38;5;121m0[0m[38;5;159m, uid: [38;5;121m[3m<a195c52>[0m[38;5;159m, morph: [38;5;121m<gs.morphs.Plane>[0m[38;5;159m, material: [38;5;121m<gs.materials.Rigid>[0m[38;5;159m.[0m
[38;5;159m[Genesis] [14:38:09] [INFO] Adding [38;5;121m<gs.engine.entities.RigidEntity>[0m[38;5;159m. idx: [38;5;121m1[0m[38;5;159m, uid: [38;5;121m[3m<60849c1>[0m[38;5;159m, morph: [38;5;121m<gs.morphs.Box>[0m[38;5;159m, material: [38;5;121m<gs.materials.Rigid>[0m[38;5;159m.[0m
[38;5;159m[Genesis] [14:38:09] [INFO] Adding [38;5;121m<gs.engine.entities.RigidEntity>[0m[38;5;159m. idx: [38;5;121m2[0m[38;5;159m, uid: [38;5;121m[3m<851b9a5>[0m[38;5;159m, morph: [38;5;121m<gs.morphs.Box>[0m[38;5;159m, material: [38;5;121m<gs.materials.Rigid>[0m[38;5;159m.[0m
[38;5;159m[Genesis] [14:38:09] [INFO] Adding [38;5;121m<gs.engine.entities.RigidEntity>[0m[38;5;159m. idx: [38;5;121m3[0m[38;5;159m, uid: [38;5;121m[3m<f54193b>[0m[38;5;159m, morph: [38;5;121m<gs.morphs.MJCF(file='/workspace/parcel-sorter-rocm/third_party/genesis-world/genesis/assets/xml/franka_emika_panda/panda.xml')>[0m[38;5;159m, material: [38;5;121m<gs.materials.Rigid>[0m[38;5;159m.[0m
[38;5;226m[Genesis] [14:38:09] [WARNING] (MJCF) Approximating tendon by joint actuator for `finger_joint1`[0m
[38;5;226m[Genesis] [14:38:09] [WARNING] (MJCF) Approximating tendon by joint actuator for `finger_joint2`[0m
[38;5;159m[Genesis] [14:38:09] [INFO] Adding [38;5;121m<gs.engine.entities.RigidEntity>[0m[38;5;159m. idx: [38;5;121m4[0m[38;5;159m, uid: [38;5;121m[3m<5475591>[0m[38;5;159m, morph: [38;5;121m<gs.morphs.Box>[0m[38;5;159m, material: [38;5;121m<gs.materials.Rigid>[0m[38;5;159m.[0m
[38;5;159m[Genesis] [14:38:09] [INFO] Building scene [38;5;121m[3m<c10f115>[0m[38;5;159m...[0m
[38;5;226m[Genesis] [14:38:09] [WARNING] Neutral robot position (qpos0) exceeds joint limits.[0m
[38;5;226m[Genesis] [14:38:09] [WARNING] Constraint solver time constant should be greater than 2*substep_dt. timeconst is changed from `0.005` to `0.00833333`). Decrease simulation timestep or increase timeconst to avoid altering the original value.[0m
[38;5;226m[Genesis] [14:38:10] [WARNING] Filtered out geometry pairs causing self-collision for the neutral configuration (qpos0): (8, 13), (9, 13), (16, 23), (17, 22), (18, 25), (19, 24). Consider tuning Morph option 'decompose_robot_error_threshold' or specify dedicated collision meshes. This behavior can be disabled by setting Morph option 'enable_neutral_collision=True'.[0m
[38;5;159m[Genesis] [14:38:11] [INFO] Compiling simulation kernels...[0m
[38;5;159m[Genesis] [14:38:11] [INFO] Building visualizer...[0m
{"episode": 2100003, "profile": "flat_mailer", "success": true, "stage": "complete", "retries": 0}
[38;5;159m[Genesis] [14:38:17] [INFO] Scene [38;5;121m[3m<01a8df6>[0m[38;5;159m created.[0m
[38;5;159m[Genesis] [14:38:17] [INFO] Adding [38;5;121m<gs.engine.entities.RigidEntity>[0m[38;5;159m. idx: [38;5;121m0[0m[38;5;159m, uid: [38;5;121m[3m<a423a79>[0m[38;5;159m, morph: [38;5;121m<gs.morphs.Plane>[0m[38;5;159m, material: [38;5;121m<gs.materials.Rigid>[0m[38;5;159m.[0m
[38;5;159m[Genesis] [14:38:17] [INFO] Adding [38;5;121m<gs.engine.entities.RigidEntity>[0m[38;5;159m. idx: [38;5;121m1[0m[38;5;159m, uid: [38;5;121m[3m<7ddc047>[0m[38;5;159m, morph: [38;5;121m<gs.morphs.Box>[0m[38;5;159m, material: [38;5;121m<gs.materials.Rigid>[0m[38;5;159m.[0m
[38;5;159m[Genesis] [14:38:17] [INFO] Adding [38;5;121m<gs.engine.entities.RigidEntity>[0m[38;5;159m. idx: [38;5;121m2[0m[38;5;159m, uid: [38;5;121m[3m<4692f2d>[0m[38;5;159m, morph: [38;5;121m<gs.morphs.Box>[0m[38;5;159m, material: [38;5;121m<gs.materials.Rigid>[0m[38;5;159m.[0m
[38;5;159m[Genesis] [14:38:17] [INFO] Adding [38;5;121m<gs.engine.entities.RigidEntity>[0m[38;5;159m. idx: [38;5;121m3[0m[38;5;159m, uid: [38;5;121m[3m<83c2efc>[0m[38;5;159m, morph: [38;5;121m<gs.morphs.MJCF(file='/workspace/parcel-sorter-rocm/third_party/genesis-world/genesis/assets/xml/franka_emika_panda/panda.xml')>[0m[38;5;159m, material: [38;5;121m<gs.materials.Rigid>[0m[38;5;159m.[0m
[38;5;226m[Genesis] [14:38:17] [WARNING] (MJCF) Approximating tendon by joint actuator for `finger_joint1`[0m
[38;5;226m[Genesis] [14:38:17] [WARNING] (MJCF) Approximating tendon by joint actuator for `finger_joint2`[0m
[38;5;159m[Genesis] [14:38:17] [INFO] Adding [38;5;121m<gs.engine.entities.RigidEntity>[0m[38;5;159m. idx: [38;5;121m4[0m[38;5;159m, uid: [38;5;121m[3m<72a2159>[0m[38;5;159m, morph: [38;5;121m<gs.morphs.Box>[0m[38;5;159m, material: [38;5;121m<gs.materials.Rigid>[0m[38;5;159m.[0m
[38;5;159m[Genesis] [14:38:17] [INFO] Building scene [38;5;121m[3m<01a8df6>[0m[38;5;159m...[0m
[38;5;226m[Genesis] [14:38:18] [WARNING] Neutral robot position (qpos0) exceeds joint limits.[0m
[38;5;226m[Genesis] [14:38:18] [WARNING] Constraint solver time constant should be greater than 2*substep_dt. timeconst is changed from `0.005` to `0.00833333`). Decrease simulation timestep or increase timeconst to avoid altering the original value.[0m
[38;5;226m[Genesis] [14:38:19] [WARNING] Filtered out geometry pairs causing self-collision for the neutral configuration (qpos0): (8, 13), (9, 13), (16, 23), (17, 22), (18, 25), (19, 24). Consider tuning Morph option 'decompose_robot_error_threshold' or specify dedicated collision meshes. This behavior can be disabled by setting Morph option 'enable_neutral_collision=True'.[0m
[38;5;159m[Genesis] [14:38:19] [INFO] Compiling simulation kernels...[0m
[38;5;159m[Genesis] [14:38:20] [INFO] Building visualizer...[0m
{"episode": 2100004, "profile": "flat_mailer", "success": false, "stage": "abort", "retries": 2}
[38;5;159m[Genesis] [14:38:25] [INFO] Scene [38;5;121m[3m<bbe72eb>[0m[38;5;159m created.[0m
[38;5;159m[Genesis] [14:38:25] [INFO] Adding [38;5;121m<gs.engine.entities.RigidEntity>[0m[38;5;159m. idx: [38;5;121m0[0m[38;5;159m, uid: [38;5;121m[3m<dbad68c>[0m[38;5;159m, morph: [38;5;121m<gs.morphs.Plane>[0m[38;5;159m, material: [38;5;121m<gs.materials.Rigid>[0m[38;5;159m.[0m
[38;5;159m[Genesis] [14:38:25] [INFO] Adding [38;5;121m<gs.engine.entities.RigidEntity>[0m[38;5;159m. idx: [38;5;121m1[0m[38;5;159m, uid: [38;5;121m[3m<2d58b20>[0m[38;5;159m, morph: [38;5;121m<gs.morphs.Box>[0m[38;5;159m, material: [38;5;121m<gs.materials.Rigid>[0m[38;5;159m.[0m
[38;5;159m[Genesis] [14:38:25] [INFO] Adding [38;5;121m<gs.engine.entities.RigidEntity>[0m[38;5;159m. idx: [38;5;121m2[0m[38;5;159m, uid: [38;5;121m[3m<d8bcfdb>[0m[38;5;159m, morph: [38;5;121m<gs.morphs.Box>[0m[38;5;159m, material: [38;5;121m<gs.materials.Rigid>[0m[38;5;159m.[0m
[38;5;159m[Genesis] [14:38:25] [INFO] Adding [38;5;121m<gs.engine.entities.RigidEntity>[0m[38;5;159m. idx: [38;5;121m3[0m[38;5;159m, uid: [38;5;121m[3m<a91d06a>[0m[38;5;159m, morph: [38;5;121m<gs.morphs.MJCF(file='/workspace/parcel-sorter-rocm/third_party/genesis-world/genesis/assets/xml/franka_emika_panda/panda.xml')>[0m[38;5;159m, material: [38;5;121m<gs.materials.Rigid>[0m[38;5;159m.[0m
[38;5;226m[Genesis] [14:38:25] [WARNING] (MJCF) Approximating tendon by joint actuator for `finger_joint1`[0m
[38;5;226m[Genesis] [14:38:25] [WARNING] (MJCF) Approximating tendon by joint actuator for `finger_joint2`[0m
[38;5;159m[Genesis] [14:38:25] [INFO] Adding [38;5;121m<gs.engine.entities.RigidEntity>[0m[38;5;159m. idx: [38;5;121m4[0m[38;5;159m, uid: [38;5;121m[3m<c423b44>[0m[38;5;159m, morph: [38;5;121m<gs.morphs.Box>[0m[38;5;159m, material: [38;5;121m<gs.materials.Rigid>[0m[38;5;159m.[0m
[38;5;159m[Genesis] [14:38:25] [INFO] Building scene [38;5;121m[3m<bbe72eb>[0m[38;5;159m...[0m
[38;5;226m[Genesis] [14:38:25] [WARNING] Neutral robot position (qpos0) exceeds joint limits.[0m
[38;5;226m[Genesis] [14:38:25] [WARNING] Constraint solver time constant should be greater than 2*substep_dt. timeconst is changed from `0.005` to `0.00833333`). Decrease simulation timestep or increase timeconst to avoid altering the original value.[0m
[38;5;226m[Genesis] [14:38:27] [WARNING] Filtered out geometry pairs causing self-collision for the neutral configuration (qpos0): (8, 13), (9, 13), (16, 23), (17, 22), (18, 25), (19, 24). Consider tuning Morph option 'decompose_robot_error_threshold' or specify dedicated collision meshes. This behavior can be disabled by setting Morph option 'enable_neutral_collision=True'.[0m
[38;5;159m[Genesis] [14:38:27] [INFO] Compiling simulation kernels...[0m
[38;5;159m[Genesis] [14:38:27] [INFO] Building visualizer...[0m
{"episode": 3100000, "profile": "book_box", "success": true, "stage": "complete", "retries": 0}
[38;5;159m[Genesis] [14:38:34] [INFO] Scene [38;5;121m[3m<e8dfe78>[0m[38;5;159m created.[0m
[38;5;159m[Genesis] [14:38:34] [INFO] Adding [38;5;121m<gs.engine.entities.RigidEntity>[0m[38;5;159m. idx: [38;5;121m0[0m[38;5;159m, uid: [38;5;121m[3m<6313af3>[0m[38;5;159m, morph: [38;5;121m<gs.morphs.Plane>[0m[38;5;159m, material: [38;5;121m<gs.materials.Rigid>[0m[38;5;159m.[0m
[38;5;159m[Genesis] [14:38:34] [INFO] Adding [38;5;121m<gs.engine.entities.RigidEntity>[0m[38;5;159m. idx: [38;5;121m1[0m[38;5;159m, uid: [38;5;121m[3m<d58be2d>[0m[38;5;159m, morph: [38;5;121m<gs.morphs.Box>[0m[38;5;159m, material: [38;5;121m<gs.materials.Rigid>[0m[38;5;159m.[0m
[38;5;159m[Genesis] [14:38:34] [INFO] Adding [38;5;121m<gs.engine.entities.RigidEntity>[0m[38;5;159m. idx: [38;5;121m2[0m[38;5;159m, uid: [38;5;121m[3m<581229d>[0m[38;5;159m, morph: [38;5;121m<gs.morphs.Box>[0m[38;5;159m, material: [38;5;121m<gs.materials.Rigid>[0m[38;5;159m.[0m
[38;5;159m[Genesis] [14:38:34] [INFO] Adding [38;5;121m<gs.engine.entities.RigidEntity>[0m[38;5;159m. idx: [38;5;121m3[0m[38;5;159m, uid: [38;5;121m[3m<849b4fa>[0m[38;5;159m, morph: [38;5;121m<gs.morphs.MJCF(file='/workspace/parcel-sorter-rocm/third_party/genesis-world/genesis/assets/xml/franka_emika_panda/panda.xml')>[0m[38;5;159m, material: [38;5;121m<gs.materials.Rigid>[0m[38;5;159m.[0m
[38;5;226m[Genesis] [14:38:34] [WARNING] (MJCF) Approximating tendon by joint actuator for `finger_joint1`[0m
[38;5;226m[Genesis] [14:38:34] [WARNING] (MJCF) Approximating tendon by joint actuator for `finger_joint2`[0m
[38;5;159m[Genesis] [14:38:34] [INFO] Adding [38;5;121m<gs.engine.entities.RigidEntity>[0m[38;5;159m. idx: [38;5;121m4[0m[38;5;159m, uid: [38;5;121m[3m<d84c3b5>[0m[38;5;159m, morph: [38;5;121m<gs.morphs.Box>[0m[38;5;159m, material: [38;5;121m<gs.materials.Rigid>[0m[38;5;159m.[0m
[38;5;159m[Genesis] [14:38:34] [INFO] Building scene [38;5;121m[3m<e8dfe78>[0m[38;5;159m...[0m
[38;5;226m[Genesis] [14:38:34] [WARNING] Neutral robot position (qpos0) exceeds joint limits.[0m
[38;5;226m[Genesis] [14:38:34] [WARNING] Constraint solver time constant should be greater than 2*substep_dt. timeconst is changed from `0.005` to `0.00833333`). Decrease simulation timestep or increase timeconst to avoid altering the original value.[0m
[38;5;226m[Genesis] [14:38:35] [WARNING] Filtered out geometry pairs causing self-collision for the neutral configuration (qpos0): (8, 13), (9, 13), (16, 23), (17, 22), (18, 25), (19, 24). Consider tuning Morph option 'decompose_robot_error_threshold' or specify dedicated collision meshes. This behavior can be disabled by setting Morph option 'enable_neutral_collision=True'.[0m
[38;5;159m[Genesis] [14:38:36] [INFO] Compiling simulation kernels...[0m
[38;5;159m[Genesis] [14:38:36] [INFO] Building visualizer...[0m
{"episode": 3100001, "profile": "book_box", "success": false, "stage": "abort", "retries": 2}
[38;5;159m[Genesis] [14:38:41] [INFO] Scene [38;5;121m[3m<035b187>[0m[38;5;159m created.[0m
[38;5;159m[Genesis] [14:38:41] [INFO] Adding [38;5;121m<gs.engine.entities.RigidEntity>[0m[38;5;159m. idx: [38;5;121m0[0m[38;5;159m, uid: [38;5;121m[3m<564582e>[0m[38;5;159m, morph: [38;5;121m<gs.morphs.Plane>[0m[38;5;159m, material: [38;5;121m<gs.materials.Rigid>[0m[38;5;159m.[0m
[38;5;159m[Genesis] [14:38:41] [INFO] Adding [38;5;121m<gs.engine.entities.RigidEntity>[0m[38;5;159m. idx: [38;5;121m1[0m[38;5;159m, uid: [38;5;121m[3m<3a27d6d>[0m[38;5;159m, morph: [38;5;121m<gs.morphs.Box>[0m[38;5;159m, material: [38;5;121m<gs.materials.Rigid>[0m[38;5;159m.[0m
[38;5;159m[Genesis] [14:38:41] [INFO] Adding [38;5;121m<gs.engine.entities.RigidEntity>[0m[38;5;159m. idx: [38;5;121m2[0m[38;5;159m, uid: [38;5;121m[3m<183385c>[0m[38;5;159m, morph: [38;5;121m<gs.morphs.Box>[0m[38;5;159m, material: [38;5;121m<gs.materials.Rigid>[0m[38;5;159m.[0m
[38;5;159m[Genesis] [14:38:41] [INFO] Adding [38;5;121m<gs.engine.entities.RigidEntity>[0m[38;5;159m. idx: [38;5;121m3[0m[38;5;159m, uid: [38;5;121m[3m<5a24d36>[0m[38;5;159m, morph: [38;5;121m<gs.morphs.MJCF(file='/workspace/parcel-sorter-rocm/third_party/genesis-world/genesis/assets/xml/franka_emika_panda/panda.xml')>[0m[38;5;159m, material: [38;5;121m<gs.materials.Rigid>[0m[38;5;159m.[0m
[38;5;226m[Genesis] [14:38:41] [WARNING] (MJCF) Approximating tendon by joint actuator for `finger_joint1`[0m
[38;5;226m[Genesis] [14:38:41] [WARNING] (MJCF) Approximating tendon by joint actuator for `finger_joint2`[0m
[38;5;159m[Genesis] [14:38:41] [INFO] Adding [38;5;121m<gs.engine.entities.RigidEntity>[0m[38;5;159m. idx: [38;5;121m4[0m[38;5;159m, uid: [38;5;121m[3m<0697101>[0m[38;5;159m, morph: [38;5;121m<gs.morphs.Box>[0m[38;5;159m, material: [38;5;121m<gs.materials.Rigid>[0m[38;5;159m.[0m
[38;5;159m[Genesis] [14:38:41] [INFO] Building scene [38;5;121m[3m<035b187>[0m[38;5;159m...[0m
[38;5;226m[Genesis] [14:38:41] [WARNING] Neutral robot position (qpos0) exceeds joint limits.[0m
[38;5;226m[Genesis] [14:38:41] [WARNING] Constraint solver time constant should be greater than 2*substep_dt. timeconst is changed from `0.005` to `0.00833333`). Decrease simulation timestep or increase timeconst to avoid altering the original value.[0m
[38;5;226m[Genesis] [14:38:42] [WARNING] Filtered out geometry pairs causing self-collision for the neutral configuration (qpos0): (8, 13), (9, 13), (16, 23), (17, 22), (18, 25), (19, 24). Consider tuning Morph option 'decompose_robot_error_threshold' or specify dedicated collision meshes. This behavior can be disabled by setting Morph option 'enable_neutral_collision=True'.[0m
[38;5;159m[Genesis] [14:38:43] [INFO] Compiling simulation kernels...[0m
[38;5;159m[Genesis] [14:38:43] [INFO] Building visualizer...[0m
{"episode": 3100002, "profile": "book_box", "success": true, "stage": "complete", "retries": 0}
[38;5;159m[Genesis] [14:38:50] [INFO] Scene [38;5;121m[3m<69b374c>[0m[38;5;159m created.[0m
[38;5;159m[Genesis] [14:38:50] [INFO] Adding [38;5;121m<gs.engine.entities.RigidEntity>[0m[38;5;159m. idx: [38;5;121m0[0m[38;5;159m, uid: [38;5;121m[3m<bf1ef3d>[0m[38;5;159m, morph: [38;5;121m<gs.morphs.Plane>[0m[38;5;159m, material: [38;5;121m<gs.materials.Rigid>[0m[38;5;159m.[0m
[38;5;159m[Genesis] [14:38:50] [INFO] Adding [38;5;121m<gs.engine.entities.RigidEntity>[0m[38;5;159m. idx: [38;5;121m1[0m[38;5;159m, uid: [38;5;121m[3m<b814551>[0m[38;5;159m, morph: [38;5;121m<gs.morphs.Box>[0m[38;5;159m, material: [38;5;121m<gs.materials.Rigid>[0m[38;5;159m.[0m
[38;5;159m[Genesis] [14:38:50] [INFO] Adding [38;5;121m<gs.engine.entities.RigidEntity>[0m[38;5;159m. idx: [38;5;121m2[0m[38;5;159m, uid: [38;5;121m[3m<dc1897d>[0m[38;5;159m, morph: [38;5;121m<gs.morphs.Box>[0m[38;5;159m, material: [38;5;121m<gs.materials.Rigid>[0m[38;5;159m.[0m
[38;5;159m[Genesis] [14:38:50] [INFO] Adding [38;5;121m<gs.engine.entities.RigidEntity>[0m[38;5;159m. idx: [38;5;121m3[0m[38;5;159m, uid: [38;5;121m[3m<0b12a01>[0m[38;5;159m, morph: [38;5;121m<gs.morphs.MJCF(file='/workspace/parcel-sorter-rocm/third_party/genesis-world/genesis/assets/xml/franka_emika_panda/panda.xml')>[0m[38;5;159m, material: [38;5;121m<gs.materials.Rigid>[0m[38;5;159m.[0m
[38;5;226m[Genesis] [14:38:50] [WARNING] (MJCF) Approximating tendon by joint actuator for `finger_joint1`[0m
[38;5;226m[Genesis] [14:38:50] [WARNING] (MJCF) Approximating tendon by joint actuator for `finger_joint2`[0m
[38;5;159m[Genesis] [14:38:50] [INFO] Adding [38;5;121m<gs.engine.entities.RigidEntity>[0m[38;5;159m. idx: [38;5;121m4[0m[38;5;159m, uid: [38;5;121m[3m<918434a>[0m[38;5;159m, morph: [38;5;121m<gs.morphs.Box>[0m[38;5;159m, material: [38;5;121m<gs.materials.Rigid>[0m[38;5;159m.[0m
[38;5;159m[Genesis] [14:38:50] [INFO] Building scene [38;5;121m[3m<69b374c>[0m[38;5;159m...[0m
[38;5;226m[Genesis] [14:38:50] [WARNING] Neutral robot position (qpos0) exceeds joint limits.[0m
[38;5;226m[Genesis] [14:38:50] [WARNING] Constraint solver time constant should be greater than 2*substep_dt. timeconst is changed from `0.005` to `0.00833333`). Decrease simulation timestep or increase timeconst to avoid altering the original value.[0m
[38;5;226m[Genesis] [14:38:51] [WARNING] Filtered out geometry pairs causing self-collision for the neutral configuration (qpos0): (8, 13), (9, 13), (16, 23), (17, 22), (18, 25), (19, 24). Consider tuning Morph option 'decompose_robot_error_threshold' or specify dedicated collision meshes. This behavior can be disabled by setting Morph option 'enable_neutral_collision=True'.[0m
[38;5;159m[Genesis] [14:38:52] [INFO] Compiling simulation kernels...[0m
[38;5;159m[Genesis] [14:38:52] [INFO] Building visualizer...[0m
{"episode": 3100003, "profile": "book_box", "success": true, "stage": "complete", "retries": 0}
[38;5;159m[Genesis] [14:38:59] [INFO] Scene [38;5;121m[3m<5939fb4>[0m[38;5;159m created.[0m
[38;5;159m[Genesis] [14:38:59] [INFO] Adding [38;5;121m<gs.engine.entities.RigidEntity>[0m[38;5;159m. idx: [38;5;121m0[0m[38;5;159m, uid: [38;5;121m[3m<f50e854>[0m[38;5;159m, morph: [38;5;121m<gs.morphs.Plane>[0m[38;5;159m, material: [38;5;121m<gs.materials.Rigid>[0m[38;5;159m.[0m
[38;5;159m[Genesis] [14:38:59] [INFO] Adding [38;5;121m<gs.engine.entities.RigidEntity>[0m[38;5;159m. idx: [38;5;121m1[0m[38;5;159m, uid: [38;5;121m[3m<8a45285>[0m[38;5;159m, morph: [38;5;121m<gs.morphs.Box>[0m[38;5;159m, material: [38;5;121m<gs.materials.Rigid>[0m[38;5;159m.[0m
[38;5;159m[Genesis] [14:38:59] [INFO] Adding [38;5;121m<gs.engine.entities.RigidEntity>[0m[38;5;159m. idx: [38;5;121m2[0m[38;5;159m, uid: [38;5;121m[3m<9658c02>[0m[38;5;159m, morph: [38;5;121m<gs.morphs.Box>[0m[38;5;159m, material: [38;5;121m<gs.materials.Rigid>[0m[38;5;159m.[0m
[38;5;159m[Genesis] [14:38:59] [INFO] Adding [38;5;121m<gs.engine.entities.RigidEntity>[0m[38;5;159m. idx: [38;5;121m3[0m[38;5;159m, uid: [38;5;121m[3m<4760bad>[0m[38;5;159m, morph: [38;5;121m<gs.morphs.MJCF(file='/workspace/parcel-sorter-rocm/third_party/genesis-world/genesis/assets/xml/franka_emika_panda/panda.xml')>[0m[38;5;159m, material: [38;5;121m<gs.materials.Rigid>[0m[38;5;159m.[0m
[38;5;226m[Genesis] [14:38:59] [WARNING] (MJCF) Approximating tendon by joint actuator for `finger_joint1`[0m
[38;5;226m[Genesis] [14:38:59] [WARNING] (MJCF) Approximating tendon by joint actuator for `finger_joint2`[0m
[38;5;159m[Genesis] [14:38:59] [INFO] Adding [38;5;121m<gs.engine.entities.RigidEntity>[0m[38;5;159m. idx: [38;5;121m4[0m[38;5;159m, uid: [38;5;121m[3m<3c1c465>[0m[38;5;159m, morph: [38;5;121m<gs.morphs.Box>[0m[38;5;159m, material: [38;5;121m<gs.materials.Rigid>[0m[38;5;159m.[0m
[38;5;159m[Genesis] [14:38:59] [INFO] Building scene [38;5;121m[3m<5939fb4>[0m[38;5;159m...[0m
[38;5;226m[Genesis] [14:38:59] [WARNING] Neutral robot position (qpos0) exceeds joint limits.[0m
[38;5;226m[Genesis] [14:38:59] [WARNING] Constraint solver time constant should be greater than 2*substep_dt. timeconst is changed from `0.005` to `0.00833333`). Decrease simulation timestep or increase timeconst to avoid altering the original value.[0m
[38;5;226m[Genesis] [14:39:00] [WARNING] Filtered out geometry pairs causing self-collision for the neutral configuration (qpos0): (8, 13), (9, 13), (16, 23), (17, 22), (18, 25), (19, 24). Consider tuning Morph option 'decompose_robot_error_threshold' or specify dedicated collision meshes. This behavior can be disabled by setting Morph option 'enable_neutral_collision=True'.[0m
[38;5;159m[Genesis] [14:39:01] [INFO] Compiling simulation kernels...[0m
[38;5;159m[Genesis] [14:39:01] [INFO] Building visualizer...[0m
{"episode": 3100004, "profile": "book_box", "success": false, "stage": "abort", "retries": 1}
[38;5;159m[Genesis] [14:39:23] [INFO] Scene [38;5;121m[3m<3c3ca85>[0m[38;5;159m created.[0m
[38;5;159m[Genesis] [14:39:23] [INFO] Adding [38;5;121m<gs.engine.entities.RigidEntity>[0m[38;5;159m. idx: [38;5;121m0[0m[38;5;159m, uid: [38;5;121m[3m<30e5c5b>[0m[38;5;159m, morph: [38;5;121m<gs.morphs.Plane>[0m[38;5;159m, material: [38;5;121m<gs.materials.Rigid>[0m[38;5;159m.[0m
[38;5;159m[Genesis] [14:39:23] [INFO] Adding [38;5;121m<gs.engine.entities.RigidEntity>[0m[38;5;159m. idx: [38;5;121m1[0m[38;5;159m, uid: [38;5;121m[3m<c34bd2d>[0m[38;5;159m, morph: [38;5;121m<gs.morphs.Box>[0m[38;5;159m, material: [38;5;121m<gs.materials.Rigid>[0m[38;5;159m.[0m
[38;5;159m[Genesis] [14:39:23] [INFO] Adding [38;5;121m<gs.engine.entities.RigidEntity>[0m[38;5;159m. idx: [38;5;121m2[0m[38;5;159m, uid: [38;5;121m[3m<eb96c17>[0m[38;5;159m, morph: [38;5;121m<gs.morphs.Box>[0m[38;5;159m, material: [38;5;121m<gs.materials.Rigid>[0m[38;5;159m.[0m
[38;5;159m[Genesis] [14:39:23] [INFO] Adding [38;5;121m<gs.engine.entities.RigidEntity>[0m[38;5;159m. idx: [38;5;121m3[0m[38;5;159m, uid: [38;5;121m[3m<d84a04c>[0m[38;5;159m, morph: [38;5;121m<gs.morphs.MJCF(file='/workspace/parcel-sorter-rocm/third_party/genesis-world/genesis/assets/xml/franka_emika_panda/panda.xml')>[0m[38;5;159m, material: [38;5;121m<gs.materials.Rigid>[0m[38;5;159m.[0m
[38;5;226m[Genesis] [14:39:23] [WARNING] (MJCF) Approximating tendon by joint actuator for `finger_joint1`[0m
[38;5;226m[Genesis] [14:39:23] [WARNING] (MJCF) Approximating tendon by joint actuator for `finger_joint2`[0m
[38;5;159m[Genesis] [14:39:23] [INFO] Adding [38;5;121m<gs.engine.entities.RigidEntity>[0m[38;5;159m. idx: [38;5;121m4[0m[38;5;159m, uid: [38;5;121m[3m<d17fe5c>[0m[38;5;159m, morph: [38;5;121m<gs.morphs.Box>[0m[38;5;159m, material: [38;5;121m<gs.materials.Rigid>[0m[38;5;159m.[0m
[38;5;159m[Genesis] [14:39:23] [INFO] Building scene [38;5;121m[3m<3c3ca85>[0m[38;5;159m...[0m
[38;5;226m[Genesis] [14:39:23] [WARNING] Neutral robot position (qpos0) exceeds joint limits.[0m
[38;5;226m[Genesis] [14:39:23] [WARNING] Constraint solver time constant should be greater than 2*substep_dt. timeconst is changed from `0.005` to `0.00833333`). Decrease simulation timestep or increase timeconst to avoid altering the original value.[0m
[38;5;226m[Genesis] [14:39:24] [WARNING] Filtered out geometry pairs causing self-collision for the neutral configuration (qpos0): (8, 13), (9, 13), (16, 23), (17, 22), (18, 25), (19, 24). Consider tuning Morph option 'decompose_robot_error_threshold' or specify dedicated collision meshes. This behavior can be disabled by setting Morph option 'enable_neutral_collision=True'.[0m
[38;5;159m[Genesis] [14:39:25] [INFO] Compiling simulation kernels...[0m
[38;5;159m[Genesis] [14:39:25] [INFO] Building visualizer...[0m
[W 07/25/26 14:39:28.883 1320958] QuadrantsWarning
While compiling `_kernel_forward_kinematics_c68_0`, File "/workspace/parcel-sorter-rocm/third_party/genesis-world/genesis/engine/entities/rigid_entity/rigid_entity.py", line 3388, in _kernel_forward_kinematics:
            rigid_info.qpos[qs_idx[i_q_], envs_idx[i_b_]] = qpos[i_b_, i_q_]
            ^^^^^^^^^^^^^^^^^^^^^^^^^^^^^^^^^^^^^^^^^^^^^^^^^^^^^^^^^^^^^^^^
Assign may lose precision: f32 <- f64
{"episode": 4100000, "profile": "medium_carton", "success": true, "stage": "complete", "retries": 0}
[38;5;159m[Genesis] [14:39:38] [INFO] Scene [38;5;121m[3m<be75898>[0m[38;5;159m created.[0m
[38;5;159m[Genesis] [14:39:38] [INFO] Adding [38;5;121m<gs.engine.entities.RigidEntity>[0m[38;5;159m. idx: [38;5;121m0[0m[38;5;159m, uid: [38;5;121m[3m<f526643>[0m[38;5;159m, morph: [38;5;121m<gs.morphs.Plane>[0m[38;5;159m, material: [38;5;121m<gs.materials.Rigid>[0m[38;5;159m.[0m
[38;5;159m[Genesis] [14:39:38] [INFO] Adding [38;5;121m<gs.engine.entities.RigidEntity>[0m[38;5;159m. idx: [38;5;121m1[0m[38;5;159m, uid: [38;5;121m[3m<a32046f>[0m[38;5;159m, morph: [38;5;121m<gs.morphs.Box>[0m[38;5;159m, material: [38;5;121m<gs.materials.Rigid>[0m[38;5;159m.[0m
[38;5;159m[Genesis] [14:39:38] [INFO] Adding [38;5;121m<gs.engine.entities.RigidEntity>[0m[38;5;159m. idx: [38;5;121m2[0m[38;5;159m, uid: [38;5;121m[3m<7625eb2>[0m[38;5;159m, morph: [38;5;121m<gs.morphs.Box>[0m[38;5;159m, material: [38;5;121m<gs.materials.Rigid>[0m[38;5;159m.[0m
[38;5;159m[Genesis] [14:39:38] [INFO] Adding [38;5;121m<gs.engine.entities.RigidEntity>[0m[38;5;159m. idx: [38;5;121m3[0m[38;5;159m, uid: [38;5;121m[3m<6e8aa9f>[0m[38;5;159m, morph: [38;5;121m<gs.morphs.MJCF(file='/workspace/parcel-sorter-rocm/third_party/genesis-world/genesis/assets/xml/franka_emika_panda/panda.xml')>[0m[38;5;159m, material: [38;5;121m<gs.materials.Rigid>[0m[38;5;159m.[0m
[38;5;226m[Genesis] [14:39:38] [WARNING] (MJCF) Approximating tendon by joint actuator for `finger_joint1`[0m
[38;5;226m[Genesis] [14:39:38] [WARNING] (MJCF) Approximating tendon by joint actuator for `finger_joint2`[0m
[38;5;159m[Genesis] [14:39:38] [INFO] Adding [38;5;121m<gs.engine.entities.RigidEntity>[0m[38;5;159m. idx: [38;5;121m4[0m[38;5;159m, uid: [38;5;121m[3m<785a9a7>[0m[38;5;159m, morph: [38;5;121m<gs.morphs.Box>[0m[38;5;159m, material: [38;5;121m<gs.materials.Rigid>[0m[38;5;159m.[0m
[38;5;159m[Genesis] [14:39:38] [INFO] Building scene [38;5;121m[3m<be75898>[0m[38;5;159m...[0m
[38;5;226m[Genesis] [14:39:39] [WARNING] Neutral robot position (qpos0) exceeds joint limits.[0m
[38;5;226m[Genesis] [14:39:39] [WARNING] Constraint solver time constant should be greater than 2*substep_dt. timeconst is changed from `0.005` to `0.00833333`). Decrease simulation timestep or increase timeconst to avoid altering the original value.[0m
[38;5;226m[Genesis] [14:39:40] [WARNING] Filtered out geometry pairs causing self-collision for the neutral configuration (qpos0): (8, 13), (9, 13), (16, 23), (17, 22), (18, 25), (19, 24). Consider tuning Morph option 'decompose_robot_error_threshold' or specify dedicated collision meshes. This behavior can be disabled by setting Morph option 'enable_neutral_collision=True'.[0m
[38;5;159m[Genesis] [14:39:40] [INFO] Compiling simulation kernels...[0m
[38;5;159m[Genesis] [14:39:41] [INFO] Building visualizer...[0m
{"episode": 4100001, "profile": "medium_carton", "success": true, "stage": "complete", "retries": 0}
[38;5;159m[Genesis] [14:39:47] [INFO] Scene [38;5;121m[3m<100781c>[0m[38;5;159m created.[0m
[38;5;159m[Genesis] [14:39:47] [INFO] Adding [38;5;121m<gs.engine.entities.RigidEntity>[0m[38;5;159m. idx: [38;5;121m0[0m[38;5;159m, uid: [38;5;121m[3m<e06dd99>[0m[38;5;159m, morph: [38;5;121m<gs.morphs.Plane>[0m[38;5;159m, material: [38;5;121m<gs.materials.Rigid>[0m[38;5;159m.[0m
[38;5;159m[Genesis] [14:39:47] [INFO] Adding [38;5;121m<gs.engine.entities.RigidEntity>[0m[38;5;159m. idx: [38;5;121m1[0m[38;5;159m, uid: [38;5;121m[3m<fa620a2>[0m[38;5;159m, morph: [38;5;121m<gs.morphs.Box>[0m[38;5;159m, material: [38;5;121m<gs.materials.Rigid>[0m[38;5;159m.[0m
[38;5;159m[Genesis] [14:39:47] [INFO] Adding [38;5;121m<gs.engine.entities.RigidEntity>[0m[38;5;159m. idx: [38;5;121m2[0m[38;5;159m, uid: [38;5;121m[3m<e5194e2>[0m[38;5;159m, morph: [38;5;121m<gs.morphs.Box>[0m[38;5;159m, material: [38;5;121m<gs.materials.Rigid>[0m[38;5;159m.[0m
[38;5;159m[Genesis] [14:39:47] [INFO] Adding [38;5;121m<gs.engine.entities.RigidEntity>[0m[38;5;159m. idx: [38;5;121m3[0m[38;5;159m, uid: [38;5;121m[3m<0f77469>[0m[38;5;159m, morph: [38;5;121m<gs.morphs.MJCF(file='/workspace/parcel-sorter-rocm/third_party/genesis-world/genesis/assets/xml/franka_emika_panda/panda.xml')>[0m[38;5;159m, material: [38;5;121m<gs.materials.Rigid>[0m[38;5;159m.[0m
[38;5;226m[Genesis] [14:39:47] [WARNING] (MJCF) Approximating tendon by joint actuator for `finger_joint1`[0m
[38;5;226m[Genesis] [14:39:47] [WARNING] (MJCF) Approximating tendon by joint actuator for `finger_joint2`[0m
[38;5;159m[Genesis] [14:39:47] [INFO] Adding [38;5;121m<gs.engine.entities.RigidEntity>[0m[38;5;159m. idx: [38;5;121m4[0m[38;5;159m, uid: [38;5;121m[3m<2fa9b01>[0m[38;5;159m, morph: [38;5;121m<gs.morphs.Box>[0m[38;5;159m, material: [38;5;121m<gs.materials.Rigid>[0m[38;5;159m.[0m
[38;5;159m[Genesis] [14:39:47] [INFO] Building scene [38;5;121m[3m<100781c>[0m[38;5;159m...[0m
[38;5;226m[Genesis] [14:39:47] [WARNING] Neutral robot position (qpos0) exceeds joint limits.[0m
[38;5;226m[Genesis] [14:39:47] [WARNING] Constraint solver time constant should be greater than 2*substep_dt. timeconst is changed from `0.005` to `0.00833333`). Decrease simulation timestep or increase timeconst to avoid altering the original value.[0m
[38;5;226m[Genesis] [14:39:48] [WARNING] Filtered out geometry pairs causing self-collision for the neutral configuration (qpos0): (8, 13), (9, 13), (16, 23), (17, 22), (18, 25), (19, 24). Consider tuning Morph option 'decompose_robot_error_threshold' or specify dedicated collision meshes. This behavior can be disabled by setting Morph option 'enable_neutral_collision=True'.[0m
[38;5;159m[Genesis] [14:39:49] [INFO] Compiling simulation kernels...[0m
[38;5;159m[Genesis] [14:39:49] [INFO] Building visualizer...[0m
{"episode": 4100002, "profile": "medium_carton", "success": false, "stage": "abort", "retries": 0}
[38;5;159m[Genesis] [14:39:55] [INFO] Scene [38;5;121m[3m<0f32e61>[0m[38;5;159m created.[0m
[38;5;159m[Genesis] [14:39:55] [INFO] Adding [38;5;121m<gs.engine.entities.RigidEntity>[0m[38;5;159m. idx: [38;5;121m0[0m[38;5;159m, uid: [38;5;121m[3m<778c629>[0m[38;5;159m, morph: [38;5;121m<gs.morphs.Plane>[0m[38;5;159m, material: [38;5;121m<gs.materials.Rigid>[0m[38;5;159m.[0m
[38;5;159m[Genesis] [14:39:55] [INFO] Adding [38;5;121m<gs.engine.entities.RigidEntity>[0m[38;5;159m. idx: [38;5;121m1[0m[38;5;159m, uid: [38;5;121m[3m<5cf18ad>[0m[38;5;159m, morph: [38;5;121m<gs.morphs.Box>[0m[38;5;159m, material: [38;5;121m<gs.materials.Rigid>[0m[38;5;159m.[0m
[38;5;159m[Genesis] [14:39:55] [INFO] Adding [38;5;121m<gs.engine.entities.RigidEntity>[0m[38;5;159m. idx: [38;5;121m2[0m[38;5;159m, uid: [38;5;121m[3m<6323a8f>[0m[38;5;159m, morph: [38;5;121m<gs.morphs.Box>[0m[38;5;159m, material: [38;5;121m<gs.materials.Rigid>[0m[38;5;159m.[0m
[38;5;159m[Genesis] [14:39:55] [INFO] Adding [38;5;121m<gs.engine.entities.RigidEntity>[0m[38;5;159m. idx: [38;5;121m3[0m[38;5;159m, uid: [38;5;121m[3m<ecb6f0f>[0m[38;5;159m, morph: [38;5;121m<gs.morphs.MJCF(file='/workspace/parcel-sorter-rocm/third_party/genesis-world/genesis/assets/xml/franka_emika_panda/panda.xml')>[0m[38;5;159m, material: [38;5;121m<gs.materials.Rigid>[0m[38;5;159m.[0m
[38;5;226m[Genesis] [14:39:55] [WARNING] (MJCF) Approximating tendon by joint actuator for `finger_joint1`[0m
[38;5;226m[Genesis] [14:39:55] [WARNING] (MJCF) Approximating tendon by joint actuator for `finger_joint2`[0m
[38;5;159m[Genesis] [14:39:55] [INFO] Adding [38;5;121m<gs.engine.entities.RigidEntity>[0m[38;5;159m. idx: [38;5;121m4[0m[38;5;159m, uid: [38;5;121m[3m<d35eb58>[0m[38;5;159m, morph: [38;5;121m<gs.morphs.Box>[0m[38;5;159m, material: [38;5;121m<gs.materials.Rigid>[0m[38;5;159m.[0m
[38;5;159m[Genesis] [14:39:55] [INFO] Building scene [38;5;121m[3m<0f32e61>[0m[38;5;159m...[0m
[38;5;226m[Genesis] [14:39:55] [WARNING] Neutral robot position (qpos0) exceeds joint limits.[0m
[38;5;226m[Genesis] [14:39:56] [WARNING] Constraint solver time constant should be greater than 2*substep_dt. timeconst is changed from `0.005` to `0.00833333`). Decrease simulation timestep or increase timeconst to avoid altering the original value.[0m
[38;5;226m[Genesis] [14:39:57] [WARNING] Filtered out geometry pairs causing self-collision for the neutral configuration (qpos0): (8, 13), (9, 13), (16, 23), (17, 22), (18, 25), (19, 24). Consider tuning Morph option 'decompose_robot_error_threshold' or specify dedicated collision meshes. This behavior can be disabled by setting Morph option 'enable_neutral_collision=True'.[0m
[38;5;159m[Genesis] [14:39:57] [INFO] Compiling simulation kernels...[0m
[38;5;159m[Genesis] [14:39:58] [INFO] Building visualizer...[0m
{"episode": 4100003, "profile": "medium_carton", "success": true, "stage": "complete", "retries": 0}
[38;5;159m[Genesis] [14:40:03] [INFO] Scene [38;5;121m[3m<fc86c9c>[0m[38;5;159m created.[0m
[38;5;159m[Genesis] [14:40:03] [INFO] Adding [38;5;121m<gs.engine.entities.RigidEntity>[0m[38;5;159m. idx: [38;5;121m0[0m[38;5;159m, uid: [38;5;121m[3m<b3f8a46>[0m[38;5;159m, morph: [38;5;121m<gs.morphs.Plane>[0m[38;5;159m, material: [38;5;121m<gs.materials.Rigid>[0m[38;5;159m.[0m
[38;5;159m[Genesis] [14:40:03] [INFO] Adding [38;5;121m<gs.engine.entities.RigidEntity>[0m[38;5;159m. idx: [38;5;121m1[0m[38;5;159m, uid: [38;5;121m[3m<1e23f1c>[0m[38;5;159m, morph: [38;5;121m<gs.morphs.Box>[0m[38;5;159m, material: [38;5;121m<gs.materials.Rigid>[0m[38;5;159m.[0m
[38;5;159m[Genesis] [14:40:03] [INFO] Adding [38;5;121m<gs.engine.entities.RigidEntity>[0m[38;5;159m. idx: [38;5;121m2[0m[38;5;159m, uid: [38;5;121m[3m<5246004>[0m[38;5;159m, morph: [38;5;121m<gs.morphs.Box>[0m[38;5;159m, material: [38;5;121m<gs.materials.Rigid>[0m[38;5;159m.[0m
[38;5;159m[Genesis] [14:40:03] [INFO] Adding [38;5;121m<gs.engine.entities.RigidEntity>[0m[38;5;159m. idx: [38;5;121m3[0m[38;5;159m, uid: [38;5;121m[3m<83a69f7>[0m[38;5;159m, morph: [38;5;121m<gs.morphs.MJCF(file='/workspace/parcel-sorter-rocm/third_party/genesis-world/genesis/assets/xml/franka_emika_panda/panda.xml')>[0m[38;5;159m, material: [38;5;121m<gs.materials.Rigid>[0m[38;5;159m.[0m
[38;5;226m[Genesis] [14:40:03] [WARNING] (MJCF) Approximating tendon by joint actuator for `finger_joint1`[0m
[38;5;226m[Genesis] [14:40:03] [WARNING] (MJCF) Approximating tendon by joint actuator for `finger_joint2`[0m
[38;5;159m[Genesis] [14:40:03] [INFO] Adding [38;5;121m<gs.engine.entities.RigidEntity>[0m[38;5;159m. idx: [38;5;121m4[0m[38;5;159m, uid: [38;5;121m[3m<e0a57be>[0m[38;5;159m, morph: [38;5;121m<gs.morphs.Box>[0m[38;5;159m, material: [38;5;121m<gs.materials.Rigid>[0m[38;5;159m.[0m
[38;5;159m[Genesis] [14:40:03] [INFO] Building scene [38;5;121m[3m<fc86c9c>[0m[38;5;159m...[0m
[38;5;226m[Genesis] [14:40:03] [WARNING] Neutral robot position (qpos0) exceeds joint limits.[0m
[38;5;226m[Genesis] [14:40:03] [WARNING] Constraint solver time constant should be greater than 2*substep_dt. timeconst is changed from `0.005` to `0.00833333`). Decrease simulation timestep or increase timeconst to avoid altering the original value.[0m
[38;5;226m[Genesis] [14:40:05] [WARNING] Filtered out geometry pairs causing self-collision for the neutral configuration (qpos0): (8, 13), (9, 13), (16, 23), (17, 22), (18, 25), (19, 24). Consider tuning Morph option 'decompose_robot_error_threshold' or specify dedicated collision meshes. This behavior can be disabled by setting Morph option 'enable_neutral_collision=True'.[0m
[38;5;159m[Genesis] [14:40:05] [INFO] Compiling simulation kernels...[0m
[38;5;159m[Genesis] [14:40:06] [INFO] Building visualizer...[0m
[W 07/25/26 14:40:09.067 1320958] QuadrantsWarning
While compiling `_kernel_forward_kinematics_c68_1`, File "/workspace/parcel-sorter-rocm/third_party/genesis-world/genesis/engine/entities/rigid_entity/rigid_entity.py", line 3388, in _kernel_forward_kinematics:
            rigid_info.qpos[qs_idx[i_q_], envs_idx[i_b_]] = qpos[i_b_, i_q_]
            ^^^^^^^^^^^^^^^^^^^^^^^^^^^^^^^^^^^^^^^^^^^^^^^^^^^^^^^^^^^^^^^^
Assign may lose precision: f32 <- f64
{"episode": 4100004, "profile": "medium_carton", "success": false, "stage": "abort", "retries": 0}
[38;5;159m[Genesis] [14:40:16] [INFO] Scene [38;5;121m[3m<a9ccb68>[0m[38;5;159m created.[0m
[38;5;159m[Genesis] [14:40:16] [INFO] Adding [38;5;121m<gs.engine.entities.RigidEntity>[0m[38;5;159m. idx: [38;5;121m0[0m[38;5;159m, uid: [38;5;121m[3m<0294207>[0m[38;5;159m, morph: [38;5;121m<gs.morphs.Plane>[0m[38;5;159m, material: [38;5;121m<gs.materials.Rigid>[0m[38;5;159m.[0m
[38;5;159m[Genesis] [14:40:16] [INFO] Adding [38;5;121m<gs.engine.entities.RigidEntity>[0m[38;5;159m. idx: [38;5;121m1[0m[38;5;159m, uid: [38;5;121m[3m<f4ab71a>[0m[38;5;159m, morph: [38;5;121m<gs.morphs.Box>[0m[38;5;159m, material: [38;5;121m<gs.materials.Rigid>[0m[38;5;159m.[0m
[38;5;159m[Genesis] [14:40:16] [INFO] Adding [38;5;121m<gs.engine.entities.RigidEntity>[0m[38;5;159m. idx: [38;5;121m2[0m[38;5;159m, uid: [38;5;121m[3m<f94ebc0>[0m[38;5;159m, morph: [38;5;121m<gs.morphs.Box>[0m[38;5;159m, material: [38;5;121m<gs.materials.Rigid>[0m[38;5;159m.[0m
[38;5;159m[Genesis] [14:40:16] [INFO] Adding [38;5;121m<gs.engine.entities.RigidEntity>[0m[38;5;159m. idx: [38;5;121m3[0m[38;5;159m, uid: [38;5;121m[3m<e7120ec>[0m[38;5;159m, morph: [38;5;121m<gs.morphs.MJCF(file='/workspace/parcel-sorter-rocm/third_party/genesis-world/genesis/assets/xml/franka_emika_panda/panda.xml')>[0m[38;5;159m, material: [38;5;121m<gs.materials.Rigid>[0m[38;5;159m.[0m
[38;5;226m[Genesis] [14:40:16] [WARNING] (MJCF) Approximating tendon by joint actuator for `finger_joint1`[0m
[38;5;226m[Genesis] [14:40:16] [WARNING] (MJCF) Approximating tendon by joint actuator for `finger_joint2`[0m
[38;5;159m[Genesis] [14:40:16] [INFO] Adding [38;5;121m<gs.engine.entities.RigidEntity>[0m[38;5;159m. idx: [38;5;121m4[0m[38;5;159m, uid: [38;5;121m[3m<acf9cf5>[0m[38;5;159m, morph: [38;5;121m<gs.morphs.Box>[0m[38;5;159m, material: [38;5;121m<gs.materials.Rigid>[0m[38;5;159m.[0m
[38;5;159m[Genesis] [14:40:16] [INFO] Building scene [38;5;121m[3m<a9ccb68>[0m[38;5;159m...[0m
[38;5;226m[Genesis] [14:40:16] [WARNING] Neutral robot position (qpos0) exceeds joint limits.[0m
[38;5;226m[Genesis] [14:40:16] [WARNING] Constraint solver time constant should be greater than 2*substep_dt. timeconst is changed from `0.005` to `0.00833333`). Decrease simulation timestep or increase timeconst to avoid altering the original value.[0m
[38;5;226m[Genesis] [14:40:17] [WARNING] Filtered out geometry pairs causing self-collision for the neutral configuration (qpos0): (8, 13), (9, 13), (16, 23), (17, 22), (18, 25), (19, 24). Consider tuning Morph option 'decompose_robot_error_threshold' or specify dedicated collision meshes. This behavior can be disabled by setting Morph option 'enable_neutral_collision=True'.[0m
[38;5;159m[Genesis] [14:40:19] [INFO] Compiling simulation kernels...[0m
[38;5;159m[Genesis] [14:40:19] [INFO] Building visualizer...[0m
{"episode": 5100000, "profile": "shoe_box_proxy", "success": true, "stage": "complete", "retries": 1}
[38;5;159m[Genesis] [14:40:25] [INFO] Scene [38;5;121m[3m<d3a31e8>[0m[38;5;159m created.[0m
[38;5;159m[Genesis] [14:40:25] [INFO] Adding [38;5;121m<gs.engine.entities.RigidEntity>[0m[38;5;159m. idx: [38;5;121m0[0m[38;5;159m, uid: [38;5;121m[3m<0d5b4a2>[0m[38;5;159m, morph: [38;5;121m<gs.morphs.Plane>[0m[38;5;159m, material: [38;5;121m<gs.materials.Rigid>[0m[38;5;159m.[0m
[38;5;159m[Genesis] [14:40:26] [INFO] Adding [38;5;121m<gs.engine.entities.RigidEntity>[0m[38;5;159m. idx: [38;5;121m1[0m[38;5;159m, uid: [38;5;121m[3m<f5674f8>[0m[38;5;159m, morph: [38;5;121m<gs.morphs.Box>[0m[38;5;159m, material: [38;5;121m<gs.materials.Rigid>[0m[38;5;159m.[0m
[38;5;159m[Genesis] [14:40:26] [INFO] Adding [38;5;121m<gs.engine.entities.RigidEntity>[0m[38;5;159m. idx: [38;5;121m2[0m[38;5;159m, uid: [38;5;121m[3m<b7a7381>[0m[38;5;159m, morph: [38;5;121m<gs.morphs.Box>[0m[38;5;159m, material: [38;5;121m<gs.materials.Rigid>[0m[38;5;159m.[0m
[38;5;159m[Genesis] [14:40:26] [INFO] Adding [38;5;121m<gs.engine.entities.RigidEntity>[0m[38;5;159m. idx: [38;5;121m3[0m[38;5;159m, uid: [38;5;121m[3m<9583ee0>[0m[38;5;159m, morph: [38;5;121m<gs.morphs.MJCF(file='/workspace/parcel-sorter-rocm/third_party/genesis-world/genesis/assets/xml/franka_emika_panda/panda.xml')>[0m[38;5;159m, material: [38;5;121m<gs.materials.Rigid>[0m[38;5;159m.[0m
[38;5;226m[Genesis] [14:40:26] [WARNING] (MJCF) Approximating tendon by joint actuator for `finger_joint1`[0m
[38;5;226m[Genesis] [14:40:26] [WARNING] (MJCF) Approximating tendon by joint actuator for `finger_joint2`[0m
[38;5;159m[Genesis] [14:40:26] [INFO] Adding [38;5;121m<gs.engine.entities.RigidEntity>[0m[38;5;159m. idx: [38;5;121m4[0m[38;5;159m, uid: [38;5;121m[3m<d861b01>[0m[38;5;159m, morph: [38;5;121m<gs.morphs.Box>[0m[38;5;159m, material: [38;5;121m<gs.materials.Rigid>[0m[38;5;159m.[0m
[38;5;159m[Genesis] [14:40:26] [INFO] Building scene [38;5;121m[3m<d3a31e8>[0m[38;5;159m...[0m
[38;5;226m[Genesis] [14:40:26] [WARNING] Neutral robot position (qpos0) exceeds joint limits.[0m
[38;5;226m[Genesis] [14:40:26] [WARNING] Constraint solver time constant should be greater than 2*substep_dt. timeconst is changed from `0.005` to `0.00833333`). Decrease simulation timestep or increase timeconst to avoid altering the original value.[0m
[38;5;226m[Genesis] [14:40:27] [WARNING] Filtered out geometry pairs causing self-collision for the neutral configuration (qpos0): (8, 13), (9, 13), (16, 23), (17, 22), (18, 25), (19, 24). Consider tuning Morph option 'decompose_robot_error_threshold' or specify dedicated collision meshes. This behavior can be disabled by setting Morph option 'enable_neutral_collision=True'.[0m
[38;5;159m[Genesis] [14:40:28] [INFO] Compiling simulation kernels...[0m
[38;5;159m[Genesis] [14:40:28] [INFO] Building visualizer...[0m
[W 07/25/26 14:40:31.317 1320958] QuadrantsWarning
While compiling `_kernel_forward_kinematics_c68_2`, File "/workspace/parcel-sorter-rocm/third_party/genesis-world/genesis/engine/entities/rigid_entity/rigid_entity.py", line 3388, in _kernel_forward_kinematics:
            rigid_info.qpos[qs_idx[i_q_], envs_idx[i_b_]] = qpos[i_b_, i_q_]
            ^^^^^^^^^^^^^^^^^^^^^^^^^^^^^^^^^^^^^^^^^^^^^^^^^^^^^^^^^^^^^^^^
Assign may lose precision: f32 <- f64
{"episode": 5100001, "profile": "shoe_box_proxy", "success": true, "stage": "complete", "retries": 0}
[38;5;159m[Genesis] [14:40:36] [INFO] Scene [38;5;121m[3m<d9a775f>[0m[38;5;159m created.[0m
[38;5;159m[Genesis] [14:40:36] [INFO] Adding [38;5;121m<gs.engine.entities.RigidEntity>[0m[38;5;159m. idx: [38;5;121m0[0m[38;5;159m, uid: [38;5;121m[3m<f50f8a8>[0m[38;5;159m, morph: [38;5;121m<gs.morphs.Plane>[0m[38;5;159m, material: [38;5;121m<gs.materials.Rigid>[0m[38;5;159m.[0m
[38;5;159m[Genesis] [14:40:36] [INFO] Adding [38;5;121m<gs.engine.entities.RigidEntity>[0m[38;5;159m. idx: [38;5;121m1[0m[38;5;159m, uid: [38;5;121m[3m<47cb2c1>[0m[38;5;159m, morph: [38;5;121m<gs.morphs.Box>[0m[38;5;159m, material: [38;5;121m<gs.materials.Rigid>[0m[38;5;159m.[0m
[38;5;159m[Genesis] [14:40:36] [INFO] Adding [38;5;121m<gs.engine.entities.RigidEntity>[0m[38;5;159m. idx: [38;5;121m2[0m[38;5;159m, uid: [38;5;121m[3m<c3abceb>[0m[38;5;159m, morph: [38;5;121m<gs.morphs.Box>[0m[38;5;159m, material: [38;5;121m<gs.materials.Rigid>[0m[38;5;159m.[0m
[38;5;159m[Genesis] [14:40:36] [INFO] Adding [38;5;121m<gs.engine.entities.RigidEntity>[0m[38;5;159m. idx: [38;5;121m3[0m[38;5;159m, uid: [38;5;121m[3m<bb7daea>[0m[38;5;159m, morph: [38;5;121m<gs.morphs.MJCF(file='/workspace/parcel-sorter-rocm/third_party/genesis-world/genesis/assets/xml/franka_emika_panda/panda.xml')>[0m[38;5;159m, material: [38;5;121m<gs.materials.Rigid>[0m[38;5;159m.[0m
[38;5;226m[Genesis] [14:40:37] [WARNING] (MJCF) Approximating tendon by joint actuator for `finger_joint1`[0m
[38;5;226m[Genesis] [14:40:37] [WARNING] (MJCF) Approximating tendon by joint actuator for `finger_joint2`[0m
[38;5;159m[Genesis] [14:40:37] [INFO] Adding [38;5;121m<gs.engine.entities.RigidEntity>[0m[38;5;159m. idx: [38;5;121m4[0m[38;5;159m, uid: [38;5;121m[3m<c855d0b>[0m[38;5;159m, morph: [38;5;121m<gs.morphs.Box>[0m[38;5;159m, material: [38;5;121m<gs.materials.Rigid>[0m[38;5;159m.[0m
[38;5;159m[Genesis] [14:40:37] [INFO] Building scene [38;5;121m[3m<d9a775f>[0m[38;5;159m...[0m
[38;5;226m[Genesis] [14:40:37] [WARNING] Neutral robot position (qpos0) exceeds joint limits.[0m
[38;5;226m[Genesis] [14:40:37] [WARNING] Constraint solver time constant should be greater than 2*substep_dt. timeconst is changed from `0.005` to `0.00833333`). Decrease simulation timestep or increase timeconst to avoid altering the original value.[0m
[38;5;226m[Genesis] [14:40:38] [WARNING] Filtered out geometry pairs causing self-collision for the neutral configuration (qpos0): (8, 13), (9, 13), (16, 23), (17, 22), (18, 25), (19, 24). Consider tuning Morph option 'decompose_robot_error_threshold' or specify dedicated collision meshes. This behavior can be disabled by setting Morph option 'enable_neutral_collision=True'.[0m
[38;5;159m[Genesis] [14:40:39] [INFO] Compiling simulation kernels...[0m
[38;5;159m[Genesis] [14:40:39] [INFO] Building visualizer...[0m
{"episode": 5100002, "profile": "shoe_box_proxy", "success": true, "stage": "complete", "retries": 1}
[38;5;159m[Genesis] [14:40:49] [INFO] Scene [38;5;121m[3m<95ae8c9>[0m[38;5;159m created.[0m
[38;5;159m[Genesis] [14:40:49] [INFO] Adding [38;5;121m<gs.engine.entities.RigidEntity>[0m[38;5;159m. idx: [38;5;121m0[0m[38;5;159m, uid: [38;5;121m[3m<2ef28d3>[0m[38;5;159m, morph: [38;5;121m<gs.morphs.Plane>[0m[38;5;159m, material: [38;5;121m<gs.materials.Rigid>[0m[38;5;159m.[0m
[38;5;159m[Genesis] [14:40:49] [INFO] Adding [38;5;121m<gs.engine.entities.RigidEntity>[0m[38;5;159m. idx: [38;5;121m1[0m[38;5;159m, uid: [38;5;121m[3m<d7d7293>[0m[38;5;159m, morph: [38;5;121m<gs.morphs.Box>[0m[38;5;159m, material: [38;5;121m<gs.materials.Rigid>[0m[38;5;159m.[0m
[38;5;159m[Genesis] [14:40:49] [INFO] Adding [38;5;121m<gs.engine.entities.RigidEntity>[0m[38;5;159m. idx: [38;5;121m2[0m[38;5;159m, uid: [38;5;121m[3m<783e447>[0m[38;5;159m, morph: [38;5;121m<gs.morphs.Box>[0m[38;5;159m, material: [38;5;121m<gs.materials.Rigid>[0m[38;5;159m.[0m
[38;5;159m[Genesis] [14:40:49] [INFO] Adding [38;5;121m<gs.engine.entities.RigidEntity>[0m[38;5;159m. idx: [38;5;121m3[0m[38;5;159m, uid: [38;5;121m[3m<e18e439>[0m[38;5;159m, morph: [38;5;121m<gs.morphs.MJCF(file='/workspace/parcel-sorter-rocm/third_party/genesis-world/genesis/assets/xml/franka_emika_panda/panda.xml')>[0m[38;5;159m, material: [38;5;121m<gs.materials.Rigid>[0m[38;5;159m.[0m
[38;5;226m[Genesis] [14:40:49] [WARNING] (MJCF) Approximating tendon by joint actuator for `finger_joint1`[0m
[38;5;226m[Genesis] [14:40:49] [WARNING] (MJCF) Approximating tendon by joint actuator for `finger_joint2`[0m
[38;5;159m[Genesis] [14:40:49] [INFO] Adding [38;5;121m<gs.engine.entities.RigidEntity>[0m[38;5;159m. idx: [38;5;121m4[0m[38;5;159m, uid: [38;5;121m[3m<ccdd1ac>[0m[38;5;159m, morph: [38;5;121m<gs.morphs.Box>[0m[38;5;159m, material: [38;5;121m<gs.materials.Rigid>[0m[38;5;159m.[0m
[38;5;159m[Genesis] [14:40:49] [INFO] Building scene [38;5;121m[3m<95ae8c9>[0m[38;5;159m...[0m
[38;5;226m[Genesis] [14:40:49] [WARNING] Neutral robot position (qpos0) exceeds joint limits.[0m
[38;5;226m[Genesis] [14:40:49] [WARNING] Constraint solver time constant should be greater than 2*substep_dt. timeconst is changed from `0.005` to `0.00833333`). Decrease simulation timestep or increase timeconst to avoid altering the original value.[0m
[38;5;226m[Genesis] [14:40:50] [WARNING] Filtered out geometry pairs causing self-collision for the neutral configuration (qpos0): (8, 13), (9, 13), (16, 23), (17, 22), (18, 25), (19, 24). Consider tuning Morph option 'decompose_robot_error_threshold' or specify dedicated collision meshes. This behavior can be disabled by setting Morph option 'enable_neutral_collision=True'.[0m
[38;5;159m[Genesis] [14:40:51] [INFO] Compiling simulation kernels...[0m
[38;5;159m[Genesis] [14:40:51] [INFO] Building visualizer...[0m
{"episode": 5100003, "profile": "shoe_box_proxy", "success": true, "stage": "complete", "retries": 2}
[38;5;159m[Genesis] [14:40:59] [INFO] Scene [38;5;121m[3m<5d44a0e>[0m[38;5;159m created.[0m
[38;5;159m[Genesis] [14:40:59] [INFO] Adding [38;5;121m<gs.engine.entities.RigidEntity>[0m[38;5;159m. idx: [38;5;121m0[0m[38;5;159m, uid: [38;5;121m[3m<966125e>[0m[38;5;159m, morph: [38;5;121m<gs.morphs.Plane>[0m[38;5;159m, material: [38;5;121m<gs.materials.Rigid>[0m[38;5;159m.[0m
[38;5;159m[Genesis] [14:40:59] [INFO] Adding [38;5;121m<gs.engine.entities.RigidEntity>[0m[38;5;159m. idx: [38;5;121m1[0m[38;5;159m, uid: [38;5;121m[3m<2962b9a>[0m[38;5;159m, morph: [38;5;121m<gs.morphs.Box>[0m[38;5;159m, material: [38;5;121m<gs.materials.Rigid>[0m[38;5;159m.[0m
[38;5;159m[Genesis] [14:40:59] [INFO] Adding [38;5;121m<gs.engine.entities.RigidEntity>[0m[38;5;159m. idx: [38;5;121m2[0m[38;5;159m, uid: [38;5;121m[3m<fc4639c>[0m[38;5;159m, morph: [38;5;121m<gs.morphs.Box>[0m[38;5;159m, material: [38;5;121m<gs.materials.Rigid>[0m[38;5;159m.[0m
[38;5;159m[Genesis] [14:40:59] [INFO] Adding [38;5;121m<gs.engine.entities.RigidEntity>[0m[38;5;159m. idx: [38;5;121m3[0m[38;5;159m, uid: [38;5;121m[3m<c03bbad>[0m[38;5;159m, morph: [38;5;121m<gs.morphs.MJCF(file='/workspace/parcel-sorter-rocm/third_party/genesis-world/genesis/assets/xml/franka_emika_panda/panda.xml')>[0m[38;5;159m, material: [38;5;121m<gs.materials.Rigid>[0m[38;5;159m.[0m
[38;5;226m[Genesis] [14:40:59] [WARNING] (MJCF) Approximating tendon by joint actuator for `finger_joint1`[0m
[38;5;226m[Genesis] [14:40:59] [WARNING] (MJCF) Approximating tendon by joint actuator for `finger_joint2`[0m
[38;5;159m[Genesis] [14:40:59] [INFO] Adding [38;5;121m<gs.engine.entities.RigidEntity>[0m[38;5;159m. idx: [38;5;121m4[0m[38;5;159m, uid: [38;5;121m[3m<02f59ab>[0m[38;5;159m, morph: [38;5;121m<gs.morphs.Box>[0m[38;5;159m, material: [38;5;121m<gs.materials.Rigid>[0m[38;5;159m.[0m
[38;5;159m[Genesis] [14:40:59] [INFO] Building scene [38;5;121m[3m<5d44a0e>[0m[38;5;159m...[0m
[38;5;226m[Genesis] [14:40:59] [WARNING] Neutral robot position (qpos0) exceeds joint limits.[0m
[38;5;226m[Genesis] [14:40:59] [WARNING] Constraint solver time constant should be greater than 2*substep_dt. timeconst is changed from `0.005` to `0.00833333`). Decrease simulation timestep or increase timeconst to avoid altering the original value.[0m
[38;5;226m[Genesis] [14:41:00] [WARNING] Filtered out geometry pairs causing self-collision for the neutral configuration (qpos0): (8, 13), (9, 13), (16, 23), (17, 22), (18, 25), (19, 24). Consider tuning Morph option 'decompose_robot_error_threshold' or specify dedicated collision meshes. This behavior can be disabled by setting Morph option 'enable_neutral_collision=True'.[0m
[38;5;159m[Genesis] [14:41:01] [INFO] Compiling simulation kernels...[0m
[38;5;159m[Genesis] [14:41:01] [INFO] Building visualizer...[0m
{"episode": 5100004, "profile": "shoe_box_proxy", "success": true, "stage": "complete", "retries": 0}
[38;5;159m[Genesis] [14:41:08] [INFO] Scene [38;5;121m[3m<a3d87ef>[0m[38;5;159m created.[0m
[38;5;159m[Genesis] [14:41:08] [INFO] Adding [38;5;121m<gs.engine.entities.RigidEntity>[0m[38;5;159m. idx: [38;5;121m0[0m[38;5;159m, uid: [38;5;121m[3m<e5ac907>[0m[38;5;159m, morph: [38;5;121m<gs.morphs.Plane>[0m[38;5;159m, material: [38;5;121m<gs.materials.Rigid>[0m[38;5;159m.[0m
[38;5;159m[Genesis] [14:41:08] [INFO] Adding [38;5;121m<gs.engine.entities.RigidEntity>[0m[38;5;159m. idx: [38;5;121m1[0m[38;5;159m, uid: [38;5;121m[3m<d2d66de>[0m[38;5;159m, morph: [38;5;121m<gs.morphs.Box>[0m[38;5;159m, material: [38;5;121m<gs.materials.Rigid>[0m[38;5;159m.[0m
[38;5;159m[Genesis] [14:41:08] [INFO] Adding [38;5;121m<gs.engine.entities.RigidEntity>[0m[38;5;159m. idx: [38;5;121m2[0m[38;5;159m, uid: [38;5;121m[3m<5fa58f9>[0m[38;5;159m, morph: [38;5;121m<gs.morphs.Box>[0m[38;5;159m, material: [38;5;121m<gs.materials.Rigid>[0m[38;5;159m.[0m
[38;5;159m[Genesis] [14:41:08] [INFO] Adding [38;5;121m<gs.engine.entities.RigidEntity>[0m[38;5;159m. idx: [38;5;121m3[0m[38;5;159m, uid: [38;5;121m[3m<2b6d43f>[0m[38;5;159m, morph: [38;5;121m<gs.morphs.MJCF(file='/workspace/parcel-sorter-rocm/third_party/genesis-world/genesis/assets/xml/franka_emika_panda/panda.xml')>[0m[38;5;159m, material: [38;5;121m<gs.materials.Rigid>[0m[38;5;159m.[0m
[38;5;226m[Genesis] [14:41:08] [WARNING] (MJCF) Approximating tendon by joint actuator for `finger_joint1`[0m
[38;5;226m[Genesis] [14:41:08] [WARNING] (MJCF) Approximating tendon by joint actuator for `finger_joint2`[0m
[38;5;159m[Genesis] [14:41:08] [INFO] Adding [38;5;121m<gs.engine.entities.RigidEntity>[0m[38;5;159m. idx: [38;5;121m4[0m[38;5;159m, uid: [38;5;121m[3m<fdc34c1>[0m[38;5;159m, morph: [38;5;121m<gs.morphs.Box>[0m[38;5;159m, material: [38;5;121m<gs.materials.Rigid>[0m[38;5;159m.[0m
[38;5;159m[Genesis] [14:41:08] [INFO] Building scene [38;5;121m[3m<a3d87ef>[0m[38;5;159m...[0m
[38;5;226m[Genesis] [14:41:08] [WARNING] Neutral robot position (qpos0) exceeds joint limits.[0m
[38;5;226m[Genesis] [14:41:08] [WARNING] Constraint solver time constant should be greater than 2*substep_dt. timeconst is changed from `0.005` to `0.00833333`). Decrease simulation timestep or increase timeconst to avoid altering the original value.[0m
[38;5;226m[Genesis] [14:41:10] [WARNING] Filtered out geometry pairs causing self-collision for the neutral configuration (qpos0): (8, 13), (9, 13), (16, 23), (17, 22), (18, 25), (19, 24). Consider tuning Morph option 'decompose_robot_error_threshold' or specify dedicated collision meshes. This behavior can be disabled by setting Morph option 'enable_neutral_collision=True'.[0m
[38;5;159m[Genesis] [14:41:10] [INFO] Compiling simulation kernels...[0m
[38;5;159m[Genesis] [14:41:11] [INFO] Building visualizer...[0m
{"episode": 6100000, "profile": "long_carton", "success": true, "stage": "complete", "retries": 0}
[38;5;159m[Genesis] [14:41:17] [INFO] Scene [38;5;121m[3m<e7bc5d1>[0m[38;5;159m created.[0m
[38;5;159m[Genesis] [14:41:17] [INFO] Adding [38;5;121m<gs.engine.entities.RigidEntity>[0m[38;5;159m. idx: [38;5;121m0[0m[38;5;159m, uid: [38;5;121m[3m<b9db7ae>[0m[38;5;159m, morph: [38;5;121m<gs.morphs.Plane>[0m[38;5;159m, material: [38;5;121m<gs.materials.Rigid>[0m[38;5;159m.[0m
[38;5;159m[Genesis] [14:41:17] [INFO] Adding [38;5;121m<gs.engine.entities.RigidEntity>[0m[38;5;159m. idx: [38;5;121m1[0m[38;5;159m, uid: [38;5;121m[3m<3b1b249>[0m[38;5;159m, morph: [38;5;121m<gs.morphs.Box>[0m[38;5;159m, material: [38;5;121m<gs.materials.Rigid>[0m[38;5;159m.[0m
[38;5;159m[Genesis] [14:41:17] [INFO] Adding [38;5;121m<gs.engine.entities.RigidEntity>[0m[38;5;159m. idx: [38;5;121m2[0m[38;5;159m, uid: [38;5;121m[3m<e387a87>[0m[38;5;159m, morph: [38;5;121m<gs.morphs.Box>[0m[38;5;159m, material: [38;5;121m<gs.materials.Rigid>[0m[38;5;159m.[0m
[38;5;159m[Genesis] [14:41:17] [INFO] Adding [38;5;121m<gs.engine.entities.RigidEntity>[0m[38;5;159m. idx: [38;5;121m3[0m[38;5;159m, uid: [38;5;121m[3m<510c609>[0m[38;5;159m, morph: [38;5;121m<gs.morphs.MJCF(file='/workspace/parcel-sorter-rocm/third_party/genesis-world/genesis/assets/xml/franka_emika_panda/panda.xml')>[0m[38;5;159m, material: [38;5;121m<gs.materials.Rigid>[0m[38;5;159m.[0m
[38;5;226m[Genesis] [14:41:17] [WARNING] (MJCF) Approximating tendon by joint actuator for `finger_joint1`[0m
[38;5;226m[Genesis] [14:41:17] [WARNING] (MJCF) Approximating tendon by joint actuator for `finger_joint2`[0m
[38;5;159m[Genesis] [14:41:18] [INFO] Adding [38;5;121m<gs.engine.entities.RigidEntity>[0m[38;5;159m. idx: [38;5;121m4[0m[38;5;159m, uid: [38;5;121m[3m<1c31fc0>[0m[38;5;159m, morph: [38;5;121m<gs.morphs.Box>[0m[38;5;159m, material: [38;5;121m<gs.materials.Rigid>[0m[38;5;159m.[0m
[38;5;159m[Genesis] [14:41:18] [INFO] Building scene [38;5;121m[3m<e7bc5d1>[0m[38;5;159m...[0m
[38;5;226m[Genesis] [14:41:18] [WARNING] Neutral robot position (qpos0) exceeds joint limits.[0m
[38;5;226m[Genesis] [14:41:18] [WARNING] Constraint solver time constant should be greater than 2*substep_dt. timeconst is changed from `0.005` to `0.00833333`). Decrease simulation timestep or increase timeconst to avoid altering the original value.[0m
[38;5;226m[Genesis] [14:41:19] [WARNING] Filtered out geometry pairs causing self-collision for the neutral configuration (qpos0): (8, 13), (9, 13), (16, 23), (17, 22), (18, 25), (19, 24). Consider tuning Morph option 'decompose_robot_error_threshold' or specify dedicated collision meshes. This behavior can be disabled by setting Morph option 'enable_neutral_collision=True'.[0m
[38;5;159m[Genesis] [14:41:19] [INFO] Compiling simulation kernels...[0m
[38;5;159m[Genesis] [14:41:20] [INFO] Building visualizer...[0m
{"episode": 6100001, "profile": "long_carton", "success": false, "stage": "abort", "retries": 0}
[38;5;159m[Genesis] [14:41:23] [INFO] Scene [38;5;121m[3m<b839dd9>[0m[38;5;159m created.[0m
[38;5;159m[Genesis] [14:41:23] [INFO] Adding [38;5;121m<gs.engine.entities.RigidEntity>[0m[38;5;159m. idx: [38;5;121m0[0m[38;5;159m, uid: [38;5;121m[3m<015da12>[0m[38;5;159m, morph: [38;5;121m<gs.morphs.Plane>[0m[38;5;159m, material: [38;5;121m<gs.materials.Rigid>[0m[38;5;159m.[0m
[38;5;159m[Genesis] [14:41:23] [INFO] Adding [38;5;121m<gs.engine.entities.RigidEntity>[0m[38;5;159m. idx: [38;5;121m1[0m[38;5;159m, uid: [38;5;121m[3m<f80a4c5>[0m[38;5;159m, morph: [38;5;121m<gs.morphs.Box>[0m[38;5;159m, material: [38;5;121m<gs.materials.Rigid>[0m[38;5;159m.[0m
[38;5;159m[Genesis] [14:41:23] [INFO] Adding [38;5;121m<gs.engine.entities.RigidEntity>[0m[38;5;159m. idx: [38;5;121m2[0m[38;5;159m, uid: [38;5;121m[3m<4f99c75>[0m[38;5;159m, morph: [38;5;121m<gs.morphs.Box>[0m[38;5;159m, material: [38;5;121m<gs.materials.Rigid>[0m[38;5;159m.[0m
[38;5;159m[Genesis] [14:41:23] [INFO] Adding [38;5;121m<gs.engine.entities.RigidEntity>[0m[38;5;159m. idx: [38;5;121m3[0m[38;5;159m, uid: [38;5;121m[3m<468fcf0>[0m[38;5;159m, morph: [38;5;121m<gs.morphs.MJCF(file='/workspace/parcel-sorter-rocm/third_party/genesis-world/genesis/assets/xml/franka_emika_panda/panda.xml')>[0m[38;5;159m, material: [38;5;121m<gs.materials.Rigid>[0m[38;5;159m.[0m
[38;5;226m[Genesis] [14:41:23] [WARNING] (MJCF) Approximating tendon by joint actuator for `finger_joint1`[0m
[38;5;226m[Genesis] [14:41:23] [WARNING] (MJCF) Approximating tendon by joint actuator for `finger_joint2`[0m
[38;5;159m[Genesis] [14:41:23] [INFO] Adding [38;5;121m<gs.engine.entities.RigidEntity>[0m[38;5;159m. idx: [38;5;121m4[0m[38;5;159m, uid: [38;5;121m[3m<b99a353>[0m[38;5;159m, morph: [38;5;121m<gs.morphs.Box>[0m[38;5;159m, material: [38;5;121m<gs.materials.Rigid>[0m[38;5;159m.[0m
[38;5;159m[Genesis] [14:41:23] [INFO] Building scene [38;5;121m[3m<b839dd9>[0m[38;5;159m...[0m
[38;5;226m[Genesis] [14:41:24] [WARNING] Neutral robot position (qpos0) exceeds joint limits.[0m
[38;5;226m[Genesis] [14:41:24] [WARNING] Constraint solver time constant should be greater than 2*substep_dt. timeconst is changed from `0.005` to `0.00833333`). Decrease simulation timestep or increase timeconst to avoid altering the original value.[0m
[38;5;226m[Genesis] [14:41:25] [WARNING] Filtered out geometry pairs causing self-collision for the neutral configuration (qpos0): (8, 13), (9, 13), (16, 23), (17, 22), (18, 25), (19, 24). Consider tuning Morph option 'decompose_robot_error_threshold' or specify dedicated collision meshes. This behavior can be disabled by setting Morph option 'enable_neutral_collision=True'.[0m
[38;5;159m[Genesis] [14:41:25] [INFO] Compiling simulation kernels...[0m
[38;5;159m[Genesis] [14:41:26] [INFO] Building visualizer...[0m
{"episode": 6100002, "profile": "long_carton", "success": false, "stage": "abort", "retries": 0}
[38;5;159m[Genesis] [14:41:29] [INFO] Scene [38;5;121m[3m<f8fd6a2>[0m[38;5;159m created.[0m
[38;5;159m[Genesis] [14:41:29] [INFO] Adding [38;5;121m<gs.engine.entities.RigidEntity>[0m[38;5;159m. idx: [38;5;121m0[0m[38;5;159m, uid: [38;5;121m[3m<843d6a2>[0m[38;5;159m, morph: [38;5;121m<gs.morphs.Plane>[0m[38;5;159m, material: [38;5;121m<gs.materials.Rigid>[0m[38;5;159m.[0m
[38;5;159m[Genesis] [14:41:29] [INFO] Adding [38;5;121m<gs.engine.entities.RigidEntity>[0m[38;5;159m. idx: [38;5;121m1[0m[38;5;159m, uid: [38;5;121m[3m<16063a1>[0m[38;5;159m, morph: [38;5;121m<gs.morphs.Box>[0m[38;5;159m, material: [38;5;121m<gs.materials.Rigid>[0m[38;5;159m.[0m
[38;5;159m[Genesis] [14:41:29] [INFO] Adding [38;5;121m<gs.engine.entities.RigidEntity>[0m[38;5;159m. idx: [38;5;121m2[0m[38;5;159m, uid: [38;5;121m[3m<44c5926>[0m[38;5;159m, morph: [38;5;121m<gs.morphs.Box>[0m[38;5;159m, material: [38;5;121m<gs.materials.Rigid>[0m[38;5;159m.[0m
[38;5;159m[Genesis] [14:41:29] [INFO] Adding [38;5;121m<gs.engine.entities.RigidEntity>[0m[38;5;159m. idx: [38;5;121m3[0m[38;5;159m, uid: [38;5;121m[3m<e1328ed>[0m[38;5;159m, morph: [38;5;121m<gs.morphs.MJCF(file='/workspace/parcel-sorter-rocm/third_party/genesis-world/genesis/assets/xml/franka_emika_panda/panda.xml')>[0m[38;5;159m, material: [38;5;121m<gs.materials.Rigid>[0m[38;5;159m.[0m
[38;5;226m[Genesis] [14:41:30] [WARNING] (MJCF) Approximating tendon by joint actuator for `finger_joint1`[0m
[38;5;226m[Genesis] [14:41:30] [WARNING] (MJCF) Approximating tendon by joint actuator for `finger_joint2`[0m
[38;5;159m[Genesis] [14:41:30] [INFO] Adding [38;5;121m<gs.engine.entities.RigidEntity>[0m[38;5;159m. idx: [38;5;121m4[0m[38;5;159m, uid: [38;5;121m[3m<6bf0628>[0m[38;5;159m, morph: [38;5;121m<gs.morphs.Box>[0m[38;5;159m, material: [38;5;121m<gs.materials.Rigid>[0m[38;5;159m.[0m
[38;5;159m[Genesis] [14:41:30] [INFO] Building scene [38;5;121m[3m<f8fd6a2>[0m[38;5;159m...[0m
[38;5;226m[Genesis] [14:41:30] [WARNING] Neutral robot position (qpos0) exceeds joint limits.[0m
[38;5;226m[Genesis] [14:41:30] [WARNING] Constraint solver time constant should be greater than 2*substep_dt. timeconst is changed from `0.005` to `0.00833333`). Decrease simulation timestep or increase timeconst to avoid altering the original value.[0m
[38;5;226m[Genesis] [14:41:31] [WARNING] Filtered out geometry pairs causing self-collision for the neutral configuration (qpos0): (8, 13), (9, 13), (16, 23), (17, 22), (18, 25), (19, 24). Consider tuning Morph option 'decompose_robot_error_threshold' or specify dedicated collision meshes. This behavior can be disabled by setting Morph option 'enable_neutral_collision=True'.[0m
[38;5;159m[Genesis] [14:41:32] [INFO] Compiling simulation kernels...[0m
[38;5;159m[Genesis] [14:41:32] [INFO] Building visualizer...[0m
{"episode": 6100003, "profile": "long_carton", "success": true, "stage": "complete", "retries": 0}
[38;5;159m[Genesis] [14:41:38] [INFO] Scene [38;5;121m[3m<ca35168>[0m[38;5;159m created.[0m
[38;5;159m[Genesis] [14:41:38] [INFO] Adding [38;5;121m<gs.engine.entities.RigidEntity>[0m[38;5;159m. idx: [38;5;121m0[0m[38;5;159m, uid: [38;5;121m[3m<94af5cf>[0m[38;5;159m, morph: [38;5;121m<gs.morphs.Plane>[0m[38;5;159m, material: [38;5;121m<gs.materials.Rigid>[0m[38;5;159m.[0m
[38;5;159m[Genesis] [14:41:38] [INFO] Adding [38;5;121m<gs.engine.entities.RigidEntity>[0m[38;5;159m. idx: [38;5;121m1[0m[38;5;159m, uid: [38;5;121m[3m<c67f36a>[0m[38;5;159m, morph: [38;5;121m<gs.morphs.Box>[0m[38;5;159m, material: [38;5;121m<gs.materials.Rigid>[0m[38;5;159m.[0m
[38;5;159m[Genesis] [14:41:38] [INFO] Adding [38;5;121m<gs.engine.entities.RigidEntity>[0m[38;5;159m. idx: [38;5;121m2[0m[38;5;159m, uid: [38;5;121m[3m<22fd083>[0m[38;5;159m, morph: [38;5;121m<gs.morphs.Box>[0m[38;5;159m, material: [38;5;121m<gs.materials.Rigid>[0m[38;5;159m.[0m
[38;5;159m[Genesis] [14:41:38] [INFO] Adding [38;5;121m<gs.engine.entities.RigidEntity>[0m[38;5;159m. idx: [38;5;121m3[0m[38;5;159m, uid: [38;5;121m[3m<f584d40>[0m[38;5;159m, morph: [38;5;121m<gs.morphs.MJCF(file='/workspace/parcel-sorter-rocm/third_party/genesis-world/genesis/assets/xml/franka_emika_panda/panda.xml')>[0m[38;5;159m, material: [38;5;121m<gs.materials.Rigid>[0m[38;5;159m.[0m
[38;5;226m[Genesis] [14:41:38] [WARNING] (MJCF) Approximating tendon by joint actuator for `finger_joint1`[0m
[38;5;226m[Genesis] [14:41:38] [WARNING] (MJCF) Approximating tendon by joint actuator for `finger_joint2`[0m
[38;5;159m[Genesis] [14:41:38] [INFO] Adding [38;5;121m<gs.engine.entities.RigidEntity>[0m[38;5;159m. idx: [38;5;121m4[0m[38;5;159m, uid: [38;5;121m[3m<d3897fb>[0m[38;5;159m, morph: [38;5;121m<gs.morphs.Box>[0m[38;5;159m, material: [38;5;121m<gs.materials.Rigid>[0m[38;5;159m.[0m
[38;5;159m[Genesis] [14:41:38] [INFO] Building scene [38;5;121m[3m<ca35168>[0m[38;5;159m...[0m
[38;5;226m[Genesis] [14:41:38] [WARNING] Neutral robot position (qpos0) exceeds joint limits.[0m
[38;5;226m[Genesis] [14:41:38] [WARNING] Constraint solver time constant should be greater than 2*substep_dt. timeconst is changed from `0.005` to `0.00833333`). Decrease simulation timestep or increase timeconst to avoid altering the original value.[0m
[38;5;226m[Genesis] [14:41:39] [WARNING] Filtered out geometry pairs causing self-collision for the neutral configuration (qpos0): (8, 13), (9, 13), (16, 23), (17, 22), (18, 25), (19, 24). Consider tuning Morph option 'decompose_robot_error_threshold' or specify dedicated collision meshes. This behavior can be disabled by setting Morph option 'enable_neutral_collision=True'.[0m
[38;5;159m[Genesis] [14:41:40] [INFO] Compiling simulation kernels...[0m
[38;5;159m[Genesis] [14:41:40] [INFO] Building visualizer...[0m
{"episode": 6100004, "profile": "long_carton", "success": true, "stage": "complete", "retries": 0}
[38;5;159m[Genesis] [14:41:46] [INFO] Scene [38;5;121m[3m<eacb2ac>[0m[38;5;159m created.[0m
[38;5;159m[Genesis] [14:41:46] [INFO] Adding [38;5;121m<gs.engine.entities.RigidEntity>[0m[38;5;159m. idx: [38;5;121m0[0m[38;5;159m, uid: [38;5;121m[3m<c4baed3>[0m[38;5;159m, morph: [38;5;121m<gs.morphs.Plane>[0m[38;5;159m, material: [38;5;121m<gs.materials.Rigid>[0m[38;5;159m.[0m
[38;5;159m[Genesis] [14:41:46] [INFO] Adding [38;5;121m<gs.engine.entities.RigidEntity>[0m[38;5;159m. idx: [38;5;121m1[0m[38;5;159m, uid: [38;5;121m[3m<15ea5c2>[0m[38;5;159m, morph: [38;5;121m<gs.morphs.Box>[0m[38;5;159m, material: [38;5;121m<gs.materials.Rigid>[0m[38;5;159m.[0m
[38;5;159m[Genesis] [14:41:46] [INFO] Adding [38;5;121m<gs.engine.entities.RigidEntity>[0m[38;5;159m. idx: [38;5;121m2[0m[38;5;159m, uid: [38;5;121m[3m<82e293d>[0m[38;5;159m, morph: [38;5;121m<gs.morphs.Box>[0m[38;5;159m, material: [38;5;121m<gs.materials.Rigid>[0m[38;5;159m.[0m
[38;5;159m[Genesis] [14:41:46] [INFO] Adding [38;5;121m<gs.engine.entities.RigidEntity>[0m[38;5;159m. idx: [38;5;121m3[0m[38;5;159m, uid: [38;5;121m[3m<6519ee3>[0m[38;5;159m, morph: [38;5;121m<gs.morphs.MJCF(file='/workspace/parcel-sorter-rocm/third_party/genesis-world/genesis/assets/xml/franka_emika_panda/panda.xml')>[0m[38;5;159m, material: [38;5;121m<gs.materials.Rigid>[0m[38;5;159m.[0m
[38;5;226m[Genesis] [14:41:46] [WARNING] (MJCF) Approximating tendon by joint actuator for `finger_joint1`[0m
[38;5;226m[Genesis] [14:41:46] [WARNING] (MJCF) Approximating tendon by joint actuator for `finger_joint2`[0m
[38;5;159m[Genesis] [14:41:46] [INFO] Adding [38;5;121m<gs.engine.entities.RigidEntity>[0m[38;5;159m. idx: [38;5;121m4[0m[38;5;159m, uid: [38;5;121m[3m<0d6e38c>[0m[38;5;159m, morph: [38;5;121m<gs.morphs.Box>[0m[38;5;159m, material: [38;5;121m<gs.materials.Rigid>[0m[38;5;159m.[0m
[38;5;159m[Genesis] [14:41:46] [INFO] Building scene [38;5;121m[3m<eacb2ac>[0m[38;5;159m...[0m
[38;5;226m[Genesis] [14:41:47] [WARNING] Neutral robot position (qpos0) exceeds joint limits.[0m
[38;5;226m[Genesis] [14:41:47] [WARNING] Constraint solver time constant should be greater than 2*substep_dt. timeconst is changed from `0.005` to `0.00833333`). Decrease simulation timestep or increase timeconst to avoid altering the original value.[0m
[38;5;226m[Genesis] [14:41:48] [WARNING] Filtered out geometry pairs causing self-collision for the neutral configuration (qpos0): (8, 13), (9, 13), (16, 23), (17, 22), (18, 25), (19, 24). Consider tuning Morph option 'decompose_robot_error_threshold' or specify dedicated collision meshes. This behavior can be disabled by setting Morph option 'enable_neutral_collision=True'.[0m
[38;5;159m[Genesis] [14:41:49] [INFO] Compiling simulation kernels...[0m
[38;5;159m[Genesis] [14:41:49] [INFO] Building visualizer...[0m
[W 07/25/26 14:41:52.812 1320958] QuadrantsWarning
While compiling `_kernel_forward_kinematics_c68_3`, File "/workspace/parcel-sorter-rocm/third_party/genesis-world/genesis/engine/entities/rigid_entity/rigid_entity.py", line 3388, in _kernel_forward_kinematics:
            rigid_info.qpos[qs_idx[i_q_], envs_idx[i_b_]] = qpos[i_b_, i_q_]
            ^^^^^^^^^^^^^^^^^^^^^^^^^^^^^^^^^^^^^^^^^^^^^^^^^^^^^^^^^^^^^^^^
Assign may lose precision: f32 <- f64
{"episode": 7100000, "profile": "large_narrow_carton", "success": false, "stage": "abort", "retries": 0}
[38;5;159m[Genesis] [14:41:55] [INFO] Scene [38;5;121m[3m<51073aa>[0m[38;5;159m created.[0m
[38;5;159m[Genesis] [14:41:55] [INFO] Adding [38;5;121m<gs.engine.entities.RigidEntity>[0m[38;5;159m. idx: [38;5;121m0[0m[38;5;159m, uid: [38;5;121m[3m<29aa40b>[0m[38;5;159m, morph: [38;5;121m<gs.morphs.Plane>[0m[38;5;159m, material: [38;5;121m<gs.materials.Rigid>[0m[38;5;159m.[0m
[38;5;159m[Genesis] [14:41:55] [INFO] Adding [38;5;121m<gs.engine.entities.RigidEntity>[0m[38;5;159m. idx: [38;5;121m1[0m[38;5;159m, uid: [38;5;121m[3m<08526f4>[0m[38;5;159m, morph: [38;5;121m<gs.morphs.Box>[0m[38;5;159m, material: [38;5;121m<gs.materials.Rigid>[0m[38;5;159m.[0m
[38;5;159m[Genesis] [14:41:55] [INFO] Adding [38;5;121m<gs.engine.entities.RigidEntity>[0m[38;5;159m. idx: [38;5;121m2[0m[38;5;159m, uid: [38;5;121m[3m<efee8c8>[0m[38;5;159m, morph: [38;5;121m<gs.morphs.Box>[0m[38;5;159m, material: [38;5;121m<gs.materials.Rigid>[0m[38;5;159m.[0m
[38;5;159m[Genesis] [14:41:55] [INFO] Adding [38;5;121m<gs.engine.entities.RigidEntity>[0m[38;5;159m. idx: [38;5;121m3[0m[38;5;159m, uid: [38;5;121m[3m<c76dfcd>[0m[38;5;159m, morph: [38;5;121m<gs.morphs.MJCF(file='/workspace/parcel-sorter-rocm/third_party/genesis-world/genesis/assets/xml/franka_emika_panda/panda.xml')>[0m[38;5;159m, material: [38;5;121m<gs.materials.Rigid>[0m[38;5;159m.[0m
[38;5;226m[Genesis] [14:41:55] [WARNING] (MJCF) Approximating tendon by joint actuator for `finger_joint1`[0m
[38;5;226m[Genesis] [14:41:55] [WARNING] (MJCF) Approximating tendon by joint actuator for `finger_joint2`[0m
[38;5;159m[Genesis] [14:41:55] [INFO] Adding [38;5;121m<gs.engine.entities.RigidEntity>[0m[38;5;159m. idx: [38;5;121m4[0m[38;5;159m, uid: [38;5;121m[3m<8234534>[0m[38;5;159m, morph: [38;5;121m<gs.morphs.Box>[0m[38;5;159m, material: [38;5;121m<gs.materials.Rigid>[0m[38;5;159m.[0m
[38;5;159m[Genesis] [14:41:55] [INFO] Building scene [38;5;121m[3m<51073aa>[0m[38;5;159m...[0m
[38;5;226m[Genesis] [14:41:55] [WARNING] Neutral robot position (qpos0) exceeds joint limits.[0m
[38;5;226m[Genesis] [14:41:55] [WARNING] Constraint solver time constant should be greater than 2*substep_dt. timeconst is changed from `0.005` to `0.00833333`). Decrease simulation timestep or increase timeconst to avoid altering the original value.[0m
[38;5;226m[Genesis] [14:41:57] [WARNING] Filtered out geometry pairs causing self-collision for the neutral configuration (qpos0): (8, 13), (9, 13), (16, 23), (17, 22), (18, 25), (19, 24). Consider tuning Morph option 'decompose_robot_error_threshold' or specify dedicated collision meshes. This behavior can be disabled by setting Morph option 'enable_neutral_collision=True'.[0m
[38;5;159m[Genesis] [14:41:57] [INFO] Compiling simulation kernels...[0m
[38;5;159m[Genesis] [14:41:58] [INFO] Building visualizer...[0m
[W 07/25/26 14:42:00.971 1320958] QuadrantsWarning
While compiling `_kernel_forward_kinematics_c68_4`, File "/workspace/parcel-sorter-rocm/third_party/genesis-world/genesis/engine/entities/rigid_entity/rigid_entity.py", line 3388, in _kernel_forward_kinematics:
            rigid_info.qpos[qs_idx[i_q_], envs_idx[i_b_]] = qpos[i_b_, i_q_]
            ^^^^^^^^^^^^^^^^^^^^^^^^^^^^^^^^^^^^^^^^^^^^^^^^^^^^^^^^^^^^^^^^
Assign may lose precision: f32 <- f64
{"episode": 7100001, "profile": "large_narrow_carton", "success": true, "stage": "complete", "retries": 0}
[38;5;159m[Genesis] [14:42:10] [INFO] Scene [38;5;121m[3m<640c5f0>[0m[38;5;159m created.[0m
[38;5;159m[Genesis] [14:42:10] [INFO] Adding [38;5;121m<gs.engine.entities.RigidEntity>[0m[38;5;159m. idx: [38;5;121m0[0m[38;5;159m, uid: [38;5;121m[3m<43bdb0a>[0m[38;5;159m, morph: [38;5;121m<gs.morphs.Plane>[0m[38;5;159m, material: [38;5;121m<gs.materials.Rigid>[0m[38;5;159m.[0m
[38;5;159m[Genesis] [14:42:10] [INFO] Adding [38;5;121m<gs.engine.entities.RigidEntity>[0m[38;5;159m. idx: [38;5;121m1[0m[38;5;159m, uid: [38;5;121m[3m<42d8d54>[0m[38;5;159m, morph: [38;5;121m<gs.morphs.Box>[0m[38;5;159m, material: [38;5;121m<gs.materials.Rigid>[0m[38;5;159m.[0m
[38;5;159m[Genesis] [14:42:10] [INFO] Adding [38;5;121m<gs.engine.entities.RigidEntity>[0m[38;5;159m. idx: [38;5;121m2[0m[38;5;159m, uid: [38;5;121m[3m<00ae296>[0m[38;5;159m, morph: [38;5;121m<gs.morphs.Box>[0m[38;5;159m, material: [38;5;121m<gs.materials.Rigid>[0m[38;5;159m.[0m
[38;5;159m[Genesis] [14:42:10] [INFO] Adding [38;5;121m<gs.engine.entities.RigidEntity>[0m[38;5;159m. idx: [38;5;121m3[0m[38;5;159m, uid: [38;5;121m[3m<82801f2>[0m[38;5;159m, morph: [38;5;121m<gs.morphs.MJCF(file='/workspace/parcel-sorter-rocm/third_party/genesis-world/genesis/assets/xml/franka_emika_panda/panda.xml')>[0m[38;5;159m, material: [38;5;121m<gs.materials.Rigid>[0m[38;5;159m.[0m
[38;5;226m[Genesis] [14:42:11] [WARNING] (MJCF) Approximating tendon by joint actuator for `finger_joint1`[0m
[38;5;226m[Genesis] [14:42:11] [WARNING] (MJCF) Approximating tendon by joint actuator for `finger_joint2`[0m
[38;5;159m[Genesis] [14:42:11] [INFO] Adding [38;5;121m<gs.engine.entities.RigidEntity>[0m[38;5;159m. idx: [38;5;121m4[0m[38;5;159m, uid: [38;5;121m[3m<7d43fef>[0m[38;5;159m, morph: [38;5;121m<gs.morphs.Box>[0m[38;5;159m, material: [38;5;121m<gs.materials.Rigid>[0m[38;5;159m.[0m
[38;5;159m[Genesis] [14:42:11] [INFO] Building scene [38;5;121m[3m<640c5f0>[0m[38;5;159m...[0m
[38;5;226m[Genesis] [14:42:11] [WARNING] Neutral robot position (qpos0) exceeds joint limits.[0m
[38;5;226m[Genesis] [14:42:11] [WARNING] Constraint solver time constant should be greater than 2*substep_dt. timeconst is changed from `0.005` to `0.00833333`). Decrease simulation timestep or increase timeconst to avoid altering the original value.[0m
[38;5;226m[Genesis] [14:42:12] [WARNING] Filtered out geometry pairs causing self-collision for the neutral configuration (qpos0): (8, 13), (9, 13), (16, 23), (17, 22), (18, 25), (19, 24). Consider tuning Morph option 'decompose_robot_error_threshold' or specify dedicated collision meshes. This behavior can be disabled by setting Morph option 'enable_neutral_collision=True'.[0m
[38;5;159m[Genesis] [14:42:13] [INFO] Compiling simulation kernels...[0m
[38;5;159m[Genesis] [14:42:13] [INFO] Building visualizer...[0m
[W 07/25/26 14:42:16.236 1320958] QuadrantsWarning
While compiling `_kernel_forward_kinematics_c68_5`, File "/workspace/parcel-sorter-rocm/third_party/genesis-world/genesis/engine/entities/rigid_entity/rigid_entity.py", line 3388, in _kernel_forward_kinematics:
            rigid_info.qpos[qs_idx[i_q_], envs_idx[i_b_]] = qpos[i_b_, i_q_]
            ^^^^^^^^^^^^^^^^^^^^^^^^^^^^^^^^^^^^^^^^^^^^^^^^^^^^^^^^^^^^^^^^
Assign may lose precision: f32 <- f64
{"episode": 7100002, "profile": "large_narrow_carton", "success": true, "stage": "complete", "retries": 0}
[38;5;159m[Genesis] [14:42:26] [INFO] Scene [38;5;121m[3m<5a8d7e1>[0m[38;5;159m created.[0m
[38;5;159m[Genesis] [14:42:26] [INFO] Adding [38;5;121m<gs.engine.entities.RigidEntity>[0m[38;5;159m. idx: [38;5;121m0[0m[38;5;159m, uid: [38;5;121m[3m<93f39fe>[0m[38;5;159m, morph: [38;5;121m<gs.morphs.Plane>[0m[38;5;159m, material: [38;5;121m<gs.materials.Rigid>[0m[38;5;159m.[0m
[38;5;159m[Genesis] [14:42:26] [INFO] Adding [38;5;121m<gs.engine.entities.RigidEntity>[0m[38;5;159m. idx: [38;5;121m1[0m[38;5;159m, uid: [38;5;121m[3m<b3df8ac>[0m[38;5;159m, morph: [38;5;121m<gs.morphs.Box>[0m[38;5;159m, material: [38;5;121m<gs.materials.Rigid>[0m[38;5;159m.[0m
[38;5;159m[Genesis] [14:42:26] [INFO] Adding [38;5;121m<gs.engine.entities.RigidEntity>[0m[38;5;159m. idx: [38;5;121m2[0m[38;5;159m, uid: [38;5;121m[3m<8944e64>[0m[38;5;159m, morph: [38;5;121m<gs.morphs.Box>[0m[38;5;159m, material: [38;5;121m<gs.materials.Rigid>[0m[38;5;159m.[0m
[38;5;159m[Genesis] [14:42:26] [INFO] Adding [38;5;121m<gs.engine.entities.RigidEntity>[0m[38;5;159m. idx: [38;5;121m3[0m[38;5;159m, uid: [38;5;121m[3m<f8c8aeb>[0m[38;5;159m, morph: [38;5;121m<gs.morphs.MJCF(file='/workspace/parcel-sorter-rocm/third_party/genesis-world/genesis/assets/xml/franka_emika_panda/panda.xml')>[0m[38;5;159m, material: [38;5;121m<gs.materials.Rigid>[0m[38;5;159m.[0m
[38;5;226m[Genesis] [14:42:26] [WARNING] (MJCF) Approximating tendon by joint actuator for `finger_joint1`[0m
[38;5;226m[Genesis] [14:42:26] [WARNING] (MJCF) Approximating tendon by joint actuator for `finger_joint2`[0m
[38;5;159m[Genesis] [14:42:26] [INFO] Adding [38;5;121m<gs.engine.entities.RigidEntity>[0m[38;5;159m. idx: [38;5;121m4[0m[38;5;159m, uid: [38;5;121m[3m<a1505af>[0m[38;5;159m, morph: [38;5;121m<gs.morphs.Box>[0m[38;5;159m, material: [38;5;121m<gs.materials.Rigid>[0m[38;5;159m.[0m
[38;5;159m[Genesis] [14:42:26] [INFO] Building scene [38;5;121m[3m<5a8d7e1>[0m[38;5;159m...[0m
[38;5;226m[Genesis] [14:42:26] [WARNING] Neutral robot position (qpos0) exceeds joint limits.[0m
[38;5;226m[Genesis] [14:42:26] [WARNING] Constraint solver time constant should be greater than 2*substep_dt. timeconst is changed from `0.005` to `0.00833333`). Decrease simulation timestep or increase timeconst to avoid altering the original value.[0m
[38;5;226m[Genesis] [14:42:27] [WARNING] Filtered out geometry pairs causing self-collision for the neutral configuration (qpos0): (8, 13), (9, 13), (16, 23), (17, 22), (18, 25), (19, 24). Consider tuning Morph option 'decompose_robot_error_threshold' or specify dedicated collision meshes. This behavior can be disabled by setting Morph option 'enable_neutral_collision=True'.[0m
[38;5;159m[Genesis] [14:42:28] [INFO] Compiling simulation kernels...[0m
[38;5;159m[Genesis] [14:42:28] [INFO] Building visualizer...[0m
[W 07/25/26 14:42:31.567 1320958] QuadrantsWarning
While compiling `_kernel_forward_kinematics_c68_6`, File "/workspace/parcel-sorter-rocm/third_party/genesis-world/genesis/engine/entities/rigid_entity/rigid_entity.py", line 3388, in _kernel_forward_kinematics:
            rigid_info.qpos[qs_idx[i_q_], envs_idx[i_b_]] = qpos[i_b_, i_q_]
            ^^^^^^^^^^^^^^^^^^^^^^^^^^^^^^^^^^^^^^^^^^^^^^^^^^^^^^^^^^^^^^^^
Assign may lose precision: f32 <- f64
{"episode": 7100003, "profile": "large_narrow_carton", "success": false, "stage": "abort", "retries": 0}
[38;5;159m[Genesis] [14:42:36] [INFO] Scene [38;5;121m[3m<7059fdd>[0m[38;5;159m created.[0m
[38;5;159m[Genesis] [14:42:36] [INFO] Adding [38;5;121m<gs.engine.entities.RigidEntity>[0m[38;5;159m. idx: [38;5;121m0[0m[38;5;159m, uid: [38;5;121m[3m<c1163d8>[0m[38;5;159m, morph: [38;5;121m<gs.morphs.Plane>[0m[38;5;159m, material: [38;5;121m<gs.materials.Rigid>[0m[38;5;159m.[0m
[38;5;159m[Genesis] [14:42:36] [INFO] Adding [38;5;121m<gs.engine.entities.RigidEntity>[0m[38;5;159m. idx: [38;5;121m1[0m[38;5;159m, uid: [38;5;121m[3m<8e3b6e1>[0m[38;5;159m, morph: [38;5;121m<gs.morphs.Box>[0m[38;5;159m, material: [38;5;121m<gs.materials.Rigid>[0m[38;5;159m.[0m
[38;5;159m[Genesis] [14:42:36] [INFO] Adding [38;5;121m<gs.engine.entities.RigidEntity>[0m[38;5;159m. idx: [38;5;121m2[0m[38;5;159m, uid: [38;5;121m[3m<841ed35>[0m[38;5;159m, morph: [38;5;121m<gs.morphs.Box>[0m[38;5;159m, material: [38;5;121m<gs.materials.Rigid>[0m[38;5;159m.[0m
[38;5;159m[Genesis] [14:42:36] [INFO] Adding [38;5;121m<gs.engine.entities.RigidEntity>[0m[38;5;159m. idx: [38;5;121m3[0m[38;5;159m, uid: [38;5;121m[3m<b25eab9>[0m[38;5;159m, morph: [38;5;121m<gs.morphs.MJCF(file='/workspace/parcel-sorter-rocm/third_party/genesis-world/genesis/assets/xml/franka_emika_panda/panda.xml')>[0m[38;5;159m, material: [38;5;121m<gs.materials.Rigid>[0m[38;5;159m.[0m
[38;5;226m[Genesis] [14:42:36] [WARNING] (MJCF) Approximating tendon by joint actuator for `finger_joint1`[0m
[38;5;226m[Genesis] [14:42:36] [WARNING] (MJCF) Approximating tendon by joint actuator for `finger_joint2`[0m
[38;5;159m[Genesis] [14:42:36] [INFO] Adding [38;5;121m<gs.engine.entities.RigidEntity>[0m[38;5;159m. idx: [38;5;121m4[0m[38;5;159m, uid: [38;5;121m[3m<6f36794>[0m[38;5;159m, morph: [38;5;121m<gs.morphs.Box>[0m[38;5;159m, material: [38;5;121m<gs.materials.Rigid>[0m[38;5;159m.[0m
[38;5;159m[Genesis] [14:42:36] [INFO] Building scene [38;5;121m[3m<7059fdd>[0m[38;5;159m...[0m
[38;5;226m[Genesis] [14:42:36] [WARNING] Neutral robot position (qpos0) exceeds joint limits.[0m
[38;5;226m[Genesis] [14:42:36] [WARNING] Constraint solver time constant should be greater than 2*substep_dt. timeconst is changed from `0.005` to `0.00833333`). Decrease simulation timestep or increase timeconst to avoid altering the original value.[0m
[38;5;226m[Genesis] [14:42:37] [WARNING] Filtered out geometry pairs causing self-collision for the neutral configuration (qpos0): (8, 13), (9, 13), (16, 23), (17, 22), (18, 25), (19, 24). Consider tuning Morph option 'decompose_robot_error_threshold' or specify dedicated collision meshes. This behavior can be disabled by setting Morph option 'enable_neutral_collision=True'.[0m
[38;5;159m[Genesis] [14:42:38] [INFO] Compiling simulation kernels...[0m
[38;5;159m[Genesis] [14:42:38] [INFO] Building visualizer...[0m
[W 07/25/26 14:42:41.780 1320958] QuadrantsWarning
While compiling `_kernel_forward_kinematics_c68_7`, File "/workspace/parcel-sorter-rocm/third_party/genesis-world/genesis/engine/entities/rigid_entity/rigid_entity.py", line 3388, in _kernel_forward_kinematics:
            rigid_info.qpos[qs_idx[i_q_], envs_idx[i_b_]] = qpos[i_b_, i_q_]
            ^^^^^^^^^^^^^^^^^^^^^^^^^^^^^^^^^^^^^^^^^^^^^^^^^^^^^^^^^^^^^^^^
Assign may lose precision: f32 <- f64
{"episode": 7100004, "profile": "large_narrow_carton", "success": false, "stage": "abort", "retries": 0}
[38;5;159m[Genesis] [14:42:46] [INFO] Scene [38;5;121m[3m<194b59e>[0m[38;5;159m created.[0m
[38;5;159m[Genesis] [14:42:46] [INFO] Adding [38;5;121m<gs.engine.entities.RigidEntity>[0m[38;5;159m. idx: [38;5;121m0[0m[38;5;159m, uid: [38;5;121m[3m<6fcf840>[0m[38;5;159m, morph: [38;5;121m<gs.morphs.Plane>[0m[38;5;159m, material: [38;5;121m<gs.materials.Rigid>[0m[38;5;159m.[0m
[38;5;159m[Genesis] [14:42:46] [INFO] Adding [38;5;121m<gs.engine.entities.RigidEntity>[0m[38;5;159m. idx: [38;5;121m1[0m[38;5;159m, uid: [38;5;121m[3m<d919337>[0m[38;5;159m, morph: [38;5;121m<gs.morphs.Box>[0m[38;5;159m, material: [38;5;121m<gs.materials.Rigid>[0m[38;5;159m.[0m
[38;5;159m[Genesis] [14:42:46] [INFO] Adding [38;5;121m<gs.engine.entities.RigidEntity>[0m[38;5;159m. idx: [38;5;121m2[0m[38;5;159m, uid: [38;5;121m[3m<5577dfb>[0m[38;5;159m, morph: [38;5;121m<gs.morphs.Box>[0m[38;5;159m, material: [38;5;121m<gs.materials.Rigid>[0m[38;5;159m.[0m
[38;5;159m[Genesis] [14:42:46] [INFO] Adding [38;5;121m<gs.engine.entities.RigidEntity>[0m[38;5;159m. idx: [38;5;121m3[0m[38;5;159m, uid: [38;5;121m[3m<0f3f942>[0m[38;5;159m, morph: [38;5;121m<gs.morphs.MJCF(file='/workspace/parcel-sorter-rocm/third_party/genesis-world/genesis/assets/xml/franka_emika_panda/panda.xml')>[0m[38;5;159m, material: [38;5;121m<gs.materials.Rigid>[0m[38;5;159m.[0m
[38;5;226m[Genesis] [14:42:47] [WARNING] (MJCF) Approximating tendon by joint actuator for `finger_joint1`[0m
[38;5;226m[Genesis] [14:42:47] [WARNING] (MJCF) Approximating tendon by joint actuator for `finger_joint2`[0m
[38;5;159m[Genesis] [14:42:47] [INFO] Adding [38;5;121m<gs.engine.entities.RigidEntity>[0m[38;5;159m. idx: [38;5;121m4[0m[38;5;159m, uid: [38;5;121m[3m<88af1ee>[0m[38;5;159m, morph: [38;5;121m<gs.morphs.Cylinder>[0m[38;5;159m, material: [38;5;121m<gs.materials.Rigid>[0m[38;5;159m.[0m
[38;5;159m[Genesis] [14:42:47] [INFO] Building scene [38;5;121m[3m<194b59e>[0m[38;5;159m...[0m
[38;5;226m[Genesis] [14:42:47] [WARNING] Neutral robot position (qpos0) exceeds joint limits.[0m
[38;5;226m[Genesis] [14:42:47] [WARNING] Constraint solver time constant should be greater than 2*substep_dt. timeconst is changed from `0.005` to `0.00833333`). Decrease simulation timestep or increase timeconst to avoid altering the original value.[0m
[38;5;226m[Genesis] [14:42:48] [WARNING] Filtered out geometry pairs causing self-collision for the neutral configuration (qpos0): (8, 13), (9, 13), (16, 23), (17, 22), (18, 25), (19, 24). Consider tuning Morph option 'decompose_robot_error_threshold' or specify dedicated collision meshes. This behavior can be disabled by setting Morph option 'enable_neutral_collision=True'.[0m
[38;5;159m[Genesis] [14:42:49] [INFO] Compiling simulation kernels...[0m
[38;5;159m[Genesis] [14:42:49] [INFO] Building visualizer...[0m
{"episode": 8100000, "profile": "upright_canister", "success": true, "stage": "complete", "retries": 0}
[38;5;159m[Genesis] [14:42:55] [INFO] Scene [38;5;121m[3m<fd39387>[0m[38;5;159m created.[0m
[38;5;159m[Genesis] [14:42:55] [INFO] Adding [38;5;121m<gs.engine.entities.RigidEntity>[0m[38;5;159m. idx: [38;5;121m0[0m[38;5;159m, uid: [38;5;121m[3m<ea3a6c1>[0m[38;5;159m, morph: [38;5;121m<gs.morphs.Plane>[0m[38;5;159m, material: [38;5;121m<gs.materials.Rigid>[0m[38;5;159m.[0m
[38;5;159m[Genesis] [14:42:55] [INFO] Adding [38;5;121m<gs.engine.entities.RigidEntity>[0m[38;5;159m. idx: [38;5;121m1[0m[38;5;159m, uid: [38;5;121m[3m<c482cc6>[0m[38;5;159m, morph: [38;5;121m<gs.morphs.Box>[0m[38;5;159m, material: [38;5;121m<gs.materials.Rigid>[0m[38;5;159m.[0m
[38;5;159m[Genesis] [14:42:55] [INFO] Adding [38;5;121m<gs.engine.entities.RigidEntity>[0m[38;5;159m. idx: [38;5;121m2[0m[38;5;159m, uid: [38;5;121m[3m<56d054e>[0m[38;5;159m, morph: [38;5;121m<gs.morphs.Box>[0m[38;5;159m, material: [38;5;121m<gs.materials.Rigid>[0m[38;5;159m.[0m
[38;5;159m[Genesis] [14:42:55] [INFO] Adding [38;5;121m<gs.engine.entities.RigidEntity>[0m[38;5;159m. idx: [38;5;121m3[0m[38;5;159m, uid: [38;5;121m[3m<b00689c>[0m[38;5;159m, morph: [38;5;121m<gs.morphs.MJCF(file='/workspace/parcel-sorter-rocm/third_party/genesis-world/genesis/assets/xml/franka_emika_panda/panda.xml')>[0m[38;5;159m, material: [38;5;121m<gs.materials.Rigid>[0m[38;5;159m.[0m
[38;5;226m[Genesis] [14:42:55] [WARNING] (MJCF) Approximating tendon by joint actuator for `finger_joint1`[0m
[38;5;226m[Genesis] [14:42:55] [WARNING] (MJCF) Approximating tendon by joint actuator for `finger_joint2`[0m
[38;5;159m[Genesis] [14:42:55] [INFO] Adding [38;5;121m<gs.engine.entities.RigidEntity>[0m[38;5;159m. idx: [38;5;121m4[0m[38;5;159m, uid: [38;5;121m[3m<b922fec>[0m[38;5;159m, morph: [38;5;121m<gs.morphs.Cylinder>[0m[38;5;159m, material: [38;5;121m<gs.materials.Rigid>[0m[38;5;159m.[0m
[38;5;159m[Genesis] [14:42:55] [INFO] Building scene [38;5;121m[3m<fd39387>[0m[38;5;159m...[0m
[38;5;226m[Genesis] [14:42:56] [WARNING] Neutral robot position (qpos0) exceeds joint limits.[0m
[38;5;226m[Genesis] [14:42:56] [WARNING] Constraint solver time constant should be greater than 2*substep_dt. timeconst is changed from `0.005` to `0.00833333`). Decrease simulation timestep or increase timeconst to avoid altering the original value.[0m
[38;5;226m[Genesis] [14:42:57] [WARNING] Filtered out geometry pairs causing self-collision for the neutral configuration (qpos0): (8, 13), (9, 13), (16, 23), (17, 22), (18, 25), (19, 24). Consider tuning Morph option 'decompose_robot_error_threshold' or specify dedicated collision meshes. This behavior can be disabled by setting Morph option 'enable_neutral_collision=True'.[0m
[38;5;159m[Genesis] [14:42:58] [INFO] Compiling simulation kernels...[0m
[38;5;159m[Genesis] [14:42:58] [INFO] Building visualizer...[0m
{"episode": 8100001, "profile": "upright_canister", "success": true, "stage": "complete", "retries": 0}
[38;5;159m[Genesis] [14:43:03] [INFO] Scene [38;5;121m[3m<72c2a69>[0m[38;5;159m created.[0m
[38;5;159m[Genesis] [14:43:03] [INFO] Adding [38;5;121m<gs.engine.entities.RigidEntity>[0m[38;5;159m. idx: [38;5;121m0[0m[38;5;159m, uid: [38;5;121m[3m<8fdd71b>[0m[38;5;159m, morph: [38;5;121m<gs.morphs.Plane>[0m[38;5;159m, material: [38;5;121m<gs.materials.Rigid>[0m[38;5;159m.[0m
[38;5;159m[Genesis] [14:43:03] [INFO] Adding [38;5;121m<gs.engine.entities.RigidEntity>[0m[38;5;159m. idx: [38;5;121m1[0m[38;5;159m, uid: [38;5;121m[3m<f869c93>[0m[38;5;159m, morph: [38;5;121m<gs.morphs.Box>[0m[38;5;159m, material: [38;5;121m<gs.materials.Rigid>[0m[38;5;159m.[0m
[38;5;159m[Genesis] [14:43:03] [INFO] Adding [38;5;121m<gs.engine.entities.RigidEntity>[0m[38;5;159m. idx: [38;5;121m2[0m[38;5;159m, uid: [38;5;121m[3m<9460c82>[0m[38;5;159m, morph: [38;5;121m<gs.morphs.Box>[0m[38;5;159m, material: [38;5;121m<gs.materials.Rigid>[0m[38;5;159m.[0m
[38;5;159m[Genesis] [14:43:03] [INFO] Adding [38;5;121m<gs.engine.entities.RigidEntity>[0m[38;5;159m. idx: [38;5;121m3[0m[38;5;159m, uid: [38;5;121m[3m<dc42535>[0m[38;5;159m, morph: [38;5;121m<gs.morphs.MJCF(file='/workspace/parcel-sorter-rocm/third_party/genesis-world/genesis/assets/xml/franka_emika_panda/panda.xml')>[0m[38;5;159m, material: [38;5;121m<gs.materials.Rigid>[0m[38;5;159m.[0m
[38;5;226m[Genesis] [14:43:03] [WARNING] (MJCF) Approximating tendon by joint actuator for `finger_joint1`[0m
[38;5;226m[Genesis] [14:43:03] [WARNING] (MJCF) Approximating tendon by joint actuator for `finger_joint2`[0m
[38;5;159m[Genesis] [14:43:03] [INFO] Adding [38;5;121m<gs.engine.entities.RigidEntity>[0m[38;5;159m. idx: [38;5;121m4[0m[38;5;159m, uid: [38;5;121m[3m<e56a577>[0m[38;5;159m, morph: [38;5;121m<gs.morphs.Cylinder>[0m[38;5;159m, material: [38;5;121m<gs.materials.Rigid>[0m[38;5;159m.[0m
[38;5;159m[Genesis] [14:43:04] [INFO] Building scene [38;5;121m[3m<72c2a69>[0m[38;5;159m...[0m
[38;5;226m[Genesis] [14:43:04] [WARNING] Neutral robot position (qpos0) exceeds joint limits.[0m
[38;5;226m[Genesis] [14:43:04] [WARNING] Constraint solver time constant should be greater than 2*substep_dt. timeconst is changed from `0.005` to `0.00833333`). Decrease simulation timestep or increase timeconst to avoid altering the original value.[0m
[38;5;226m[Genesis] [14:43:05] [WARNING] Filtered out geometry pairs causing self-collision for the neutral configuration (qpos0): (8, 13), (9, 13), (16, 23), (17, 22), (18, 25), (19, 24). Consider tuning Morph option 'decompose_robot_error_threshold' or specify dedicated collision meshes. This behavior can be disabled by setting Morph option 'enable_neutral_collision=True'.[0m
[38;5;159m[Genesis] [14:43:06] [INFO] Compiling simulation kernels...[0m
[38;5;159m[Genesis] [14:43:06] [INFO] Building visualizer...[0m
{"episode": 8100002, "profile": "upright_canister", "success": true, "stage": "complete", "retries": 0}
[38;5;159m[Genesis] [14:43:12] [INFO] Scene [38;5;121m[3m<6b57f92>[0m[38;5;159m created.[0m
[38;5;159m[Genesis] [14:43:12] [INFO] Adding [38;5;121m<gs.engine.entities.RigidEntity>[0m[38;5;159m. idx: [38;5;121m0[0m[38;5;159m, uid: [38;5;121m[3m<f7ae4cb>[0m[38;5;159m, morph: [38;5;121m<gs.morphs.Plane>[0m[38;5;159m, material: [38;5;121m<gs.materials.Rigid>[0m[38;5;159m.[0m
[38;5;159m[Genesis] [14:43:12] [INFO] Adding [38;5;121m<gs.engine.entities.RigidEntity>[0m[38;5;159m. idx: [38;5;121m1[0m[38;5;159m, uid: [38;5;121m[3m<3bbf1c4>[0m[38;5;159m, morph: [38;5;121m<gs.morphs.Box>[0m[38;5;159m, material: [38;5;121m<gs.materials.Rigid>[0m[38;5;159m.[0m
[38;5;159m[Genesis] [14:43:12] [INFO] Adding [38;5;121m<gs.engine.entities.RigidEntity>[0m[38;5;159m. idx: [38;5;121m2[0m[38;5;159m, uid: [38;5;121m[3m<914418a>[0m[38;5;159m, morph: [38;5;121m<gs.morphs.Box>[0m[38;5;159m, material: [38;5;121m<gs.materials.Rigid>[0m[38;5;159m.[0m
[38;5;159m[Genesis] [14:43:12] [INFO] Adding [38;5;121m<gs.engine.entities.RigidEntity>[0m[38;5;159m. idx: [38;5;121m3[0m[38;5;159m, uid: [38;5;121m[3m<e8dc210>[0m[38;5;159m, morph: [38;5;121m<gs.morphs.MJCF(file='/workspace/parcel-sorter-rocm/third_party/genesis-world/genesis/assets/xml/franka_emika_panda/panda.xml')>[0m[38;5;159m, material: [38;5;121m<gs.materials.Rigid>[0m[38;5;159m.[0m
[38;5;226m[Genesis] [14:43:12] [WARNING] (MJCF) Approximating tendon by joint actuator for `finger_joint1`[0m
[38;5;226m[Genesis] [14:43:12] [WARNING] (MJCF) Approximating tendon by joint actuator for `finger_joint2`[0m
[38;5;159m[Genesis] [14:43:12] [INFO] Adding [38;5;121m<gs.engine.entities.RigidEntity>[0m[38;5;159m. idx: [38;5;121m4[0m[38;5;159m, uid: [38;5;121m[3m<d418c00>[0m[38;5;159m, morph: [38;5;121m<gs.morphs.Cylinder>[0m[38;5;159m, material: [38;5;121m<gs.materials.Rigid>[0m[38;5;159m.[0m
[38;5;159m[Genesis] [14:43:12] [INFO] Building scene [38;5;121m[3m<6b57f92>[0m[38;5;159m...[0m
[38;5;226m[Genesis] [14:43:13] [WARNING] Neutral robot position (qpos0) exceeds joint limits.[0m
[38;5;226m[Genesis] [14:43:13] [WARNING] Constraint solver time constant should be greater than 2*substep_dt. timeconst is changed from `0.005` to `0.00833333`). Decrease simulation timestep or increase timeconst to avoid altering the original value.[0m
[38;5;226m[Genesis] [14:43:14] [WARNING] Filtered out geometry pairs causing self-collision for the neutral configuration (qpos0): (8, 13), (9, 13), (16, 23), (17, 22), (18, 25), (19, 24). Consider tuning Morph option 'decompose_robot_error_threshold' or specify dedicated collision meshes. This behavior can be disabled by setting Morph option 'enable_neutral_collision=True'.[0m
[38;5;159m[Genesis] [14:43:15] [INFO] Compiling simulation kernels...[0m
[38;5;159m[Genesis] [14:43:15] [INFO] Building visualizer...[0m
{"episode": 8100003, "profile": "upright_canister", "success": true, "stage": "complete", "retries": 0}
[38;5;159m[Genesis] [14:43:23] [INFO] Scene [38;5;121m[3m<51b458e>[0m[38;5;159m created.[0m
[38;5;159m[Genesis] [14:43:23] [INFO] Adding [38;5;121m<gs.engine.entities.RigidEntity>[0m[38;5;159m. idx: [38;5;121m0[0m[38;5;159m, uid: [38;5;121m[3m<2e65268>[0m[38;5;159m, morph: [38;5;121m<gs.morphs.Plane>[0m[38;5;159m, material: [38;5;121m<gs.materials.Rigid>[0m[38;5;159m.[0m
[38;5;159m[Genesis] [14:43:23] [INFO] Adding [38;5;121m<gs.engine.entities.RigidEntity>[0m[38;5;159m. idx: [38;5;121m1[0m[38;5;159m, uid: [38;5;121m[3m<aa93834>[0m[38;5;159m, morph: [38;5;121m<gs.morphs.Box>[0m[38;5;159m, material: [38;5;121m<gs.materials.Rigid>[0m[38;5;159m.[0m
[38;5;159m[Genesis] [14:43:23] [INFO] Adding [38;5;121m<gs.engine.entities.RigidEntity>[0m[38;5;159m. idx: [38;5;121m2[0m[38;5;159m, uid: [38;5;121m[3m<54c9f09>[0m[38;5;159m, morph: [38;5;121m<gs.morphs.Box>[0m[38;5;159m, material: [38;5;121m<gs.materials.Rigid>[0m[38;5;159m.[0m
[38;5;159m[Genesis] [14:43:23] [INFO] Adding [38;5;121m<gs.engine.entities.RigidEntity>[0m[38;5;159m. idx: [38;5;121m3[0m[38;5;159m, uid: [38;5;121m[3m<f6d0c85>[0m[38;5;159m, morph: [38;5;121m<gs.morphs.MJCF(file='/workspace/parcel-sorter-rocm/third_party/genesis-world/genesis/assets/xml/franka_emika_panda/panda.xml')>[0m[38;5;159m, material: [38;5;121m<gs.materials.Rigid>[0m[38;5;159m.[0m
[38;5;226m[Genesis] [14:43:23] [WARNING] (MJCF) Approximating tendon by joint actuator for `finger_joint1`[0m
[38;5;226m[Genesis] [14:43:23] [WARNING] (MJCF) Approximating tendon by joint actuator for `finger_joint2`[0m
[38;5;159m[Genesis] [14:43:23] [INFO] Adding [38;5;121m<gs.engine.entities.RigidEntity>[0m[38;5;159m. idx: [38;5;121m4[0m[38;5;159m, uid: [38;5;121m[3m<b857676>[0m[38;5;159m, morph: [38;5;121m<gs.morphs.Cylinder>[0m[38;5;159m, material: [38;5;121m<gs.materials.Rigid>[0m[38;5;159m.[0m
[38;5;159m[Genesis] [14:43:23] [INFO] Building scene [38;5;121m[3m<51b458e>[0m[38;5;159m...[0m
[38;5;226m[Genesis] [14:43:23] [WARNING] Neutral robot position (qpos0) exceeds joint limits.[0m
[38;5;226m[Genesis] [14:43:23] [WARNING] Constraint solver time constant should be greater than 2*substep_dt. timeconst is changed from `0.005` to `0.00833333`). Decrease simulation timestep or increase timeconst to avoid altering the original value.[0m
[38;5;226m[Genesis] [14:43:25] [WARNING] Filtered out geometry pairs causing self-collision for the neutral configuration (qpos0): (8, 13), (9, 13), (16, 23), (17, 22), (18, 25), (19, 24). Consider tuning Morph option 'decompose_robot_error_threshold' or specify dedicated collision meshes. This behavior can be disabled by setting Morph option 'enable_neutral_collision=True'.[0m
[38;5;159m[Genesis] [14:43:25] [INFO] Compiling simulation kernels...[0m
[38;5;159m[Genesis] [14:43:26] [INFO] Building visualizer...[0m
{"episode": 8100004, "profile": "upright_canister", "success": true, "stage": "complete", "retries": 0}
[38;5;159m[Genesis] [14:43:32] [INFO] Scene [38;5;121m[3m<17413a4>[0m[38;5;159m created.[0m
[38;5;159m[Genesis] [14:43:32] [INFO] Adding [38;5;121m<gs.engine.entities.RigidEntity>[0m[38;5;159m. idx: [38;5;121m0[0m[38;5;159m, uid: [38;5;121m[3m<3a37e11>[0m[38;5;159m, morph: [38;5;121m<gs.morphs.Plane>[0m[38;5;159m, material: [38;5;121m<gs.materials.Rigid>[0m[38;5;159m.[0m
[38;5;159m[Genesis] [14:43:32] [INFO] Adding [38;5;121m<gs.engine.entities.RigidEntity>[0m[38;5;159m. idx: [38;5;121m1[0m[38;5;159m, uid: [38;5;121m[3m<fd18615>[0m[38;5;159m, morph: [38;5;121m<gs.morphs.Box>[0m[38;5;159m, material: [38;5;121m<gs.materials.Rigid>[0m[38;5;159m.[0m
[38;5;159m[Genesis] [14:43:32] [INFO] Adding [38;5;121m<gs.engine.entities.RigidEntity>[0m[38;5;159m. idx: [38;5;121m2[0m[38;5;159m, uid: [38;5;121m[3m<01c7bb6>[0m[38;5;159m, morph: [38;5;121m<gs.morphs.Box>[0m[38;5;159m, material: [38;5;121m<gs.materials.Rigid>[0m[38;5;159m.[0m
[38;5;159m[Genesis] [14:43:32] [INFO] Adding [38;5;121m<gs.engine.entities.RigidEntity>[0m[38;5;159m. idx: [38;5;121m3[0m[38;5;159m, uid: [38;5;121m[3m<76f29ae>[0m[38;5;159m, morph: [38;5;121m<gs.morphs.MJCF(file='/workspace/parcel-sorter-rocm/third_party/genesis-world/genesis/assets/xml/franka_emika_panda/panda.xml')>[0m[38;5;159m, material: [38;5;121m<gs.materials.Rigid>[0m[38;5;159m.[0m
[38;5;226m[Genesis] [14:43:32] [WARNING] (MJCF) Approximating tendon by joint actuator for `finger_joint1`[0m
[38;5;226m[Genesis] [14:43:32] [WARNING] (MJCF) Approximating tendon by joint actuator for `finger_joint2`[0m
[38;5;159m[Genesis] [14:43:32] [INFO] Adding [38;5;121m<gs.engine.entities.RigidEntity>[0m[38;5;159m. idx: [38;5;121m4[0m[38;5;159m, uid: [38;5;121m[3m<8764bce>[0m[38;5;159m, morph: [38;5;121m<gs.morphs.Cylinder>[0m[38;5;159m, material: [38;5;121m<gs.materials.Rigid>[0m[38;5;159m.[0m
[38;5;159m[Genesis] [14:43:32] [INFO] Building scene [38;5;121m[3m<17413a4>[0m[38;5;159m...[0m
[38;5;226m[Genesis] [14:43:32] [WARNING] Neutral robot position (qpos0) exceeds joint limits.[0m
[38;5;226m[Genesis] [14:43:32] [WARNING] Constraint solver time constant should be greater than 2*substep_dt. timeconst is changed from `0.005` to `0.00833333`). Decrease simulation timestep or increase timeconst to avoid altering the original value.[0m
[38;5;226m[Genesis] [14:43:34] [WARNING] Filtered out geometry pairs causing self-collision for the neutral configuration (qpos0): (8, 13), (9, 13), (16, 23), (17, 22), (18, 25), (19, 24). Consider tuning Morph option 'decompose_robot_error_threshold' or specify dedicated collision meshes. This behavior can be disabled by setting Morph option 'enable_neutral_collision=True'.[0m
[38;5;159m[Genesis] [14:43:35] [INFO] Compiling simulation kernels...[0m
[38;5;159m[Genesis] [14:43:35] [INFO] Building visualizer...[0m
{"episode": 9100000, "profile": "mailing_tube", "success": false, "stage": "approach", "retries": 0}
[38;5;159m[Genesis] [14:43:53] [INFO] Scene [38;5;121m[3m<e50544f>[0m[38;5;159m created.[0m
[38;5;159m[Genesis] [14:43:53] [INFO] Adding [38;5;121m<gs.engine.entities.RigidEntity>[0m[38;5;159m. idx: [38;5;121m0[0m[38;5;159m, uid: [38;5;121m[3m<c493e04>[0m[38;5;159m, morph: [38;5;121m<gs.morphs.Plane>[0m[38;5;159m, material: [38;5;121m<gs.materials.Rigid>[0m[38;5;159m.[0m
[38;5;159m[Genesis] [14:43:53] [INFO] Adding [38;5;121m<gs.engine.entities.RigidEntity>[0m[38;5;159m. idx: [38;5;121m1[0m[38;5;159m, uid: [38;5;121m[3m<686015f>[0m[38;5;159m, morph: [38;5;121m<gs.morphs.Box>[0m[38;5;159m, material: [38;5;121m<gs.materials.Rigid>[0m[38;5;159m.[0m
[38;5;159m[Genesis] [14:43:53] [INFO] Adding [38;5;121m<gs.engine.entities.RigidEntity>[0m[38;5;159m. idx: [38;5;121m2[0m[38;5;159m, uid: [38;5;121m[3m<c113ab1>[0m[38;5;159m, morph: [38;5;121m<gs.morphs.Box>[0m[38;5;159m, material: [38;5;121m<gs.materials.Rigid>[0m[38;5;159m.[0m
[38;5;159m[Genesis] [14:43:53] [INFO] Adding [38;5;121m<gs.engine.entities.RigidEntity>[0m[38;5;159m. idx: [38;5;121m3[0m[38;5;159m, uid: [38;5;121m[3m<60be4a6>[0m[38;5;159m, morph: [38;5;121m<gs.morphs.MJCF(file='/workspace/parcel-sorter-rocm/third_party/genesis-world/genesis/assets/xml/franka_emika_panda/panda.xml')>[0m[38;5;159m, material: [38;5;121m<gs.materials.Rigid>[0m[38;5;159m.[0m
[38;5;226m[Genesis] [14:43:53] [WARNING] (MJCF) Approximating tendon by joint actuator for `finger_joint1`[0m
[38;5;226m[Genesis] [14:43:53] [WARNING] (MJCF) Approximating tendon by joint actuator for `finger_joint2`[0m
[38;5;159m[Genesis] [14:43:53] [INFO] Adding [38;5;121m<gs.engine.entities.RigidEntity>[0m[38;5;159m. idx: [38;5;121m4[0m[38;5;159m, uid: [38;5;121m[3m<5a9aa83>[0m[38;5;159m, morph: [38;5;121m<gs.morphs.Cylinder>[0m[38;5;159m, material: [38;5;121m<gs.materials.Rigid>[0m[38;5;159m.[0m
[38;5;159m[Genesis] [14:43:53] [INFO] Building scene [38;5;121m[3m<e50544f>[0m[38;5;159m...[0m
[38;5;226m[Genesis] [14:43:53] [WARNING] Neutral robot position (qpos0) exceeds joint limits.[0m
[38;5;226m[Genesis] [14:43:53] [WARNING] Constraint solver time constant should be greater than 2*substep_dt. timeconst is changed from `0.005` to `0.00833333`). Decrease simulation timestep or increase timeconst to avoid altering the original value.[0m
[38;5;226m[Genesis] [14:43:55] [WARNING] Filtered out geometry pairs causing self-collision for the neutral configuration (qpos0): (8, 13), (9, 13), (16, 23), (17, 22), (18, 25), (19, 24). Consider tuning Morph option 'decompose_robot_error_threshold' or specify dedicated collision meshes. This behavior can be disabled by setting Morph option 'enable_neutral_collision=True'.[0m
[38;5;159m[Genesis] [14:43:56] [INFO] Compiling simulation kernels...[0m
[38;5;159m[Genesis] [14:43:56] [INFO] Building visualizer...[0m
{"episode": 9100001, "profile": "mailing_tube", "success": false, "stage": "abort", "retries": 2}
[38;5;159m[Genesis] [14:44:12] [INFO] Scene [38;5;121m[3m<fccb743>[0m[38;5;159m created.[0m
[38;5;159m[Genesis] [14:44:12] [INFO] Adding [38;5;121m<gs.engine.entities.RigidEntity>[0m[38;5;159m. idx: [38;5;121m0[0m[38;5;159m, uid: [38;5;121m[3m<13ff06d>[0m[38;5;159m, morph: [38;5;121m<gs.morphs.Plane>[0m[38;5;159m, material: [38;5;121m<gs.materials.Rigid>[0m[38;5;159m.[0m
[38;5;159m[Genesis] [14:44:12] [INFO] Adding [38;5;121m<gs.engine.entities.RigidEntity>[0m[38;5;159m. idx: [38;5;121m1[0m[38;5;159m, uid: [38;5;121m[3m<4cb4d6f>[0m[38;5;159m, morph: [38;5;121m<gs.morphs.Box>[0m[38;5;159m, material: [38;5;121m<gs.materials.Rigid>[0m[38;5;159m.[0m
[38;5;159m[Genesis] [14:44:12] [INFO] Adding [38;5;121m<gs.engine.entities.RigidEntity>[0m[38;5;159m. idx: [38;5;121m2[0m[38;5;159m, uid: [38;5;121m[3m<6551b36>[0m[38;5;159m, morph: [38;5;121m<gs.morphs.Box>[0m[38;5;159m, material: [38;5;121m<gs.materials.Rigid>[0m[38;5;159m.[0m
[38;5;159m[Genesis] [14:44:12] [INFO] Adding [38;5;121m<gs.engine.entities.RigidEntity>[0m[38;5;159m. idx: [38;5;121m3[0m[38;5;159m, uid: [38;5;121m[3m<0ec4218>[0m[38;5;159m, morph: [38;5;121m<gs.morphs.MJCF(file='/workspace/parcel-sorter-rocm/third_party/genesis-world/genesis/assets/xml/franka_emika_panda/panda.xml')>[0m[38;5;159m, material: [38;5;121m<gs.materials.Rigid>[0m[38;5;159m.[0m
[38;5;226m[Genesis] [14:44:12] [WARNING] (MJCF) Approximating tendon by joint actuator for `finger_joint1`[0m
[38;5;226m[Genesis] [14:44:12] [WARNING] (MJCF) Approximating tendon by joint actuator for `finger_joint2`[0m
[38;5;159m[Genesis] [14:44:12] [INFO] Adding [38;5;121m<gs.engine.entities.RigidEntity>[0m[38;5;159m. idx: [38;5;121m4[0m[38;5;159m, uid: [38;5;121m[3m<bb12a7a>[0m[38;5;159m, morph: [38;5;121m<gs.morphs.Cylinder>[0m[38;5;159m, material: [38;5;121m<gs.materials.Rigid>[0m[38;5;159m.[0m
[38;5;159m[Genesis] [14:44:12] [INFO] Building scene [38;5;121m[3m<fccb743>[0m[38;5;159m...[0m
[38;5;226m[Genesis] [14:44:12] [WARNING] Neutral robot position (qpos0) exceeds joint limits.[0m
[38;5;226m[Genesis] [14:44:12] [WARNING] Constraint solver time constant should be greater than 2*substep_dt. timeconst is changed from `0.005` to `0.00833333`). Decrease simulation timestep or increase timeconst to avoid altering the original value.[0m
[38;5;226m[Genesis] [14:44:13] [WARNING] Filtered out geometry pairs causing self-collision for the neutral configuration (qpos0): (8, 13), (9, 13), (16, 23), (17, 22), (18, 25), (19, 24). Consider tuning Morph option 'decompose_robot_error_threshold' or specify dedicated collision meshes. This behavior can be disabled by setting Morph option 'enable_neutral_collision=True'.[0m
[38;5;159m[Genesis] [14:44:14] [INFO] Compiling simulation kernels...[0m
[38;5;159m[Genesis] [14:44:14] [INFO] Building visualizer...[0m
{"episode": 9100002, "profile": "mailing_tube", "success": false, "stage": "release", "retries": 1}
[38;5;159m[Genesis] [14:44:44] [INFO] Scene [38;5;121m[3m<6743ccd>[0m[38;5;159m created.[0m
[38;5;159m[Genesis] [14:44:44] [INFO] Adding [38;5;121m<gs.engine.entities.RigidEntity>[0m[38;5;159m. idx: [38;5;121m0[0m[38;5;159m, uid: [38;5;121m[3m<39bf070>[0m[38;5;159m, morph: [38;5;121m<gs.morphs.Plane>[0m[38;5;159m, material: [38;5;121m<gs.materials.Rigid>[0m[38;5;159m.[0m
[38;5;159m[Genesis] [14:44:44] [INFO] Adding [38;5;121m<gs.engine.entities.RigidEntity>[0m[38;5;159m. idx: [38;5;121m1[0m[38;5;159m, uid: [38;5;121m[3m<af84656>[0m[38;5;159m, morph: [38;5;121m<gs.morphs.Box>[0m[38;5;159m, material: [38;5;121m<gs.materials.Rigid>[0m[38;5;159m.[0m
[38;5;159m[Genesis] [14:44:44] [INFO] Adding [38;5;121m<gs.engine.entities.RigidEntity>[0m[38;5;159m. idx: [38;5;121m2[0m[38;5;159m, uid: [38;5;121m[3m<bb24419>[0m[38;5;159m, morph: [38;5;121m<gs.morphs.Box>[0m[38;5;159m, material: [38;5;121m<gs.materials.Rigid>[0m[38;5;159m.[0m
[38;5;159m[Genesis] [14:44:44] [INFO] Adding [38;5;121m<gs.engine.entities.RigidEntity>[0m[38;5;159m. idx: [38;5;121m3[0m[38;5;159m, uid: [38;5;121m[3m<2854f66>[0m[38;5;159m, morph: [38;5;121m<gs.morphs.MJCF(file='/workspace/parcel-sorter-rocm/third_party/genesis-world/genesis/assets/xml/franka_emika_panda/panda.xml')>[0m[38;5;159m, material: [38;5;121m<gs.materials.Rigid>[0m[38;5;159m.[0m
[38;5;226m[Genesis] [14:44:44] [WARNING] (MJCF) Approximating tendon by joint actuator for `finger_joint1`[0m
[38;5;226m[Genesis] [14:44:44] [WARNING] (MJCF) Approximating tendon by joint actuator for `finger_joint2`[0m
[38;5;159m[Genesis] [14:44:44] [INFO] Adding [38;5;121m<gs.engine.entities.RigidEntity>[0m[38;5;159m. idx: [38;5;121m4[0m[38;5;159m, uid: [38;5;121m[3m<0726e91>[0m[38;5;159m, morph: [38;5;121m<gs.morphs.Cylinder>[0m[38;5;159m, material: [38;5;121m<gs.materials.Rigid>[0m[38;5;159m.[0m
[38;5;159m[Genesis] [14:44:44] [INFO] Building scene [38;5;121m[3m<6743ccd>[0m[38;5;159m...[0m
[38;5;226m[Genesis] [14:44:44] [WARNING] Neutral robot position (qpos0) exceeds joint limits.[0m
[38;5;226m[Genesis] [14:44:44] [WARNING] Constraint solver time constant should be greater than 2*substep_dt. timeconst is changed from `0.005` to `0.00833333`). Decrease simulation timestep or increase timeconst to avoid altering the original value.[0m
[38;5;226m[Genesis] [14:44:45] [WARNING] Filtered out geometry pairs causing self-collision for the neutral configuration (qpos0): (8, 13), (9, 13), (16, 23), (17, 22), (18, 25), (19, 24). Consider tuning Morph option 'decompose_robot_error_threshold' or specify dedicated collision meshes. This behavior can be disabled by setting Morph option 'enable_neutral_collision=True'.[0m
[38;5;159m[Genesis] [14:44:46] [INFO] Compiling simulation kernels...[0m
[38;5;159m[Genesis] [14:44:47] [INFO] Building visualizer...[0m
{"episode": 9100003, "profile": "mailing_tube", "success": false, "stage": "approach", "retries": 0}
[38;5;159m[Genesis] [14:45:04] [INFO] Scene [38;5;121m[3m<ed476df>[0m[38;5;159m created.[0m
[38;5;159m[Genesis] [14:45:04] [INFO] Adding [38;5;121m<gs.engine.entities.RigidEntity>[0m[38;5;159m. idx: [38;5;121m0[0m[38;5;159m, uid: [38;5;121m[3m<dfd2284>[0m[38;5;159m, morph: [38;5;121m<gs.morphs.Plane>[0m[38;5;159m, material: [38;5;121m<gs.materials.Rigid>[0m[38;5;159m.[0m
[38;5;159m[Genesis] [14:45:04] [INFO] Adding [38;5;121m<gs.engine.entities.RigidEntity>[0m[38;5;159m. idx: [38;5;121m1[0m[38;5;159m, uid: [38;5;121m[3m<1d5141a>[0m[38;5;159m, morph: [38;5;121m<gs.morphs.Box>[0m[38;5;159m, material: [38;5;121m<gs.materials.Rigid>[0m[38;5;159m.[0m
[38;5;159m[Genesis] [14:45:04] [INFO] Adding [38;5;121m<gs.engine.entities.RigidEntity>[0m[38;5;159m. idx: [38;5;121m2[0m[38;5;159m, uid: [38;5;121m[3m<ffc2c19>[0m[38;5;159m, morph: [38;5;121m<gs.morphs.Box>[0m[38;5;159m, material: [38;5;121m<gs.materials.Rigid>[0m[38;5;159m.[0m
[38;5;159m[Genesis] [14:45:04] [INFO] Adding [38;5;121m<gs.engine.entities.RigidEntity>[0m[38;5;159m. idx: [38;5;121m3[0m[38;5;159m, uid: [38;5;121m[3m<c2a6d21>[0m[38;5;159m, morph: [38;5;121m<gs.morphs.MJCF(file='/workspace/parcel-sorter-rocm/third_party/genesis-world/genesis/assets/xml/franka_emika_panda/panda.xml')>[0m[38;5;159m, material: [38;5;121m<gs.materials.Rigid>[0m[38;5;159m.[0m
[38;5;226m[Genesis] [14:45:04] [WARNING] (MJCF) Approximating tendon by joint actuator for `finger_joint1`[0m
[38;5;226m[Genesis] [14:45:04] [WARNING] (MJCF) Approximating tendon by joint actuator for `finger_joint2`[0m
[38;5;159m[Genesis] [14:45:04] [INFO] Adding [38;5;121m<gs.engine.entities.RigidEntity>[0m[38;5;159m. idx: [38;5;121m4[0m[38;5;159m, uid: [38;5;121m[3m<08fb16b>[0m[38;5;159m, morph: [38;5;121m<gs.morphs.Cylinder>[0m[38;5;159m, material: [38;5;121m<gs.materials.Rigid>[0m[38;5;159m.[0m
[38;5;159m[Genesis] [14:45:04] [INFO] Building scene [38;5;121m[3m<ed476df>[0m[38;5;159m...[0m
[38;5;226m[Genesis] [14:45:04] [WARNING] Neutral robot position (qpos0) exceeds joint limits.[0m
[38;5;226m[Genesis] [14:45:04] [WARNING] Constraint solver time constant should be greater than 2*substep_dt. timeconst is changed from `0.005` to `0.00833333`). Decrease simulation timestep or increase timeconst to avoid altering the original value.[0m
[38;5;226m[Genesis] [14:45:06] [WARNING] Filtered out geometry pairs causing self-collision for the neutral configuration (qpos0): (8, 13), (9, 13), (16, 23), (17, 22), (18, 25), (19, 24). Consider tuning Morph option 'decompose_robot_error_threshold' or specify dedicated collision meshes. This behavior can be disabled by setting Morph option 'enable_neutral_collision=True'.[0m
[38;5;159m[Genesis] [14:45:06] [INFO] Compiling simulation kernels...[0m
[38;5;159m[Genesis] [14:45:07] [INFO] Building visualizer...[0m
{"episode": 9100004, "profile": "mailing_tube", "success": true, "stage": "complete", "retries": 1}
[38;5;159m[Genesis] [14:45:29] [INFO] Scene [38;5;121m[3m<679f671>[0m[38;5;159m created.[0m
[38;5;159m[Genesis] [14:45:29] [INFO] Adding [38;5;121m<gs.engine.entities.RigidEntity>[0m[38;5;159m. idx: [38;5;121m0[0m[38;5;159m, uid: [38;5;121m[3m<d02b201>[0m[38;5;159m, morph: [38;5;121m<gs.morphs.Plane>[0m[38;5;159m, material: [38;5;121m<gs.materials.Rigid>[0m[38;5;159m.[0m
[38;5;159m[Genesis] [14:45:29] [INFO] Adding [38;5;121m<gs.engine.entities.RigidEntity>[0m[38;5;159m. idx: [38;5;121m1[0m[38;5;159m, uid: [38;5;121m[3m<b684d03>[0m[38;5;159m, morph: [38;5;121m<gs.morphs.Box>[0m[38;5;159m, material: [38;5;121m<gs.materials.Rigid>[0m[38;5;159m.[0m
[38;5;159m[Genesis] [14:45:29] [INFO] Adding [38;5;121m<gs.engine.entities.RigidEntity>[0m[38;5;159m. idx: [38;5;121m2[0m[38;5;159m, uid: [38;5;121m[3m<b4d030a>[0m[38;5;159m, morph: [38;5;121m<gs.morphs.Box>[0m[38;5;159m, material: [38;5;121m<gs.materials.Rigid>[0m[38;5;159m.[0m
[38;5;159m[Genesis] [14:45:29] [INFO] Adding [38;5;121m<gs.engine.entities.RigidEntity>[0m[38;5;159m. idx: [38;5;121m3[0m[38;5;159m, uid: [38;5;121m[3m<6fe2d11>[0m[38;5;159m, morph: [38;5;121m<gs.morphs.MJCF(file='/workspace/parcel-sorter-rocm/third_party/genesis-world/genesis/assets/xml/franka_emika_panda/panda.xml')>[0m[38;5;159m, material: [38;5;121m<gs.materials.Rigid>[0m[38;5;159m.[0m
[38;5;226m[Genesis] [14:45:29] [WARNING] (MJCF) Approximating tendon by joint actuator for `finger_joint1`[0m
[38;5;226m[Genesis] [14:45:29] [WARNING] (MJCF) Approximating tendon by joint actuator for `finger_joint2`[0m
[38;5;159m[Genesis] [14:45:29] [INFO] Adding [38;5;121m<gs.engine.entities.RigidEntity>[0m[38;5;159m. idx: [38;5;121m4[0m[38;5;159m, uid: [38;5;121m[3m<25d6c98>[0m[38;5;159m, morph: [38;5;121m<gs.morphs.Box>[0m[38;5;159m, material: [38;5;121m<gs.materials.Rigid>[0m[38;5;159m.[0m
[38;5;159m[Genesis] [14:45:29] [INFO] Building scene [38;5;121m[3m<679f671>[0m[38;5;159m...[0m
[38;5;226m[Genesis] [14:45:29] [WARNING] Neutral robot position (qpos0) exceeds joint limits.[0m
[38;5;226m[Genesis] [14:45:29] [WARNING] Constraint solver time constant should be greater than 2*substep_dt. timeconst is changed from `0.005` to `0.00833333`). Decrease simulation timestep or increase timeconst to avoid altering the original value.[0m
[38;5;226m[Genesis] [14:45:30] [WARNING] Filtered out geometry pairs causing self-collision for the neutral configuration (qpos0): (8, 13), (9, 13), (16, 23), (17, 22), (18, 25), (19, 24). Consider tuning Morph option 'decompose_robot_error_threshold' or specify dedicated collision meshes. This behavior can be disabled by setting Morph option 'enable_neutral_collision=True'.[0m
[38;5;159m[Genesis] [14:45:31] [INFO] Compiling simulation kernels...[0m
[38;5;159m[Genesis] [14:45:31] [INFO] Building visualizer...[0m
{"episode": 15100000, "profile": "near_limit_box", "success": true, "stage": "complete", "retries": 0}
[38;5;159m[Genesis] [14:45:38] [INFO] Scene [38;5;121m[3m<b2dc9fa>[0m[38;5;159m created.[0m
[38;5;159m[Genesis] [14:45:38] [INFO] Adding [38;5;121m<gs.engine.entities.RigidEntity>[0m[38;5;159m. idx: [38;5;121m0[0m[38;5;159m, uid: [38;5;121m[3m<6da333d>[0m[38;5;159m, morph: [38;5;121m<gs.morphs.Plane>[0m[38;5;159m, material: [38;5;121m<gs.materials.Rigid>[0m[38;5;159m.[0m
[38;5;159m[Genesis] [14:45:38] [INFO] Adding [38;5;121m<gs.engine.entities.RigidEntity>[0m[38;5;159m. idx: [38;5;121m1[0m[38;5;159m, uid: [38;5;121m[3m<a09c47d>[0m[38;5;159m, morph: [38;5;121m<gs.morphs.Box>[0m[38;5;159m, material: [38;5;121m<gs.materials.Rigid>[0m[38;5;159m.[0m
[38;5;159m[Genesis] [14:45:38] [INFO] Adding [38;5;121m<gs.engine.entities.RigidEntity>[0m[38;5;159m. idx: [38;5;121m2[0m[38;5;159m, uid: [38;5;121m[3m<61169d5>[0m[38;5;159m, morph: [38;5;121m<gs.morphs.Box>[0m[38;5;159m, material: [38;5;121m<gs.materials.Rigid>[0m[38;5;159m.[0m
[38;5;159m[Genesis] [14:45:38] [INFO] Adding [38;5;121m<gs.engine.entities.RigidEntity>[0m[38;5;159m. idx: [38;5;121m3[0m[38;5;159m, uid: [38;5;121m[3m<7aeb0c0>[0m[38;5;159m, morph: [38;5;121m<gs.morphs.MJCF(file='/workspace/parcel-sorter-rocm/third_party/genesis-world/genesis/assets/xml/franka_emika_panda/panda.xml')>[0m[38;5;159m, material: [38;5;121m<gs.materials.Rigid>[0m[38;5;159m.[0m
[38;5;226m[Genesis] [14:45:38] [WARNING] (MJCF) Approximating tendon by joint actuator for `finger_joint1`[0m
[38;5;226m[Genesis] [14:45:38] [WARNING] (MJCF) Approximating tendon by joint actuator for `finger_joint2`[0m
[38;5;159m[Genesis] [14:45:38] [INFO] Adding [38;5;121m<gs.engine.entities.RigidEntity>[0m[38;5;159m. idx: [38;5;121m4[0m[38;5;159m, uid: [38;5;121m[3m<d4f397c>[0m[38;5;159m, morph: [38;5;121m<gs.morphs.Box>[0m[38;5;159m, material: [38;5;121m<gs.materials.Rigid>[0m[38;5;159m.[0m
[38;5;159m[Genesis] [14:45:38] [INFO] Building scene [38;5;121m[3m<b2dc9fa>[0m[38;5;159m...[0m
[38;5;226m[Genesis] [14:45:38] [WARNING] Neutral robot position (qpos0) exceeds joint limits.[0m
[38;5;226m[Genesis] [14:45:38] [WARNING] Constraint solver time constant should be greater than 2*substep_dt. timeconst is changed from `0.005` to `0.00833333`). Decrease simulation timestep or increase timeconst to avoid altering the original value.[0m
[38;5;226m[Genesis] [14:45:40] [WARNING] Filtered out geometry pairs causing self-collision for the neutral configuration (qpos0): (8, 13), (9, 13), (16, 23), (17, 22), (18, 25), (19, 24). Consider tuning Morph option 'decompose_robot_error_threshold' or specify dedicated collision meshes. This behavior can be disabled by setting Morph option 'enable_neutral_collision=True'.[0m
[38;5;159m[Genesis] [14:45:41] [INFO] Compiling simulation kernels...[0m
[38;5;159m[Genesis] [14:45:41] [INFO] Building visualizer...[0m
{"episode": 15100001, "profile": "near_limit_box", "success": false, "stage": "abort", "retries": 0}
[38;5;159m[Genesis] [14:45:44] [INFO] Scene [38;5;121m[3m<34de64d>[0m[38;5;159m created.[0m
[38;5;159m[Genesis] [14:45:44] [INFO] Adding [38;5;121m<gs.engine.entities.RigidEntity>[0m[38;5;159m. idx: [38;5;121m0[0m[38;5;159m, uid: [38;5;121m[3m<b61413d>[0m[38;5;159m, morph: [38;5;121m<gs.morphs.Plane>[0m[38;5;159m, material: [38;5;121m<gs.materials.Rigid>[0m[38;5;159m.[0m
[38;5;159m[Genesis] [14:45:44] [INFO] Adding [38;5;121m<gs.engine.entities.RigidEntity>[0m[38;5;159m. idx: [38;5;121m1[0m[38;5;159m, uid: [38;5;121m[3m<3d12a16>[0m[38;5;159m, morph: [38;5;121m<gs.morphs.Box>[0m[38;5;159m, material: [38;5;121m<gs.materials.Rigid>[0m[38;5;159m.[0m
[38;5;159m[Genesis] [14:45:44] [INFO] Adding [38;5;121m<gs.engine.entities.RigidEntity>[0m[38;5;159m. idx: [38;5;121m2[0m[38;5;159m, uid: [38;5;121m[3m<2b10d5e>[0m[38;5;159m, morph: [38;5;121m<gs.morphs.Box>[0m[38;5;159m, material: [38;5;121m<gs.materials.Rigid>[0m[38;5;159m.[0m
[38;5;159m[Genesis] [14:45:44] [INFO] Adding [38;5;121m<gs.engine.entities.RigidEntity>[0m[38;5;159m. idx: [38;5;121m3[0m[38;5;159m, uid: [38;5;121m[3m<15944a9>[0m[38;5;159m, morph: [38;5;121m<gs.morphs.MJCF(file='/workspace/parcel-sorter-rocm/third_party/genesis-world/genesis/assets/xml/franka_emika_panda/panda.xml')>[0m[38;5;159m, material: [38;5;121m<gs.materials.Rigid>[0m[38;5;159m.[0m
[38;5;226m[Genesis] [14:45:45] [WARNING] (MJCF) Approximating tendon by joint actuator for `finger_joint1`[0m
[38;5;226m[Genesis] [14:45:45] [WARNING] (MJCF) Approximating tendon by joint actuator for `finger_joint2`[0m
[38;5;159m[Genesis] [14:45:45] [INFO] Adding [38;5;121m<gs.engine.entities.RigidEntity>[0m[38;5;159m. idx: [38;5;121m4[0m[38;5;159m, uid: [38;5;121m[3m<d2f4dc0>[0m[38;5;159m, morph: [38;5;121m<gs.morphs.Box>[0m[38;5;159m, material: [38;5;121m<gs.materials.Rigid>[0m[38;5;159m.[0m
[38;5;159m[Genesis] [14:45:45] [INFO] Building scene [38;5;121m[3m<34de64d>[0m[38;5;159m...[0m
[38;5;226m[Genesis] [14:45:45] [WARNING] Neutral robot position (qpos0) exceeds joint limits.[0m
[38;5;226m[Genesis] [14:45:45] [WARNING] Constraint solver time constant should be greater than 2*substep_dt. timeconst is changed from `0.005` to `0.00833333`). Decrease simulation timestep or increase timeconst to avoid altering the original value.[0m
[38;5;226m[Genesis] [14:45:47] [WARNING] Filtered out geometry pairs causing self-collision for the neutral configuration (qpos0): (8, 13), (9, 13), (16, 23), (17, 22), (18, 25), (19, 24). Consider tuning Morph option 'decompose_robot_error_threshold' or specify dedicated collision meshes. This behavior can be disabled by setting Morph option 'enable_neutral_collision=True'.[0m
[38;5;159m[Genesis] [14:45:47] [INFO] Compiling simulation kernels...[0m
[38;5;159m[Genesis] [14:45:48] [INFO] Building visualizer...[0m
{"episode": 15100002, "profile": "near_limit_box", "success": false, "stage": "abort", "retries": 0}
[38;5;159m[Genesis] [14:45:51] [INFO] Scene [38;5;121m[3m<dc3ea2a>[0m[38;5;159m created.[0m
[38;5;159m[Genesis] [14:45:51] [INFO] Adding [38;5;121m<gs.engine.entities.RigidEntity>[0m[38;5;159m. idx: [38;5;121m0[0m[38;5;159m, uid: [38;5;121m[3m<b5d4cfb>[0m[38;5;159m, morph: [38;5;121m<gs.morphs.Plane>[0m[38;5;159m, material: [38;5;121m<gs.materials.Rigid>[0m[38;5;159m.[0m
[38;5;159m[Genesis] [14:45:51] [INFO] Adding [38;5;121m<gs.engine.entities.RigidEntity>[0m[38;5;159m. idx: [38;5;121m1[0m[38;5;159m, uid: [38;5;121m[3m<783784b>[0m[38;5;159m, morph: [38;5;121m<gs.morphs.Box>[0m[38;5;159m, material: [38;5;121m<gs.materials.Rigid>[0m[38;5;159m.[0m
[38;5;159m[Genesis] [14:45:51] [INFO] Adding [38;5;121m<gs.engine.entities.RigidEntity>[0m[38;5;159m. idx: [38;5;121m2[0m[38;5;159m, uid: [38;5;121m[3m<fa285d9>[0m[38;5;159m, morph: [38;5;121m<gs.morphs.Box>[0m[38;5;159m, material: [38;5;121m<gs.materials.Rigid>[0m[38;5;159m.[0m
[38;5;159m[Genesis] [14:45:51] [INFO] Adding [38;5;121m<gs.engine.entities.RigidEntity>[0m[38;5;159m. idx: [38;5;121m3[0m[38;5;159m, uid: [38;5;121m[3m<84a8e42>[0m[38;5;159m, morph: [38;5;121m<gs.morphs.MJCF(file='/workspace/parcel-sorter-rocm/third_party/genesis-world/genesis/assets/xml/franka_emika_panda/panda.xml')>[0m[38;5;159m, material: [38;5;121m<gs.materials.Rigid>[0m[38;5;159m.[0m
[38;5;226m[Genesis] [14:45:51] [WARNING] (MJCF) Approximating tendon by joint actuator for `finger_joint1`[0m
[38;5;226m[Genesis] [14:45:51] [WARNING] (MJCF) Approximating tendon by joint actuator for `finger_joint2`[0m
[38;5;159m[Genesis] [14:45:51] [INFO] Adding [38;5;121m<gs.engine.entities.RigidEntity>[0m[38;5;159m. idx: [38;5;121m4[0m[38;5;159m, uid: [38;5;121m[3m<67a25f1>[0m[38;5;159m, morph: [38;5;121m<gs.morphs.Box>[0m[38;5;159m, material: [38;5;121m<gs.materials.Rigid>[0m[38;5;159m.[0m
[38;5;159m[Genesis] [14:45:51] [INFO] Building scene [38;5;121m[3m<dc3ea2a>[0m[38;5;159m...[0m
[38;5;226m[Genesis] [14:45:51] [WARNING] Neutral robot position (qpos0) exceeds joint limits.[0m
[38;5;226m[Genesis] [14:45:52] [WARNING] Constraint solver time constant should be greater than 2*substep_dt. timeconst is changed from `0.005` to `0.00833333`). Decrease simulation timestep or increase timeconst to avoid altering the original value.[0m
[38;5;226m[Genesis] [14:45:53] [WARNING] Filtered out geometry pairs causing self-collision for the neutral configuration (qpos0): (8, 13), (9, 13), (16, 23), (17, 22), (18, 25), (19, 24). Consider tuning Morph option 'decompose_robot_error_threshold' or specify dedicated collision meshes. This behavior can be disabled by setting Morph option 'enable_neutral_collision=True'.[0m
[38;5;159m[Genesis] [14:45:54] [INFO] Compiling simulation kernels...[0m
[38;5;159m[Genesis] [14:45:54] [INFO] Building visualizer...[0m
{"episode": 15100003, "profile": "near_limit_box", "success": false, "stage": "abort", "retries": 0}
[38;5;159m[Genesis] [14:45:57] [INFO] Scene [38;5;121m[3m<f71d2f9>[0m[38;5;159m created.[0m
[38;5;159m[Genesis] [14:45:57] [INFO] Adding [38;5;121m<gs.engine.entities.RigidEntity>[0m[38;5;159m. idx: [38;5;121m0[0m[38;5;159m, uid: [38;5;121m[3m<5b3fe3a>[0m[38;5;159m, morph: [38;5;121m<gs.morphs.Plane>[0m[38;5;159m, material: [38;5;121m<gs.materials.Rigid>[0m[38;5;159m.[0m
[38;5;159m[Genesis] [14:45:57] [INFO] Adding [38;5;121m<gs.engine.entities.RigidEntity>[0m[38;5;159m. idx: [38;5;121m1[0m[38;5;159m, uid: [38;5;121m[3m<b2a8e74>[0m[38;5;159m, morph: [38;5;121m<gs.morphs.Box>[0m[38;5;159m, material: [38;5;121m<gs.materials.Rigid>[0m[38;5;159m.[0m
[38;5;159m[Genesis] [14:45:57] [INFO] Adding [38;5;121m<gs.engine.entities.RigidEntity>[0m[38;5;159m. idx: [38;5;121m2[0m[38;5;159m, uid: [38;5;121m[3m<3d5863a>[0m[38;5;159m, morph: [38;5;121m<gs.morphs.Box>[0m[38;5;159m, material: [38;5;121m<gs.materials.Rigid>[0m[38;5;159m.[0m
[38;5;159m[Genesis] [14:45:57] [INFO] Adding [38;5;121m<gs.engine.entities.RigidEntity>[0m[38;5;159m. idx: [38;5;121m3[0m[38;5;159m, uid: [38;5;121m[3m<27dfc4e>[0m[38;5;159m, morph: [38;5;121m<gs.morphs.MJCF(file='/workspace/parcel-sorter-rocm/third_party/genesis-world/genesis/assets/xml/franka_emika_panda/panda.xml')>[0m[38;5;159m, material: [38;5;121m<gs.materials.Rigid>[0m[38;5;159m.[0m
[38;5;226m[Genesis] [14:45:57] [WARNING] (MJCF) Approximating tendon by joint actuator for `finger_joint1`[0m
[38;5;226m[Genesis] [14:45:57] [WARNING] (MJCF) Approximating tendon by joint actuator for `finger_joint2`[0m
[38;5;159m[Genesis] [14:45:57] [INFO] Adding [38;5;121m<gs.engine.entities.RigidEntity>[0m[38;5;159m. idx: [38;5;121m4[0m[38;5;159m, uid: [38;5;121m[3m<a0872a1>[0m[38;5;159m, morph: [38;5;121m<gs.morphs.Box>[0m[38;5;159m, material: [38;5;121m<gs.materials.Rigid>[0m[38;5;159m.[0m
[38;5;159m[Genesis] [14:45:57] [INFO] Building scene [38;5;121m[3m<f71d2f9>[0m[38;5;159m...[0m
[38;5;226m[Genesis] [14:45:58] [WARNING] Neutral robot position (qpos0) exceeds joint limits.[0m
[38;5;226m[Genesis] [14:45:58] [WARNING] Constraint solver time constant should be greater than 2*substep_dt. timeconst is changed from `0.005` to `0.00833333`). Decrease simulation timestep or increase timeconst to avoid altering the original value.[0m
[38;5;226m[Genesis] [14:45:59] [WARNING] Filtered out geometry pairs causing self-collision for the neutral configuration (qpos0): (8, 13), (9, 13), (16, 23), (17, 22), (18, 25), (19, 24). Consider tuning Morph option 'decompose_robot_error_threshold' or specify dedicated collision meshes. This behavior can be disabled by setting Morph option 'enable_neutral_collision=True'.[0m
[38;5;159m[Genesis] [14:46:00] [INFO] Compiling simulation kernels...[0m
[38;5;159m[Genesis] [14:46:00] [INFO] Building visualizer...[0m
[W 07/25/26 14:46:03.276 1320958] QuadrantsWarning
While compiling `_kernel_forward_kinematics_c68_8`, File "/workspace/parcel-sorter-rocm/third_party/genesis-world/genesis/engine/entities/rigid_entity/rigid_entity.py", line 3388, in _kernel_forward_kinematics:
            rigid_info.qpos[qs_idx[i_q_], envs_idx[i_b_]] = qpos[i_b_, i_q_]
            ^^^^^^^^^^^^^^^^^^^^^^^^^^^^^^^^^^^^^^^^^^^^^^^^^^^^^^^^^^^^^^^^
Assign may lose precision: f32 <- f64
{"episode": 15100004, "profile": "near_limit_box", "success": false, "stage": "abort", "retries": 1}
[38;5;159m[Genesis] [14:46:14] [INFO] Scene [38;5;121m[3m<73c5259>[0m[38;5;159m created.[0m
[38;5;159m[Genesis] [14:46:14] [INFO] Adding [38;5;121m<gs.engine.entities.RigidEntity>[0m[38;5;159m. idx: [38;5;121m0[0m[38;5;159m, uid: [38;5;121m[3m<de481d2>[0m[38;5;159m, morph: [38;5;121m<gs.morphs.Plane>[0m[38;5;159m, material: [38;5;121m<gs.materials.Rigid>[0m[38;5;159m.[0m
[38;5;159m[Genesis] [14:46:14] [INFO] Adding [38;5;121m<gs.engine.entities.RigidEntity>[0m[38;5;159m. idx: [38;5;121m1[0m[38;5;159m, uid: [38;5;121m[3m<6e901f9>[0m[38;5;159m, morph: [38;5;121m<gs.morphs.Box>[0m[38;5;159m, material: [38;5;121m<gs.materials.Rigid>[0m[38;5;159m.[0m
[38;5;159m[Genesis] [14:46:14] [INFO] Adding [38;5;121m<gs.engine.entities.RigidEntity>[0m[38;5;159m. idx: [38;5;121m2[0m[38;5;159m, uid: [38;5;121m[3m<df79826>[0m[38;5;159m, morph: [38;5;121m<gs.morphs.Box>[0m[38;5;159m, material: [38;5;121m<gs.materials.Rigid>[0m[38;5;159m.[0m
[38;5;159m[Genesis] [14:46:14] [INFO] Adding [38;5;121m<gs.engine.entities.RigidEntity>[0m[38;5;159m. idx: [38;5;121m3[0m[38;5;159m, uid: [38;5;121m[3m<06e56c7>[0m[38;5;159m, morph: [38;5;121m<gs.morphs.MJCF(file='/workspace/parcel-sorter-rocm/third_party/genesis-world/genesis/assets/xml/franka_emika_panda/panda.xml')>[0m[38;5;159m, material: [38;5;121m<gs.materials.Rigid>[0m[38;5;159m.[0m
[38;5;226m[Genesis] [14:46:14] [WARNING] (MJCF) Approximating tendon by joint actuator for `finger_joint1`[0m
[38;5;226m[Genesis] [14:46:14] [WARNING] (MJCF) Approximating tendon by joint actuator for `finger_joint2`[0m
[38;5;159m[Genesis] [14:46:15] [INFO] Adding [38;5;121m<gs.engine.entities.RigidEntity>[0m[38;5;159m. idx: [38;5;121m4[0m[38;5;159m, uid: [38;5;121m[3m<ba3d05d>[0m[38;5;159m, morph: [38;5;121m<gs.morphs.Box>[0m[38;5;159m, material: [38;5;121m<gs.materials.Rigid>[0m[38;5;159m.[0m
[38;5;159m[Genesis] [14:46:15] [INFO] Building scene [38;5;121m[3m<73c5259>[0m[38;5;159m...[0m
[38;5;226m[Genesis] [14:46:15] [WARNING] Neutral robot position (qpos0) exceeds joint limits.[0m
[38;5;226m[Genesis] [14:46:15] [WARNING] Constraint solver time constant should be greater than 2*substep_dt. timeconst is changed from `0.005` to `0.00833333`). Decrease simulation timestep or increase timeconst to avoid altering the original value.[0m
[38;5;226m[Genesis] [14:46:16] [WARNING] Filtered out geometry pairs causing self-collision for the neutral configuration (qpos0): (8, 13), (9, 13), (16, 23), (17, 22), (18, 25), (19, 24). Consider tuning Morph option 'decompose_robot_error_threshold' or specify dedicated collision meshes. This behavior can be disabled by setting Morph option 'enable_neutral_collision=True'.[0m
[38;5;159m[Genesis] [14:46:17] [INFO] Compiling simulation kernels...[0m
[38;5;159m[Genesis] [14:46:17] [INFO] Building visualizer...[0m
{"episode": 16100000, "profile": "electronics_box", "success": true, "stage": "complete", "retries": 0}
[38;5;159m[Genesis] [14:46:26] [INFO] Scene [38;5;121m[3m<63bf7b5>[0m[38;5;159m created.[0m
[38;5;159m[Genesis] [14:46:26] [INFO] Adding [38;5;121m<gs.engine.entities.RigidEntity>[0m[38;5;159m. idx: [38;5;121m0[0m[38;5;159m, uid: [38;5;121m[3m<35407df>[0m[38;5;159m, morph: [38;5;121m<gs.morphs.Plane>[0m[38;5;159m, material: [38;5;121m<gs.materials.Rigid>[0m[38;5;159m.[0m
[38;5;159m[Genesis] [14:46:26] [INFO] Adding [38;5;121m<gs.engine.entities.RigidEntity>[0m[38;5;159m. idx: [38;5;121m1[0m[38;5;159m, uid: [38;5;121m[3m<51a9db7>[0m[38;5;159m, morph: [38;5;121m<gs.morphs.Box>[0m[38;5;159m, material: [38;5;121m<gs.materials.Rigid>[0m[38;5;159m.[0m
[38;5;159m[Genesis] [14:46:26] [INFO] Adding [38;5;121m<gs.engine.entities.RigidEntity>[0m[38;5;159m. idx: [38;5;121m2[0m[38;5;159m, uid: [38;5;121m[3m<1e1e880>[0m[38;5;159m, morph: [38;5;121m<gs.morphs.Box>[0m[38;5;159m, material: [38;5;121m<gs.materials.Rigid>[0m[38;5;159m.[0m
[38;5;159m[Genesis] [14:46:26] [INFO] Adding [38;5;121m<gs.engine.entities.RigidEntity>[0m[38;5;159m. idx: [38;5;121m3[0m[38;5;159m, uid: [38;5;121m[3m<736686b>[0m[38;5;159m, morph: [38;5;121m<gs.morphs.MJCF(file='/workspace/parcel-sorter-rocm/third_party/genesis-world/genesis/assets/xml/franka_emika_panda/panda.xml')>[0m[38;5;159m, material: [38;5;121m<gs.materials.Rigid>[0m[38;5;159m.[0m
[38;5;226m[Genesis] [14:46:26] [WARNING] (MJCF) Approximating tendon by joint actuator for `finger_joint1`[0m
[38;5;226m[Genesis] [14:46:26] [WARNING] (MJCF) Approximating tendon by joint actuator for `finger_joint2`[0m
[38;5;159m[Genesis] [14:46:26] [INFO] Adding [38;5;121m<gs.engine.entities.RigidEntity>[0m[38;5;159m. idx: [38;5;121m4[0m[38;5;159m, uid: [38;5;121m[3m<15f19ac>[0m[38;5;159m, morph: [38;5;121m<gs.morphs.Box>[0m[38;5;159m, material: [38;5;121m<gs.materials.Rigid>[0m[38;5;159m.[0m
[38;5;159m[Genesis] [14:46:26] [INFO] Building scene [38;5;121m[3m<63bf7b5>[0m[38;5;159m...[0m
[38;5;226m[Genesis] [14:46:26] [WARNING] Neutral robot position (qpos0) exceeds joint limits.[0m
[38;5;226m[Genesis] [14:46:26] [WARNING] Constraint solver time constant should be greater than 2*substep_dt. timeconst is changed from `0.005` to `0.00833333`). Decrease simulation timestep or increase timeconst to avoid altering the original value.[0m
[38;5;226m[Genesis] [14:46:28] [WARNING] Filtered out geometry pairs causing self-collision for the neutral configuration (qpos0): (8, 13), (9, 13), (16, 23), (17, 22), (18, 25), (19, 24). Consider tuning Morph option 'decompose_robot_error_threshold' or specify dedicated collision meshes. This behavior can be disabled by setting Morph option 'enable_neutral_collision=True'.[0m
[38;5;159m[Genesis] [14:46:29] [INFO] Compiling simulation kernels...[0m
[38;5;159m[Genesis] [14:46:29] [INFO] Building visualizer...[0m
{"episode": 16100001, "profile": "electronics_box", "success": true, "stage": "complete", "retries": 0}
[38;5;159m[Genesis] [14:46:36] [INFO] Scene [38;5;121m[3m<247cfac>[0m[38;5;159m created.[0m
[38;5;159m[Genesis] [14:46:36] [INFO] Adding [38;5;121m<gs.engine.entities.RigidEntity>[0m[38;5;159m. idx: [38;5;121m0[0m[38;5;159m, uid: [38;5;121m[3m<24c76c1>[0m[38;5;159m, morph: [38;5;121m<gs.morphs.Plane>[0m[38;5;159m, material: [38;5;121m<gs.materials.Rigid>[0m[38;5;159m.[0m
[38;5;159m[Genesis] [14:46:36] [INFO] Adding [38;5;121m<gs.engine.entities.RigidEntity>[0m[38;5;159m. idx: [38;5;121m1[0m[38;5;159m, uid: [38;5;121m[3m<b496e9f>[0m[38;5;159m, morph: [38;5;121m<gs.morphs.Box>[0m[38;5;159m, material: [38;5;121m<gs.materials.Rigid>[0m[38;5;159m.[0m
[38;5;159m[Genesis] [14:46:36] [INFO] Adding [38;5;121m<gs.engine.entities.RigidEntity>[0m[38;5;159m. idx: [38;5;121m2[0m[38;5;159m, uid: [38;5;121m[3m<89f8004>[0m[38;5;159m, morph: [38;5;121m<gs.morphs.Box>[0m[38;5;159m, material: [38;5;121m<gs.materials.Rigid>[0m[38;5;159m.[0m
[38;5;159m[Genesis] [14:46:36] [INFO] Adding [38;5;121m<gs.engine.entities.RigidEntity>[0m[38;5;159m. idx: [38;5;121m3[0m[38;5;159m, uid: [38;5;121m[3m<cc9f4ff>[0m[38;5;159m, morph: [38;5;121m<gs.morphs.MJCF(file='/workspace/parcel-sorter-rocm/third_party/genesis-world/genesis/assets/xml/franka_emika_panda/panda.xml')>[0m[38;5;159m, material: [38;5;121m<gs.materials.Rigid>[0m[38;5;159m.[0m
[38;5;226m[Genesis] [14:46:36] [WARNING] (MJCF) Approximating tendon by joint actuator for `finger_joint1`[0m
[38;5;226m[Genesis] [14:46:36] [WARNING] (MJCF) Approximating tendon by joint actuator for `finger_joint2`[0m
[38;5;159m[Genesis] [14:46:36] [INFO] Adding [38;5;121m<gs.engine.entities.RigidEntity>[0m[38;5;159m. idx: [38;5;121m4[0m[38;5;159m, uid: [38;5;121m[3m<3b7f00a>[0m[38;5;159m, morph: [38;5;121m<gs.morphs.Box>[0m[38;5;159m, material: [38;5;121m<gs.materials.Rigid>[0m[38;5;159m.[0m
[38;5;159m[Genesis] [14:46:36] [INFO] Building scene [38;5;121m[3m<247cfac>[0m[38;5;159m...[0m
[38;5;226m[Genesis] [14:46:37] [WARNING] Neutral robot position (qpos0) exceeds joint limits.[0m
[38;5;226m[Genesis] [14:46:37] [WARNING] Constraint solver time constant should be greater than 2*substep_dt. timeconst is changed from `0.005` to `0.00833333`). Decrease simulation timestep or increase timeconst to avoid altering the original value.[0m
[38;5;226m[Genesis] [14:46:38] [WARNING] Filtered out geometry pairs causing self-collision for the neutral configuration (qpos0): (8, 13), (9, 13), (16, 23), (17, 22), (18, 25), (19, 24). Consider tuning Morph option 'decompose_robot_error_threshold' or specify dedicated collision meshes. This behavior can be disabled by setting Morph option 'enable_neutral_collision=True'.[0m
[38;5;159m[Genesis] [14:46:39] [INFO] Compiling simulation kernels...[0m
[38;5;159m[Genesis] [14:46:39] [INFO] Building visualizer...[0m
{"episode": 16100002, "profile": "electronics_box", "success": false, "stage": "abort", "retries": 1}
[38;5;159m[Genesis] [14:46:53] [INFO] Scene [38;5;121m[3m<ab7f141>[0m[38;5;159m created.[0m
[38;5;159m[Genesis] [14:46:53] [INFO] Adding [38;5;121m<gs.engine.entities.RigidEntity>[0m[38;5;159m. idx: [38;5;121m0[0m[38;5;159m, uid: [38;5;121m[3m<1043230>[0m[38;5;159m, morph: [38;5;121m<gs.morphs.Plane>[0m[38;5;159m, material: [38;5;121m<gs.materials.Rigid>[0m[38;5;159m.[0m
[38;5;159m[Genesis] [14:46:53] [INFO] Adding [38;5;121m<gs.engine.entities.RigidEntity>[0m[38;5;159m. idx: [38;5;121m1[0m[38;5;159m, uid: [38;5;121m[3m<e1c092d>[0m[38;5;159m, morph: [38;5;121m<gs.morphs.Box>[0m[38;5;159m, material: [38;5;121m<gs.materials.Rigid>[0m[38;5;159m.[0m
[38;5;159m[Genesis] [14:46:53] [INFO] Adding [38;5;121m<gs.engine.entities.RigidEntity>[0m[38;5;159m. idx: [38;5;121m2[0m[38;5;159m, uid: [38;5;121m[3m<2f16085>[0m[38;5;159m, morph: [38;5;121m<gs.morphs.Box>[0m[38;5;159m, material: [38;5;121m<gs.materials.Rigid>[0m[38;5;159m.[0m
[38;5;159m[Genesis] [14:46:53] [INFO] Adding [38;5;121m<gs.engine.entities.RigidEntity>[0m[38;5;159m. idx: [38;5;121m3[0m[38;5;159m, uid: [38;5;121m[3m<0347127>[0m[38;5;159m, morph: [38;5;121m<gs.morphs.MJCF(file='/workspace/parcel-sorter-rocm/third_party/genesis-world/genesis/assets/xml/franka_emika_panda/panda.xml')>[0m[38;5;159m, material: [38;5;121m<gs.materials.Rigid>[0m[38;5;159m.[0m
[38;5;226m[Genesis] [14:46:53] [WARNING] (MJCF) Approximating tendon by joint actuator for `finger_joint1`[0m
[38;5;226m[Genesis] [14:46:53] [WARNING] (MJCF) Approximating tendon by joint actuator for `finger_joint2`[0m
[38;5;159m[Genesis] [14:46:53] [INFO] Adding [38;5;121m<gs.engine.entities.RigidEntity>[0m[38;5;159m. idx: [38;5;121m4[0m[38;5;159m, uid: [38;5;121m[3m<76222b6>[0m[38;5;159m, morph: [38;5;121m<gs.morphs.Box>[0m[38;5;159m, material: [38;5;121m<gs.materials.Rigid>[0m[38;5;159m.[0m
[38;5;159m[Genesis] [14:46:53] [INFO] Building scene [38;5;121m[3m<ab7f141>[0m[38;5;159m...[0m
[38;5;226m[Genesis] [14:46:54] [WARNING] Neutral robot position (qpos0) exceeds joint limits.[0m
[38;5;226m[Genesis] [14:46:54] [WARNING] Constraint solver time constant should be greater than 2*substep_dt. timeconst is changed from `0.005` to `0.00833333`). Decrease simulation timestep or increase timeconst to avoid altering the original value.[0m
[38;5;226m[Genesis] [14:46:55] [WARNING] Filtered out geometry pairs causing self-collision for the neutral configuration (qpos0): (8, 13), (9, 13), (16, 23), (17, 22), (18, 25), (19, 24). Consider tuning Morph option 'decompose_robot_error_threshold' or specify dedicated collision meshes. This behavior can be disabled by setting Morph option 'enable_neutral_collision=True'.[0m
[38;5;159m[Genesis] [14:46:56] [INFO] Compiling simulation kernels...[0m
[38;5;159m[Genesis] [14:46:56] [INFO] Building visualizer...[0m
{"episode": 16100003, "profile": "electronics_box", "success": false, "stage": "abort", "retries": 2}
[38;5;159m[Genesis] [14:47:02] [INFO] Scene [38;5;121m[3m<b2b6223>[0m[38;5;159m created.[0m
[38;5;159m[Genesis] [14:47:02] [INFO] Adding [38;5;121m<gs.engine.entities.RigidEntity>[0m[38;5;159m. idx: [38;5;121m0[0m[38;5;159m, uid: [38;5;121m[3m<3933e03>[0m[38;5;159m, morph: [38;5;121m<gs.morphs.Plane>[0m[38;5;159m, material: [38;5;121m<gs.materials.Rigid>[0m[38;5;159m.[0m
[38;5;159m[Genesis] [14:47:02] [INFO] Adding [38;5;121m<gs.engine.entities.RigidEntity>[0m[38;5;159m. idx: [38;5;121m1[0m[38;5;159m, uid: [38;5;121m[3m<9405688>[0m[38;5;159m, morph: [38;5;121m<gs.morphs.Box>[0m[38;5;159m, material: [38;5;121m<gs.materials.Rigid>[0m[38;5;159m.[0m
[38;5;159m[Genesis] [14:47:02] [INFO] Adding [38;5;121m<gs.engine.entities.RigidEntity>[0m[38;5;159m. idx: [38;5;121m2[0m[38;5;159m, uid: [38;5;121m[3m<ca09997>[0m[38;5;159m, morph: [38;5;121m<gs.morphs.Box>[0m[38;5;159m, material: [38;5;121m<gs.materials.Rigid>[0m[38;5;159m.[0m
[38;5;159m[Genesis] [14:47:02] [INFO] Adding [38;5;121m<gs.engine.entities.RigidEntity>[0m[38;5;159m. idx: [38;5;121m3[0m[38;5;159m, uid: [38;5;121m[3m<1c1743d>[0m[38;5;159m, morph: [38;5;121m<gs.morphs.MJCF(file='/workspace/parcel-sorter-rocm/third_party/genesis-world/genesis/assets/xml/franka_emika_panda/panda.xml')>[0m[38;5;159m, material: [38;5;121m<gs.materials.Rigid>[0m[38;5;159m.[0m
[38;5;226m[Genesis] [14:47:03] [WARNING] (MJCF) Approximating tendon by joint actuator for `finger_joint1`[0m
[38;5;226m[Genesis] [14:47:03] [WARNING] (MJCF) Approximating tendon by joint actuator for `finger_joint2`[0m
[38;5;159m[Genesis] [14:47:03] [INFO] Adding [38;5;121m<gs.engine.entities.RigidEntity>[0m[38;5;159m. idx: [38;5;121m4[0m[38;5;159m, uid: [38;5;121m[3m<b4d14d6>[0m[38;5;159m, morph: [38;5;121m<gs.morphs.Box>[0m[38;5;159m, material: [38;5;121m<gs.materials.Rigid>[0m[38;5;159m.[0m
[38;5;159m[Genesis] [14:47:03] [INFO] Building scene [38;5;121m[3m<b2b6223>[0m[38;5;159m...[0m
[38;5;226m[Genesis] [14:47:03] [WARNING] Neutral robot position (qpos0) exceeds joint limits.[0m
[38;5;226m[Genesis] [14:47:03] [WARNING] Constraint solver time constant should be greater than 2*substep_dt. timeconst is changed from `0.005` to `0.00833333`). Decrease simulation timestep or increase timeconst to avoid altering the original value.[0m
[38;5;226m[Genesis] [14:47:04] [WARNING] Filtered out geometry pairs causing self-collision for the neutral configuration (qpos0): (8, 13), (9, 13), (16, 23), (17, 22), (18, 25), (19, 24). Consider tuning Morph option 'decompose_robot_error_threshold' or specify dedicated collision meshes. This behavior can be disabled by setting Morph option 'enable_neutral_collision=True'.[0m
[38;5;159m[Genesis] [14:47:05] [INFO] Compiling simulation kernels...[0m
[38;5;159m[Genesis] [14:47:05] [INFO] Building visualizer...[0m
{"episode": 16100004, "profile": "electronics_box", "success": false, "stage": "abort", "retries": 0}
{
  "episodes": 60,
  "successes": 38,
  "success_rate": 0.6333333333333333,
  "success_rate_ci95_low": 0.5068300063010303,
  "success_rate_ci95_high": 0.7437908331277456,
  "first_attempt_successes": 33,
  "first_attempt_success_rate": 0.55,
  "first_attempt_success_rate_ci95_low": 0.4249193588533434,
  "first_attempt_success_rate_ci95_high": 0.6690634559324476,
  "retry_episodes": 14,
  "recovered_episodes": 5,
  "recovery_success_rate": 0.35714285714285715,
  "recovery_success_rate_ci95_low": 0.1634473175355414,
  "recovery_success_rate_ci95_high": 0.612355768960926,
  "dropped_episodes": 0,
  "drop_rate": 0.0,
  "drop_rate_ci95_low": 0.0,
  "drop_rate_ci95_high": 0.06017185214208986,
  "mean_duration_seconds": 6.502777777777778,
  "successful_parcels_per_hour": 350.6193934216147,
  "mean_inference_latency_ms": 4.763465822864428,
  "p95_inference_latency_ms": 0.03566,
  "max_contact_force_n": 127.29696655273438
}
[38;5;159m[Genesis] [14:47:11] [INFO] 💤 Exiting Genesis and caching compiled kernels...[0m
