[38;5;159m[Genesis] [14:13:10] [INFO] [38;5;121m╭───────────────────────────────────────────────╮[0m[38;5;159m[0m
[38;5;159m[Genesis] [14:13:10] [INFO] [38;5;121m│┈┉┈┉┈┉┈┉┈┉┈┉┈┉┈┉┈┉┈[0m[38;5;159m [38;5;121m[1m[3mGenesis[0m[38;5;159m [38;5;121m┈┉┈┉┈┉┈┉┈┉┈┉┈┉┈┉┈┉┈│[0m[38;5;159m[0m
[38;5;159m[Genesis] [14:13:10] [INFO] [38;5;121m╰───────────────────────────────────────────────╯[0m[38;5;159m[0m
[38;5;159m[Genesis] [14:13:10] [INFO] Running on [38;5;121m[4m[AMD Radeon Graphics][0m[38;5;159m with backend [38;5;121m[4mgs.amdgpu[0m[38;5;159m. Device memory: [38;5;121m[4m47.98[0m[38;5;159m GB.[0m
[38;5;159m[Genesis] [14:13:10] [INFO] 🚀 Genesis initialized. 🔖 version: [38;5;121m[4m1.2.3[0m[38;5;159m, 🎨 theme: [38;5;121m[4mdark[0m[38;5;159m, 🌱 seed: [38;5;121m[4m0[0m[38;5;159m, 🐛 debug: [38;5;121m[4mFalse[0m[38;5;159m, 📏 precision: [38;5;121m[4m32[0m[38;5;159m, 🔥 performance: [38;5;121m[4mFalse[0m[38;5;159m, 💬 verbose: [38;5;121m[4mINFO[0m[38;5;159m[0m
[38;5;159m[Genesis] [14:13:12] [INFO] Scene [38;5;121m[3m<1faef01>[0m[38;5;159m created.[0m
[38;5;159m[Genesis] [14:13:12] [INFO] Adding [38;5;121m<gs.engine.entities.RigidEntity>[0m[38;5;159m. idx: [38;5;121m0[0m[38;5;159m, uid: [38;5;121m[3m<7beb416>[0m[38;5;159m, morph: [38;5;121m<gs.morphs.Plane>[0m[38;5;159m, material: [38;5;121m<gs.materials.Rigid>[0m[38;5;159m.[0m
[38;5;159m[Genesis] [14:13:12] [INFO] Adding [38;5;121m<gs.engine.entities.RigidEntity>[0m[38;5;159m. idx: [38;5;121m1[0m[38;5;159m, uid: [38;5;121m[3m<e23547f>[0m[38;5;159m, morph: [38;5;121m<gs.morphs.Box>[0m[38;5;159m, material: [38;5;121m<gs.materials.Rigid>[0m[38;5;159m.[0m
[38;5;159m[Genesis] [14:13:12] [INFO] Adding [38;5;121m<gs.engine.entities.RigidEntity>[0m[38;5;159m. idx: [38;5;121m2[0m[38;5;159m, uid: [38;5;121m[3m<eb7867c>[0m[38;5;159m, morph: [38;5;121m<gs.morphs.Box>[0m[38;5;159m, material: [38;5;121m<gs.materials.Rigid>[0m[38;5;159m.[0m
[38;5;159m[Genesis] [14:13:12] [INFO] Adding [38;5;121m<gs.engine.entities.RigidEntity>[0m[38;5;159m. idx: [38;5;121m3[0m[38;5;159m, uid: [38;5;121m[3m<4305742>[0m[38;5;159m, morph: [38;5;121m<gs.morphs.MJCF(file='/workspace/parcel-sorter-rocm/third_party/genesis-world/genesis/assets/xml/franka_emika_panda/panda.xml')>[0m[38;5;159m, material: [38;5;121m<gs.materials.Rigid>[0m[38;5;159m.[0m
[38;5;226m[Genesis] [14:13:12] [WARNING] (MJCF) Approximating tendon by joint actuator for `finger_joint1`[0m
[38;5;226m[Genesis] [14:13:12] [WARNING] (MJCF) Approximating tendon by joint actuator for `finger_joint2`[0m
[38;5;159m[Genesis] [14:13:13] [INFO] Adding [38;5;121m<gs.engine.entities.RigidEntity>[0m[38;5;159m. idx: [38;5;121m4[0m[38;5;159m, uid: [38;5;121m[3m<350aa61>[0m[38;5;159m, morph: [38;5;121m<gs.morphs.Box>[0m[38;5;159m, material: [38;5;121m<gs.materials.Rigid>[0m[38;5;159m.[0m
[38;5;159m[Genesis] [14:13:13] [INFO] Building scene [38;5;121m[3m<1faef01>[0m[38;5;159m...[0m
[38;5;226m[Genesis] [14:13:13] [WARNING] Neutral robot position (qpos0) exceeds joint limits.[0m
[38;5;159m[Genesis] [14:13:13] [INFO] Preprocessing geom idx [38;5;121m[4m26[0m[38;5;159m.[0m
[38;5;226m[Genesis] [14:13:14] [WARNING] Constraint solver time constant should be greater than 2*substep_dt. timeconst is changed from `0.005` to `0.00833333`). Decrease simulation timestep or increase timeconst to avoid altering the original value.[0m
[38;5;226m[Genesis] [14:13:16] [WARNING] Filtered out geometry pairs causing self-collision for the neutral configuration (qpos0): (8, 13), (9, 13), (16, 23), (17, 22), (18, 25), (19, 24). Consider tuning Morph option 'decompose_robot_error_threshold' or specify dedicated collision meshes. This behavior can be disabled by setting Morph option 'enable_neutral_collision=True'.[0m
[38;5;159m[Genesis] [14:13:17] [INFO] Compiling simulation kernels...[0m
[38;5;159m[Genesis] [14:13:26] [INFO] Building visualizer...[0m
{"episode": 100000, "profile": "micro_box", "success": true, "stage": "complete", "retries": 0}
[38;5;159m[Genesis] [14:13:33] [INFO] Scene [38;5;121m[3m<eb416c8>[0m[38;5;159m created.[0m
[38;5;159m[Genesis] [14:13:33] [INFO] Adding [38;5;121m<gs.engine.entities.RigidEntity>[0m[38;5;159m. idx: [38;5;121m0[0m[38;5;159m, uid: [38;5;121m[3m<a6ae296>[0m[38;5;159m, morph: [38;5;121m<gs.morphs.Plane>[0m[38;5;159m, material: [38;5;121m<gs.materials.Rigid>[0m[38;5;159m.[0m
[38;5;159m[Genesis] [14:13:33] [INFO] Adding [38;5;121m<gs.engine.entities.RigidEntity>[0m[38;5;159m. idx: [38;5;121m1[0m[38;5;159m, uid: [38;5;121m[3m<5072fe7>[0m[38;5;159m, morph: [38;5;121m<gs.morphs.Box>[0m[38;5;159m, material: [38;5;121m<gs.materials.Rigid>[0m[38;5;159m.[0m
[38;5;159m[Genesis] [14:13:33] [INFO] Adding [38;5;121m<gs.engine.entities.RigidEntity>[0m[38;5;159m. idx: [38;5;121m2[0m[38;5;159m, uid: [38;5;121m[3m<9f2bb88>[0m[38;5;159m, morph: [38;5;121m<gs.morphs.Box>[0m[38;5;159m, material: [38;5;121m<gs.materials.Rigid>[0m[38;5;159m.[0m
[38;5;159m[Genesis] [14:13:33] [INFO] Adding [38;5;121m<gs.engine.entities.RigidEntity>[0m[38;5;159m. idx: [38;5;121m3[0m[38;5;159m, uid: [38;5;121m[3m<f36da35>[0m[38;5;159m, morph: [38;5;121m<gs.morphs.MJCF(file='/workspace/parcel-sorter-rocm/third_party/genesis-world/genesis/assets/xml/franka_emika_panda/panda.xml')>[0m[38;5;159m, material: [38;5;121m<gs.materials.Rigid>[0m[38;5;159m.[0m
[38;5;226m[Genesis] [14:13:34] [WARNING] (MJCF) Approximating tendon by joint actuator for `finger_joint1`[0m
[38;5;226m[Genesis] [14:13:34] [WARNING] (MJCF) Approximating tendon by joint actuator for `finger_joint2`[0m
[38;5;159m[Genesis] [14:13:34] [INFO] Adding [38;5;121m<gs.engine.entities.RigidEntity>[0m[38;5;159m. idx: [38;5;121m4[0m[38;5;159m, uid: [38;5;121m[3m<e6e0fe2>[0m[38;5;159m, morph: [38;5;121m<gs.morphs.Box>[0m[38;5;159m, material: [38;5;121m<gs.materials.Rigid>[0m[38;5;159m.[0m
[38;5;159m[Genesis] [14:13:34] [INFO] Building scene [38;5;121m[3m<eb416c8>[0m[38;5;159m...[0m
[38;5;226m[Genesis] [14:13:34] [WARNING] Neutral robot position (qpos0) exceeds joint limits.[0m
[38;5;159m[Genesis] [14:13:34] [INFO] Preprocessing geom idx [38;5;121m[4m26[0m[38;5;159m.[0m
[38;5;226m[Genesis] [14:13:34] [WARNING] Constraint solver time constant should be greater than 2*substep_dt. timeconst is changed from `0.005` to `0.00833333`). Decrease simulation timestep or increase timeconst to avoid altering the original value.[0m
[38;5;226m[Genesis] [14:13:35] [WARNING] Filtered out geometry pairs causing self-collision for the neutral configuration (qpos0): (8, 13), (9, 13), (16, 23), (17, 22), (18, 25), (19, 24). Consider tuning Morph option 'decompose_robot_error_threshold' or specify dedicated collision meshes. This behavior can be disabled by setting Morph option 'enable_neutral_collision=True'.[0m
[38;5;159m[Genesis] [14:13:36] [INFO] Compiling simulation kernels...[0m
[38;5;159m[Genesis] [14:13:36] [INFO] Building visualizer...[0m
{"episode": 100001, "profile": "micro_box", "success": true, "stage": "complete", "retries": 0}
[38;5;159m[Genesis] [14:13:45] [INFO] Scene [38;5;121m[3m<f9afda0>[0m[38;5;159m created.[0m
[38;5;159m[Genesis] [14:13:45] [INFO] Adding [38;5;121m<gs.engine.entities.RigidEntity>[0m[38;5;159m. idx: [38;5;121m0[0m[38;5;159m, uid: [38;5;121m[3m<0825596>[0m[38;5;159m, morph: [38;5;121m<gs.morphs.Plane>[0m[38;5;159m, material: [38;5;121m<gs.materials.Rigid>[0m[38;5;159m.[0m
[38;5;159m[Genesis] [14:13:45] [INFO] Adding [38;5;121m<gs.engine.entities.RigidEntity>[0m[38;5;159m. idx: [38;5;121m1[0m[38;5;159m, uid: [38;5;121m[3m<96d70e6>[0m[38;5;159m, morph: [38;5;121m<gs.morphs.Box>[0m[38;5;159m, material: [38;5;121m<gs.materials.Rigid>[0m[38;5;159m.[0m
[38;5;159m[Genesis] [14:13:45] [INFO] Adding [38;5;121m<gs.engine.entities.RigidEntity>[0m[38;5;159m. idx: [38;5;121m2[0m[38;5;159m, uid: [38;5;121m[3m<f24a6e5>[0m[38;5;159m, morph: [38;5;121m<gs.morphs.Box>[0m[38;5;159m, material: [38;5;121m<gs.materials.Rigid>[0m[38;5;159m.[0m
[38;5;159m[Genesis] [14:13:45] [INFO] Adding [38;5;121m<gs.engine.entities.RigidEntity>[0m[38;5;159m. idx: [38;5;121m3[0m[38;5;159m, uid: [38;5;121m[3m<f0b175e>[0m[38;5;159m, morph: [38;5;121m<gs.morphs.MJCF(file='/workspace/parcel-sorter-rocm/third_party/genesis-world/genesis/assets/xml/franka_emika_panda/panda.xml')>[0m[38;5;159m, material: [38;5;121m<gs.materials.Rigid>[0m[38;5;159m.[0m
[38;5;226m[Genesis] [14:13:45] [WARNING] (MJCF) Approximating tendon by joint actuator for `finger_joint1`[0m
[38;5;226m[Genesis] [14:13:45] [WARNING] (MJCF) Approximating tendon by joint actuator for `finger_joint2`[0m
[38;5;159m[Genesis] [14:13:45] [INFO] Adding [38;5;121m<gs.engine.entities.RigidEntity>[0m[38;5;159m. idx: [38;5;121m4[0m[38;5;159m, uid: [38;5;121m[3m<0220ff5>[0m[38;5;159m, morph: [38;5;121m<gs.morphs.Box>[0m[38;5;159m, material: [38;5;121m<gs.materials.Rigid>[0m[38;5;159m.[0m
[38;5;159m[Genesis] [14:13:45] [INFO] Building scene [38;5;121m[3m<f9afda0>[0m[38;5;159m...[0m
[38;5;226m[Genesis] [14:13:45] [WARNING] Neutral robot position (qpos0) exceeds joint limits.[0m
[38;5;159m[Genesis] [14:13:45] [INFO] Preprocessing geom idx [38;5;121m[4m26[0m[38;5;159m.[0m
[38;5;226m[Genesis] [14:13:45] [WARNING] Constraint solver time constant should be greater than 2*substep_dt. timeconst is changed from `0.005` to `0.00833333`). Decrease simulation timestep or increase timeconst to avoid altering the original value.[0m
[38;5;226m[Genesis] [14:13:46] [WARNING] Filtered out geometry pairs causing self-collision for the neutral configuration (qpos0): (8, 13), (9, 13), (16, 23), (17, 22), (18, 25), (19, 24). Consider tuning Morph option 'decompose_robot_error_threshold' or specify dedicated collision meshes. This behavior can be disabled by setting Morph option 'enable_neutral_collision=True'.[0m
[38;5;159m[Genesis] [14:13:47] [INFO] Compiling simulation kernels...[0m
[38;5;159m[Genesis] [14:13:47] [INFO] Building visualizer...[0m
{"episode": 100002, "profile": "micro_box", "success": false, "stage": "abort", "retries": 0}
[38;5;159m[Genesis] [14:13:50] [INFO] Scene [38;5;121m[3m<d1b1252>[0m[38;5;159m created.[0m
[38;5;159m[Genesis] [14:13:50] [INFO] Adding [38;5;121m<gs.engine.entities.RigidEntity>[0m[38;5;159m. idx: [38;5;121m0[0m[38;5;159m, uid: [38;5;121m[3m<571e2c4>[0m[38;5;159m, morph: [38;5;121m<gs.morphs.Plane>[0m[38;5;159m, material: [38;5;121m<gs.materials.Rigid>[0m[38;5;159m.[0m
[38;5;159m[Genesis] [14:13:50] [INFO] Adding [38;5;121m<gs.engine.entities.RigidEntity>[0m[38;5;159m. idx: [38;5;121m1[0m[38;5;159m, uid: [38;5;121m[3m<abf4310>[0m[38;5;159m, morph: [38;5;121m<gs.morphs.Box>[0m[38;5;159m, material: [38;5;121m<gs.materials.Rigid>[0m[38;5;159m.[0m
[38;5;159m[Genesis] [14:13:50] [INFO] Adding [38;5;121m<gs.engine.entities.RigidEntity>[0m[38;5;159m. idx: [38;5;121m2[0m[38;5;159m, uid: [38;5;121m[3m<8234f2a>[0m[38;5;159m, morph: [38;5;121m<gs.morphs.Box>[0m[38;5;159m, material: [38;5;121m<gs.materials.Rigid>[0m[38;5;159m.[0m
[38;5;159m[Genesis] [14:13:50] [INFO] Adding [38;5;121m<gs.engine.entities.RigidEntity>[0m[38;5;159m. idx: [38;5;121m3[0m[38;5;159m, uid: [38;5;121m[3m<f9f2f73>[0m[38;5;159m, morph: [38;5;121m<gs.morphs.MJCF(file='/workspace/parcel-sorter-rocm/third_party/genesis-world/genesis/assets/xml/franka_emika_panda/panda.xml')>[0m[38;5;159m, material: [38;5;121m<gs.materials.Rigid>[0m[38;5;159m.[0m
[38;5;226m[Genesis] [14:13:50] [WARNING] (MJCF) Approximating tendon by joint actuator for `finger_joint1`[0m
[38;5;226m[Genesis] [14:13:50] [WARNING] (MJCF) Approximating tendon by joint actuator for `finger_joint2`[0m
[38;5;159m[Genesis] [14:13:50] [INFO] Adding [38;5;121m<gs.engine.entities.RigidEntity>[0m[38;5;159m. idx: [38;5;121m4[0m[38;5;159m, uid: [38;5;121m[3m<5891e36>[0m[38;5;159m, morph: [38;5;121m<gs.morphs.Box>[0m[38;5;159m, material: [38;5;121m<gs.materials.Rigid>[0m[38;5;159m.[0m
[38;5;159m[Genesis] [14:13:50] [INFO] Building scene [38;5;121m[3m<d1b1252>[0m[38;5;159m...[0m
[38;5;226m[Genesis] [14:13:50] [WARNING] Neutral robot position (qpos0) exceeds joint limits.[0m
[38;5;159m[Genesis] [14:13:50] [INFO] Preprocessing geom idx [38;5;121m[4m26[0m[38;5;159m.[0m
[38;5;226m[Genesis] [14:13:51] [WARNING] Constraint solver time constant should be greater than 2*substep_dt. timeconst is changed from `0.005` to `0.00833333`). Decrease simulation timestep or increase timeconst to avoid altering the original value.[0m
[38;5;226m[Genesis] [14:13:52] [WARNING] Filtered out geometry pairs causing self-collision for the neutral configuration (qpos0): (8, 13), (9, 13), (16, 23), (17, 22), (18, 25), (19, 24). Consider tuning Morph option 'decompose_robot_error_threshold' or specify dedicated collision meshes. This behavior can be disabled by setting Morph option 'enable_neutral_collision=True'.[0m
[38;5;159m[Genesis] [14:13:52] [INFO] Compiling simulation kernels...[0m
[38;5;159m[Genesis] [14:13:52] [INFO] Building visualizer...[0m
{"episode": 100003, "profile": "micro_box", "success": true, "stage": "complete", "retries": 0}
[38;5;159m[Genesis] [14:13:59] [INFO] Scene [38;5;121m[3m<3a54008>[0m[38;5;159m created.[0m
[38;5;159m[Genesis] [14:13:59] [INFO] Adding [38;5;121m<gs.engine.entities.RigidEntity>[0m[38;5;159m. idx: [38;5;121m0[0m[38;5;159m, uid: [38;5;121m[3m<f18919d>[0m[38;5;159m, morph: [38;5;121m<gs.morphs.Plane>[0m[38;5;159m, material: [38;5;121m<gs.materials.Rigid>[0m[38;5;159m.[0m
[38;5;159m[Genesis] [14:13:59] [INFO] Adding [38;5;121m<gs.engine.entities.RigidEntity>[0m[38;5;159m. idx: [38;5;121m1[0m[38;5;159m, uid: [38;5;121m[3m<0a7846d>[0m[38;5;159m, morph: [38;5;121m<gs.morphs.Box>[0m[38;5;159m, material: [38;5;121m<gs.materials.Rigid>[0m[38;5;159m.[0m
[38;5;159m[Genesis] [14:13:59] [INFO] Adding [38;5;121m<gs.engine.entities.RigidEntity>[0m[38;5;159m. idx: [38;5;121m2[0m[38;5;159m, uid: [38;5;121m[3m<67d536d>[0m[38;5;159m, morph: [38;5;121m<gs.morphs.Box>[0m[38;5;159m, material: [38;5;121m<gs.materials.Rigid>[0m[38;5;159m.[0m
[38;5;159m[Genesis] [14:13:59] [INFO] Adding [38;5;121m<gs.engine.entities.RigidEntity>[0m[38;5;159m. idx: [38;5;121m3[0m[38;5;159m, uid: [38;5;121m[3m<1ddd0be>[0m[38;5;159m, morph: [38;5;121m<gs.morphs.MJCF(file='/workspace/parcel-sorter-rocm/third_party/genesis-world/genesis/assets/xml/franka_emika_panda/panda.xml')>[0m[38;5;159m, material: [38;5;121m<gs.materials.Rigid>[0m[38;5;159m.[0m
[38;5;226m[Genesis] [14:14:00] [WARNING] (MJCF) Approximating tendon by joint actuator for `finger_joint1`[0m
[38;5;226m[Genesis] [14:14:00] [WARNING] (MJCF) Approximating tendon by joint actuator for `finger_joint2`[0m
[38;5;159m[Genesis] [14:14:00] [INFO] Adding [38;5;121m<gs.engine.entities.RigidEntity>[0m[38;5;159m. idx: [38;5;121m4[0m[38;5;159m, uid: [38;5;121m[3m<76d24c6>[0m[38;5;159m, morph: [38;5;121m<gs.morphs.Box>[0m[38;5;159m, material: [38;5;121m<gs.materials.Rigid>[0m[38;5;159m.[0m
[38;5;159m[Genesis] [14:14:00] [INFO] Building scene [38;5;121m[3m<3a54008>[0m[38;5;159m...[0m
[38;5;226m[Genesis] [14:14:00] [WARNING] Neutral robot position (qpos0) exceeds joint limits.[0m
[38;5;159m[Genesis] [14:14:00] [INFO] Preprocessing geom idx [38;5;121m[4m26[0m[38;5;159m.[0m
[38;5;226m[Genesis] [14:14:00] [WARNING] Constraint solver time constant should be greater than 2*substep_dt. timeconst is changed from `0.005` to `0.00833333`). Decrease simulation timestep or increase timeconst to avoid altering the original value.[0m
[38;5;226m[Genesis] [14:14:01] [WARNING] Filtered out geometry pairs causing self-collision for the neutral configuration (qpos0): (8, 13), (9, 13), (16, 23), (17, 22), (18, 25), (19, 24). Consider tuning Morph option 'decompose_robot_error_threshold' or specify dedicated collision meshes. This behavior can be disabled by setting Morph option 'enable_neutral_collision=True'.[0m
[38;5;159m[Genesis] [14:14:02] [INFO] Compiling simulation kernels...[0m
[38;5;159m[Genesis] [14:14:02] [INFO] Building visualizer...[0m
{"episode": 100004, "profile": "micro_box", "success": false, "stage": "abort", "retries": 2}
[38;5;159m[Genesis] [14:14:07] [INFO] Scene [38;5;121m[3m<27f1340>[0m[38;5;159m created.[0m
[38;5;159m[Genesis] [14:14:07] [INFO] Adding [38;5;121m<gs.engine.entities.RigidEntity>[0m[38;5;159m. idx: [38;5;121m0[0m[38;5;159m, uid: [38;5;121m[3m<f8b2327>[0m[38;5;159m, morph: [38;5;121m<gs.morphs.Plane>[0m[38;5;159m, material: [38;5;121m<gs.materials.Rigid>[0m[38;5;159m.[0m
[38;5;159m[Genesis] [14:14:07] [INFO] Adding [38;5;121m<gs.engine.entities.RigidEntity>[0m[38;5;159m. idx: [38;5;121m1[0m[38;5;159m, uid: [38;5;121m[3m<e07fd3e>[0m[38;5;159m, morph: [38;5;121m<gs.morphs.Box>[0m[38;5;159m, material: [38;5;121m<gs.materials.Rigid>[0m[38;5;159m.[0m
[38;5;159m[Genesis] [14:14:07] [INFO] Adding [38;5;121m<gs.engine.entities.RigidEntity>[0m[38;5;159m. idx: [38;5;121m2[0m[38;5;159m, uid: [38;5;121m[3m<a02cd1b>[0m[38;5;159m, morph: [38;5;121m<gs.morphs.Box>[0m[38;5;159m, material: [38;5;121m<gs.materials.Rigid>[0m[38;5;159m.[0m
[38;5;159m[Genesis] [14:14:07] [INFO] Adding [38;5;121m<gs.engine.entities.RigidEntity>[0m[38;5;159m. idx: [38;5;121m3[0m[38;5;159m, uid: [38;5;121m[3m<80f1c01>[0m[38;5;159m, morph: [38;5;121m<gs.morphs.MJCF(file='/workspace/parcel-sorter-rocm/third_party/genesis-world/genesis/assets/xml/franka_emika_panda/panda.xml')>[0m[38;5;159m, material: [38;5;121m<gs.materials.Rigid>[0m[38;5;159m.[0m
[38;5;226m[Genesis] [14:14:08] [WARNING] (MJCF) Approximating tendon by joint actuator for `finger_joint1`[0m
[38;5;226m[Genesis] [14:14:08] [WARNING] (MJCF) Approximating tendon by joint actuator for `finger_joint2`[0m
[38;5;159m[Genesis] [14:14:08] [INFO] Adding [38;5;121m<gs.engine.entities.RigidEntity>[0m[38;5;159m. idx: [38;5;121m4[0m[38;5;159m, uid: [38;5;121m[3m<20a1bb4>[0m[38;5;159m, morph: [38;5;121m<gs.morphs.Box>[0m[38;5;159m, material: [38;5;121m<gs.materials.Rigid>[0m[38;5;159m.[0m
[38;5;159m[Genesis] [14:14:08] [INFO] Building scene [38;5;121m[3m<27f1340>[0m[38;5;159m...[0m
[38;5;226m[Genesis] [14:14:08] [WARNING] Neutral robot position (qpos0) exceeds joint limits.[0m
[38;5;159m[Genesis] [14:14:08] [INFO] Preprocessing geom idx [38;5;121m[4m26[0m[38;5;159m.[0m
[38;5;226m[Genesis] [14:14:08] [WARNING] Constraint solver time constant should be greater than 2*substep_dt. timeconst is changed from `0.005` to `0.00833333`). Decrease simulation timestep or increase timeconst to avoid altering the original value.[0m
[38;5;226m[Genesis] [14:14:09] [WARNING] Filtered out geometry pairs causing self-collision for the neutral configuration (qpos0): (8, 13), (9, 13), (16, 23), (17, 22), (18, 25), (19, 24). Consider tuning Morph option 'decompose_robot_error_threshold' or specify dedicated collision meshes. This behavior can be disabled by setting Morph option 'enable_neutral_collision=True'.[0m
[38;5;159m[Genesis] [14:14:10] [INFO] Compiling simulation kernels...[0m
[38;5;159m[Genesis] [14:14:10] [INFO] Building visualizer...[0m
{"episode": 1100000, "profile": "small_carton", "success": true, "stage": "complete", "retries": 0}
[38;5;159m[Genesis] [14:14:16] [INFO] Scene [38;5;121m[3m<828d500>[0m[38;5;159m created.[0m
[38;5;159m[Genesis] [14:14:16] [INFO] Adding [38;5;121m<gs.engine.entities.RigidEntity>[0m[38;5;159m. idx: [38;5;121m0[0m[38;5;159m, uid: [38;5;121m[3m<337f320>[0m[38;5;159m, morph: [38;5;121m<gs.morphs.Plane>[0m[38;5;159m, material: [38;5;121m<gs.materials.Rigid>[0m[38;5;159m.[0m
[38;5;159m[Genesis] [14:14:16] [INFO] Adding [38;5;121m<gs.engine.entities.RigidEntity>[0m[38;5;159m. idx: [38;5;121m1[0m[38;5;159m, uid: [38;5;121m[3m<1774b38>[0m[38;5;159m, morph: [38;5;121m<gs.morphs.Box>[0m[38;5;159m, material: [38;5;121m<gs.materials.Rigid>[0m[38;5;159m.[0m
[38;5;159m[Genesis] [14:14:16] [INFO] Adding [38;5;121m<gs.engine.entities.RigidEntity>[0m[38;5;159m. idx: [38;5;121m2[0m[38;5;159m, uid: [38;5;121m[3m<b36d50c>[0m[38;5;159m, morph: [38;5;121m<gs.morphs.Box>[0m[38;5;159m, material: [38;5;121m<gs.materials.Rigid>[0m[38;5;159m.[0m
[38;5;159m[Genesis] [14:14:16] [INFO] Adding [38;5;121m<gs.engine.entities.RigidEntity>[0m[38;5;159m. idx: [38;5;121m3[0m[38;5;159m, uid: [38;5;121m[3m<c16f884>[0m[38;5;159m, morph: [38;5;121m<gs.morphs.MJCF(file='/workspace/parcel-sorter-rocm/third_party/genesis-world/genesis/assets/xml/franka_emika_panda/panda.xml')>[0m[38;5;159m, material: [38;5;121m<gs.materials.Rigid>[0m[38;5;159m.[0m
[38;5;226m[Genesis] [14:14:17] [WARNING] (MJCF) Approximating tendon by joint actuator for `finger_joint1`[0m
[38;5;226m[Genesis] [14:14:17] [WARNING] (MJCF) Approximating tendon by joint actuator for `finger_joint2`[0m
[38;5;159m[Genesis] [14:14:17] [INFO] Adding [38;5;121m<gs.engine.entities.RigidEntity>[0m[38;5;159m. idx: [38;5;121m4[0m[38;5;159m, uid: [38;5;121m[3m<23dfabe>[0m[38;5;159m, morph: [38;5;121m<gs.morphs.Box>[0m[38;5;159m, material: [38;5;121m<gs.materials.Rigid>[0m[38;5;159m.[0m
[38;5;159m[Genesis] [14:14:17] [INFO] Building scene [38;5;121m[3m<828d500>[0m[38;5;159m...[0m
[38;5;226m[Genesis] [14:14:17] [WARNING] Neutral robot position (qpos0) exceeds joint limits.[0m
[38;5;159m[Genesis] [14:14:17] [INFO] Preprocessing geom idx [38;5;121m[4m26[0m[38;5;159m.[0m
[38;5;226m[Genesis] [14:14:17] [WARNING] Constraint solver time constant should be greater than 2*substep_dt. timeconst is changed from `0.005` to `0.00833333`). Decrease simulation timestep or increase timeconst to avoid altering the original value.[0m
[38;5;226m[Genesis] [14:14:18] [WARNING] Filtered out geometry pairs causing self-collision for the neutral configuration (qpos0): (8, 13), (9, 13), (16, 23), (17, 22), (18, 25), (19, 24). Consider tuning Morph option 'decompose_robot_error_threshold' or specify dedicated collision meshes. This behavior can be disabled by setting Morph option 'enable_neutral_collision=True'.[0m
[38;5;159m[Genesis] [14:14:19] [INFO] Compiling simulation kernels...[0m
[38;5;159m[Genesis] [14:14:19] [INFO] Building visualizer...[0m
{"episode": 1100001, "profile": "small_carton", "success": true, "stage": "complete", "retries": 0}
[38;5;159m[Genesis] [14:14:26] [INFO] Scene [38;5;121m[3m<b91be48>[0m[38;5;159m created.[0m
[38;5;159m[Genesis] [14:14:26] [INFO] Adding [38;5;121m<gs.engine.entities.RigidEntity>[0m[38;5;159m. idx: [38;5;121m0[0m[38;5;159m, uid: [38;5;121m[3m<dd4ef3b>[0m[38;5;159m, morph: [38;5;121m<gs.morphs.Plane>[0m[38;5;159m, material: [38;5;121m<gs.materials.Rigid>[0m[38;5;159m.[0m
[38;5;159m[Genesis] [14:14:26] [INFO] Adding [38;5;121m<gs.engine.entities.RigidEntity>[0m[38;5;159m. idx: [38;5;121m1[0m[38;5;159m, uid: [38;5;121m[3m<5c1c68e>[0m[38;5;159m, morph: [38;5;121m<gs.morphs.Box>[0m[38;5;159m, material: [38;5;121m<gs.materials.Rigid>[0m[38;5;159m.[0m
[38;5;159m[Genesis] [14:14:26] [INFO] Adding [38;5;121m<gs.engine.entities.RigidEntity>[0m[38;5;159m. idx: [38;5;121m2[0m[38;5;159m, uid: [38;5;121m[3m<9f1a056>[0m[38;5;159m, morph: [38;5;121m<gs.morphs.Box>[0m[38;5;159m, material: [38;5;121m<gs.materials.Rigid>[0m[38;5;159m.[0m
[38;5;159m[Genesis] [14:14:26] [INFO] Adding [38;5;121m<gs.engine.entities.RigidEntity>[0m[38;5;159m. idx: [38;5;121m3[0m[38;5;159m, uid: [38;5;121m[3m<ae54d8e>[0m[38;5;159m, morph: [38;5;121m<gs.morphs.MJCF(file='/workspace/parcel-sorter-rocm/third_party/genesis-world/genesis/assets/xml/franka_emika_panda/panda.xml')>[0m[38;5;159m, material: [38;5;121m<gs.materials.Rigid>[0m[38;5;159m.[0m
[38;5;226m[Genesis] [14:14:26] [WARNING] (MJCF) Approximating tendon by joint actuator for `finger_joint1`[0m
[38;5;226m[Genesis] [14:14:26] [WARNING] (MJCF) Approximating tendon by joint actuator for `finger_joint2`[0m
[38;5;159m[Genesis] [14:14:26] [INFO] Adding [38;5;121m<gs.engine.entities.RigidEntity>[0m[38;5;159m. idx: [38;5;121m4[0m[38;5;159m, uid: [38;5;121m[3m<f2ebe3b>[0m[38;5;159m, morph: [38;5;121m<gs.morphs.Box>[0m[38;5;159m, material: [38;5;121m<gs.materials.Rigid>[0m[38;5;159m.[0m
[38;5;159m[Genesis] [14:14:26] [INFO] Building scene [38;5;121m[3m<b91be48>[0m[38;5;159m...[0m
[38;5;226m[Genesis] [14:14:26] [WARNING] Neutral robot position (qpos0) exceeds joint limits.[0m
[38;5;159m[Genesis] [14:14:26] [INFO] Preprocessing geom idx [38;5;121m[4m26[0m[38;5;159m.[0m
[38;5;226m[Genesis] [14:14:27] [WARNING] Constraint solver time constant should be greater than 2*substep_dt. timeconst is changed from `0.005` to `0.00833333`). Decrease simulation timestep or increase timeconst to avoid altering the original value.[0m
[38;5;226m[Genesis] [14:14:28] [WARNING] Filtered out geometry pairs causing self-collision for the neutral configuration (qpos0): (8, 13), (9, 13), (16, 23), (17, 22), (18, 25), (19, 24). Consider tuning Morph option 'decompose_robot_error_threshold' or specify dedicated collision meshes. This behavior can be disabled by setting Morph option 'enable_neutral_collision=True'.[0m
[38;5;159m[Genesis] [14:14:28] [INFO] Compiling simulation kernels...[0m
[38;5;159m[Genesis] [14:14:28] [INFO] Building visualizer...[0m
{"episode": 1100002, "profile": "small_carton", "success": true, "stage": "complete", "retries": 0}
[38;5;159m[Genesis] [14:14:35] [INFO] Scene [38;5;121m[3m<d55f903>[0m[38;5;159m created.[0m
[38;5;159m[Genesis] [14:14:35] [INFO] Adding [38;5;121m<gs.engine.entities.RigidEntity>[0m[38;5;159m. idx: [38;5;121m0[0m[38;5;159m, uid: [38;5;121m[3m<2fcbd92>[0m[38;5;159m, morph: [38;5;121m<gs.morphs.Plane>[0m[38;5;159m, material: [38;5;121m<gs.materials.Rigid>[0m[38;5;159m.[0m
[38;5;159m[Genesis] [14:14:35] [INFO] Adding [38;5;121m<gs.engine.entities.RigidEntity>[0m[38;5;159m. idx: [38;5;121m1[0m[38;5;159m, uid: [38;5;121m[3m<d75da3a>[0m[38;5;159m, morph: [38;5;121m<gs.morphs.Box>[0m[38;5;159m, material: [38;5;121m<gs.materials.Rigid>[0m[38;5;159m.[0m
[38;5;159m[Genesis] [14:14:35] [INFO] Adding [38;5;121m<gs.engine.entities.RigidEntity>[0m[38;5;159m. idx: [38;5;121m2[0m[38;5;159m, uid: [38;5;121m[3m<9a0ebb4>[0m[38;5;159m, morph: [38;5;121m<gs.morphs.Box>[0m[38;5;159m, material: [38;5;121m<gs.materials.Rigid>[0m[38;5;159m.[0m
[38;5;159m[Genesis] [14:14:35] [INFO] Adding [38;5;121m<gs.engine.entities.RigidEntity>[0m[38;5;159m. idx: [38;5;121m3[0m[38;5;159m, uid: [38;5;121m[3m<ee335fd>[0m[38;5;159m, morph: [38;5;121m<gs.morphs.MJCF(file='/workspace/parcel-sorter-rocm/third_party/genesis-world/genesis/assets/xml/franka_emika_panda/panda.xml')>[0m[38;5;159m, material: [38;5;121m<gs.materials.Rigid>[0m[38;5;159m.[0m
[38;5;226m[Genesis] [14:14:35] [WARNING] (MJCF) Approximating tendon by joint actuator for `finger_joint1`[0m
[38;5;226m[Genesis] [14:14:35] [WARNING] (MJCF) Approximating tendon by joint actuator for `finger_joint2`[0m
[38;5;159m[Genesis] [14:14:35] [INFO] Adding [38;5;121m<gs.engine.entities.RigidEntity>[0m[38;5;159m. idx: [38;5;121m4[0m[38;5;159m, uid: [38;5;121m[3m<c8d956d>[0m[38;5;159m, morph: [38;5;121m<gs.morphs.Box>[0m[38;5;159m, material: [38;5;121m<gs.materials.Rigid>[0m[38;5;159m.[0m
[38;5;159m[Genesis] [14:14:35] [INFO] Building scene [38;5;121m[3m<d55f903>[0m[38;5;159m...[0m
[38;5;226m[Genesis] [14:14:35] [WARNING] Neutral robot position (qpos0) exceeds joint limits.[0m
[38;5;159m[Genesis] [14:14:35] [INFO] Preprocessing geom idx [38;5;121m[4m26[0m[38;5;159m.[0m
[38;5;226m[Genesis] [14:14:35] [WARNING] Constraint solver time constant should be greater than 2*substep_dt. timeconst is changed from `0.005` to `0.00833333`). Decrease simulation timestep or increase timeconst to avoid altering the original value.[0m
[38;5;226m[Genesis] [14:14:37] [WARNING] Filtered out geometry pairs causing self-collision for the neutral configuration (qpos0): (8, 13), (9, 13), (16, 23), (17, 22), (18, 25), (19, 24). Consider tuning Morph option 'decompose_robot_error_threshold' or specify dedicated collision meshes. This behavior can be disabled by setting Morph option 'enable_neutral_collision=True'.[0m
[38;5;159m[Genesis] [14:14:37] [INFO] Compiling simulation kernels...[0m
[38;5;159m[Genesis] [14:14:37] [INFO] Building visualizer...[0m
{"episode": 1100003, "profile": "small_carton", "success": true, "stage": "complete", "retries": 0}
[38;5;159m[Genesis] [14:14:45] [INFO] Scene [38;5;121m[3m<15d90cf>[0m[38;5;159m created.[0m
[38;5;159m[Genesis] [14:14:45] [INFO] Adding [38;5;121m<gs.engine.entities.RigidEntity>[0m[38;5;159m. idx: [38;5;121m0[0m[38;5;159m, uid: [38;5;121m[3m<8cf2065>[0m[38;5;159m, morph: [38;5;121m<gs.morphs.Plane>[0m[38;5;159m, material: [38;5;121m<gs.materials.Rigid>[0m[38;5;159m.[0m
[38;5;159m[Genesis] [14:14:45] [INFO] Adding [38;5;121m<gs.engine.entities.RigidEntity>[0m[38;5;159m. idx: [38;5;121m1[0m[38;5;159m, uid: [38;5;121m[3m<81c8c29>[0m[38;5;159m, morph: [38;5;121m<gs.morphs.Box>[0m[38;5;159m, material: [38;5;121m<gs.materials.Rigid>[0m[38;5;159m.[0m
[38;5;159m[Genesis] [14:14:45] [INFO] Adding [38;5;121m<gs.engine.entities.RigidEntity>[0m[38;5;159m. idx: [38;5;121m2[0m[38;5;159m, uid: [38;5;121m[3m<86186c6>[0m[38;5;159m, morph: [38;5;121m<gs.morphs.Box>[0m[38;5;159m, material: [38;5;121m<gs.materials.Rigid>[0m[38;5;159m.[0m
[38;5;159m[Genesis] [14:14:45] [INFO] Adding [38;5;121m<gs.engine.entities.RigidEntity>[0m[38;5;159m. idx: [38;5;121m3[0m[38;5;159m, uid: [38;5;121m[3m<7b609e9>[0m[38;5;159m, morph: [38;5;121m<gs.morphs.MJCF(file='/workspace/parcel-sorter-rocm/third_party/genesis-world/genesis/assets/xml/franka_emika_panda/panda.xml')>[0m[38;5;159m, material: [38;5;121m<gs.materials.Rigid>[0m[38;5;159m.[0m
[38;5;226m[Genesis] [14:14:45] [WARNING] (MJCF) Approximating tendon by joint actuator for `finger_joint1`[0m
[38;5;226m[Genesis] [14:14:45] [WARNING] (MJCF) Approximating tendon by joint actuator for `finger_joint2`[0m
[38;5;159m[Genesis] [14:14:45] [INFO] Adding [38;5;121m<gs.engine.entities.RigidEntity>[0m[38;5;159m. idx: [38;5;121m4[0m[38;5;159m, uid: [38;5;121m[3m<ba36860>[0m[38;5;159m, morph: [38;5;121m<gs.morphs.Box>[0m[38;5;159m, material: [38;5;121m<gs.materials.Rigid>[0m[38;5;159m.[0m
[38;5;159m[Genesis] [14:14:45] [INFO] Building scene [38;5;121m[3m<15d90cf>[0m[38;5;159m...[0m
[38;5;226m[Genesis] [14:14:45] [WARNING] Neutral robot position (qpos0) exceeds joint limits.[0m
[38;5;159m[Genesis] [14:14:45] [INFO] Preprocessing geom idx [38;5;121m[4m26[0m[38;5;159m.[0m
[38;5;226m[Genesis] [14:14:45] [WARNING] Constraint solver time constant should be greater than 2*substep_dt. timeconst is changed from `0.005` to `0.00833333`). Decrease simulation timestep or increase timeconst to avoid altering the original value.[0m
[38;5;226m[Genesis] [14:14:46] [WARNING] Filtered out geometry pairs causing self-collision for the neutral configuration (qpos0): (8, 13), (9, 13), (16, 23), (17, 22), (18, 25), (19, 24). Consider tuning Morph option 'decompose_robot_error_threshold' or specify dedicated collision meshes. This behavior can be disabled by setting Morph option 'enable_neutral_collision=True'.[0m
[38;5;159m[Genesis] [14:14:47] [INFO] Compiling simulation kernels...[0m
[38;5;159m[Genesis] [14:14:47] [INFO] Building visualizer...[0m
{"episode": 1100004, "profile": "small_carton", "success": true, "stage": "complete", "retries": 0}
[38;5;159m[Genesis] [14:14:53] [INFO] Scene [38;5;121m[3m<870cfaa>[0m[38;5;159m created.[0m
[38;5;159m[Genesis] [14:14:53] [INFO] Adding [38;5;121m<gs.engine.entities.RigidEntity>[0m[38;5;159m. idx: [38;5;121m0[0m[38;5;159m, uid: [38;5;121m[3m<f5583fc>[0m[38;5;159m, morph: [38;5;121m<gs.morphs.Plane>[0m[38;5;159m, material: [38;5;121m<gs.materials.Rigid>[0m[38;5;159m.[0m
[38;5;159m[Genesis] [14:14:53] [INFO] Adding [38;5;121m<gs.engine.entities.RigidEntity>[0m[38;5;159m. idx: [38;5;121m1[0m[38;5;159m, uid: [38;5;121m[3m<65951e9>[0m[38;5;159m, morph: [38;5;121m<gs.morphs.Box>[0m[38;5;159m, material: [38;5;121m<gs.materials.Rigid>[0m[38;5;159m.[0m
[38;5;159m[Genesis] [14:14:53] [INFO] Adding [38;5;121m<gs.engine.entities.RigidEntity>[0m[38;5;159m. idx: [38;5;121m2[0m[38;5;159m, uid: [38;5;121m[3m<19d4dcd>[0m[38;5;159m, morph: [38;5;121m<gs.morphs.Box>[0m[38;5;159m, material: [38;5;121m<gs.materials.Rigid>[0m[38;5;159m.[0m
[38;5;159m[Genesis] [14:14:53] [INFO] Adding [38;5;121m<gs.engine.entities.RigidEntity>[0m[38;5;159m. idx: [38;5;121m3[0m[38;5;159m, uid: [38;5;121m[3m<3f9d491>[0m[38;5;159m, morph: [38;5;121m<gs.morphs.MJCF(file='/workspace/parcel-sorter-rocm/third_party/genesis-world/genesis/assets/xml/franka_emika_panda/panda.xml')>[0m[38;5;159m, material: [38;5;121m<gs.materials.Rigid>[0m[38;5;159m.[0m
[38;5;226m[Genesis] [14:14:54] [WARNING] (MJCF) Approximating tendon by joint actuator for `finger_joint1`[0m
[38;5;226m[Genesis] [14:14:54] [WARNING] (MJCF) Approximating tendon by joint actuator for `finger_joint2`[0m
[38;5;159m[Genesis] [14:14:54] [INFO] Adding [38;5;121m<gs.engine.entities.RigidEntity>[0m[38;5;159m. idx: [38;5;121m4[0m[38;5;159m, uid: [38;5;121m[3m<ead0553>[0m[38;5;159m, morph: [38;5;121m<gs.morphs.Box>[0m[38;5;159m, material: [38;5;121m<gs.materials.Rigid>[0m[38;5;159m.[0m
[38;5;159m[Genesis] [14:14:54] [INFO] Building scene [38;5;121m[3m<870cfaa>[0m[38;5;159m...[0m
[38;5;226m[Genesis] [14:14:54] [WARNING] Neutral robot position (qpos0) exceeds joint limits.[0m
[38;5;159m[Genesis] [14:14:54] [INFO] Preprocessing geom idx [38;5;121m[4m26[0m[38;5;159m.[0m
[38;5;226m[Genesis] [14:14:54] [WARNING] Constraint solver time constant should be greater than 2*substep_dt. timeconst is changed from `0.005` to `0.00833333`). Decrease simulation timestep or increase timeconst to avoid altering the original value.[0m
[38;5;226m[Genesis] [14:14:55] [WARNING] Filtered out geometry pairs causing self-collision for the neutral configuration (qpos0): (8, 13), (9, 13), (16, 23), (17, 22), (18, 25), (19, 24). Consider tuning Morph option 'decompose_robot_error_threshold' or specify dedicated collision meshes. This behavior can be disabled by setting Morph option 'enable_neutral_collision=True'.[0m
[38;5;159m[Genesis] [14:14:56] [INFO] Compiling simulation kernels...[0m
[38;5;159m[Genesis] [14:14:56] [INFO] Building visualizer...[0m
{"episode": 2100000, "profile": "flat_mailer", "success": true, "stage": "complete", "retries": 1}
[38;5;159m[Genesis] [14:15:06] [INFO] Scene [38;5;121m[3m<cc354c6>[0m[38;5;159m created.[0m
[38;5;159m[Genesis] [14:15:06] [INFO] Adding [38;5;121m<gs.engine.entities.RigidEntity>[0m[38;5;159m. idx: [38;5;121m0[0m[38;5;159m, uid: [38;5;121m[3m<fbd1138>[0m[38;5;159m, morph: [38;5;121m<gs.morphs.Plane>[0m[38;5;159m, material: [38;5;121m<gs.materials.Rigid>[0m[38;5;159m.[0m
[38;5;159m[Genesis] [14:15:06] [INFO] Adding [38;5;121m<gs.engine.entities.RigidEntity>[0m[38;5;159m. idx: [38;5;121m1[0m[38;5;159m, uid: [38;5;121m[3m<2647bdd>[0m[38;5;159m, morph: [38;5;121m<gs.morphs.Box>[0m[38;5;159m, material: [38;5;121m<gs.materials.Rigid>[0m[38;5;159m.[0m
[38;5;159m[Genesis] [14:15:06] [INFO] Adding [38;5;121m<gs.engine.entities.RigidEntity>[0m[38;5;159m. idx: [38;5;121m2[0m[38;5;159m, uid: [38;5;121m[3m<0f4b010>[0m[38;5;159m, morph: [38;5;121m<gs.morphs.Box>[0m[38;5;159m, material: [38;5;121m<gs.materials.Rigid>[0m[38;5;159m.[0m
[38;5;159m[Genesis] [14:15:06] [INFO] Adding [38;5;121m<gs.engine.entities.RigidEntity>[0m[38;5;159m. idx: [38;5;121m3[0m[38;5;159m, uid: [38;5;121m[3m<ba5fdbf>[0m[38;5;159m, morph: [38;5;121m<gs.morphs.MJCF(file='/workspace/parcel-sorter-rocm/third_party/genesis-world/genesis/assets/xml/franka_emika_panda/panda.xml')>[0m[38;5;159m, material: [38;5;121m<gs.materials.Rigid>[0m[38;5;159m.[0m
[38;5;226m[Genesis] [14:15:06] [WARNING] (MJCF) Approximating tendon by joint actuator for `finger_joint1`[0m
[38;5;226m[Genesis] [14:15:06] [WARNING] (MJCF) Approximating tendon by joint actuator for `finger_joint2`[0m
[38;5;159m[Genesis] [14:15:06] [INFO] Adding [38;5;121m<gs.engine.entities.RigidEntity>[0m[38;5;159m. idx: [38;5;121m4[0m[38;5;159m, uid: [38;5;121m[3m<fd36d31>[0m[38;5;159m, morph: [38;5;121m<gs.morphs.Box>[0m[38;5;159m, material: [38;5;121m<gs.materials.Rigid>[0m[38;5;159m.[0m
[38;5;159m[Genesis] [14:15:06] [INFO] Building scene [38;5;121m[3m<cc354c6>[0m[38;5;159m...[0m
[38;5;226m[Genesis] [14:15:06] [WARNING] Neutral robot position (qpos0) exceeds joint limits.[0m
[38;5;159m[Genesis] [14:15:06] [INFO] Preprocessing geom idx [38;5;121m[4m26[0m[38;5;159m.[0m
[38;5;226m[Genesis] [14:15:06] [WARNING] Constraint solver time constant should be greater than 2*substep_dt. timeconst is changed from `0.005` to `0.00833333`). Decrease simulation timestep or increase timeconst to avoid altering the original value.[0m
[38;5;226m[Genesis] [14:15:08] [WARNING] Filtered out geometry pairs causing self-collision for the neutral configuration (qpos0): (8, 13), (9, 13), (16, 23), (17, 22), (18, 25), (19, 24). Consider tuning Morph option 'decompose_robot_error_threshold' or specify dedicated collision meshes. This behavior can be disabled by setting Morph option 'enable_neutral_collision=True'.[0m
[38;5;159m[Genesis] [14:15:08] [INFO] Compiling simulation kernels...[0m
[38;5;159m[Genesis] [14:15:08] [INFO] Building visualizer...[0m
{"episode": 2100001, "profile": "flat_mailer", "success": false, "stage": "abort", "retries": 2}
[38;5;159m[Genesis] [14:15:12] [INFO] Scene [38;5;121m[3m<9f01122>[0m[38;5;159m created.[0m
[38;5;159m[Genesis] [14:15:12] [INFO] Adding [38;5;121m<gs.engine.entities.RigidEntity>[0m[38;5;159m. idx: [38;5;121m0[0m[38;5;159m, uid: [38;5;121m[3m<1f2e241>[0m[38;5;159m, morph: [38;5;121m<gs.morphs.Plane>[0m[38;5;159m, material: [38;5;121m<gs.materials.Rigid>[0m[38;5;159m.[0m
[38;5;159m[Genesis] [14:15:12] [INFO] Adding [38;5;121m<gs.engine.entities.RigidEntity>[0m[38;5;159m. idx: [38;5;121m1[0m[38;5;159m, uid: [38;5;121m[3m<ed4dbf7>[0m[38;5;159m, morph: [38;5;121m<gs.morphs.Box>[0m[38;5;159m, material: [38;5;121m<gs.materials.Rigid>[0m[38;5;159m.[0m
[38;5;159m[Genesis] [14:15:12] [INFO] Adding [38;5;121m<gs.engine.entities.RigidEntity>[0m[38;5;159m. idx: [38;5;121m2[0m[38;5;159m, uid: [38;5;121m[3m<157ec72>[0m[38;5;159m, morph: [38;5;121m<gs.morphs.Box>[0m[38;5;159m, material: [38;5;121m<gs.materials.Rigid>[0m[38;5;159m.[0m
[38;5;159m[Genesis] [14:15:12] [INFO] Adding [38;5;121m<gs.engine.entities.RigidEntity>[0m[38;5;159m. idx: [38;5;121m3[0m[38;5;159m, uid: [38;5;121m[3m<cc1732f>[0m[38;5;159m, morph: [38;5;121m<gs.morphs.MJCF(file='/workspace/parcel-sorter-rocm/third_party/genesis-world/genesis/assets/xml/franka_emika_panda/panda.xml')>[0m[38;5;159m, material: [38;5;121m<gs.materials.Rigid>[0m[38;5;159m.[0m
[38;5;226m[Genesis] [14:15:12] [WARNING] (MJCF) Approximating tendon by joint actuator for `finger_joint1`[0m
[38;5;226m[Genesis] [14:15:12] [WARNING] (MJCF) Approximating tendon by joint actuator for `finger_joint2`[0m
[38;5;159m[Genesis] [14:15:12] [INFO] Adding [38;5;121m<gs.engine.entities.RigidEntity>[0m[38;5;159m. idx: [38;5;121m4[0m[38;5;159m, uid: [38;5;121m[3m<9bf79d5>[0m[38;5;159m, morph: [38;5;121m<gs.morphs.Box>[0m[38;5;159m, material: [38;5;121m<gs.materials.Rigid>[0m[38;5;159m.[0m
[38;5;159m[Genesis] [14:15:12] [INFO] Building scene [38;5;121m[3m<9f01122>[0m[38;5;159m...[0m
[38;5;226m[Genesis] [14:15:12] [WARNING] Neutral robot position (qpos0) exceeds joint limits.[0m
[38;5;159m[Genesis] [14:15:12] [INFO] Preprocessing geom idx [38;5;121m[4m26[0m[38;5;159m.[0m
[38;5;226m[Genesis] [14:15:12] [WARNING] Constraint solver time constant should be greater than 2*substep_dt. timeconst is changed from `0.005` to `0.00833333`). Decrease simulation timestep or increase timeconst to avoid altering the original value.[0m
[38;5;226m[Genesis] [14:15:13] [WARNING] Filtered out geometry pairs causing self-collision for the neutral configuration (qpos0): (8, 13), (9, 13), (16, 23), (17, 22), (18, 25), (19, 24). Consider tuning Morph option 'decompose_robot_error_threshold' or specify dedicated collision meshes. This behavior can be disabled by setting Morph option 'enable_neutral_collision=True'.[0m
[38;5;159m[Genesis] [14:15:14] [INFO] Compiling simulation kernels...[0m
[38;5;159m[Genesis] [14:15:14] [INFO] Building visualizer...[0m
{"episode": 2100002, "profile": "flat_mailer", "success": true, "stage": "complete", "retries": 0}
[38;5;159m[Genesis] [14:15:22] [INFO] Scene [38;5;121m[3m<11829f3>[0m[38;5;159m created.[0m
[38;5;159m[Genesis] [14:15:22] [INFO] Adding [38;5;121m<gs.engine.entities.RigidEntity>[0m[38;5;159m. idx: [38;5;121m0[0m[38;5;159m, uid: [38;5;121m[3m<4f37f9e>[0m[38;5;159m, morph: [38;5;121m<gs.morphs.Plane>[0m[38;5;159m, material: [38;5;121m<gs.materials.Rigid>[0m[38;5;159m.[0m
[38;5;159m[Genesis] [14:15:22] [INFO] Adding [38;5;121m<gs.engine.entities.RigidEntity>[0m[38;5;159m. idx: [38;5;121m1[0m[38;5;159m, uid: [38;5;121m[3m<1f2093e>[0m[38;5;159m, morph: [38;5;121m<gs.morphs.Box>[0m[38;5;159m, material: [38;5;121m<gs.materials.Rigid>[0m[38;5;159m.[0m
[38;5;159m[Genesis] [14:15:22] [INFO] Adding [38;5;121m<gs.engine.entities.RigidEntity>[0m[38;5;159m. idx: [38;5;121m2[0m[38;5;159m, uid: [38;5;121m[3m<0450faf>[0m[38;5;159m, morph: [38;5;121m<gs.morphs.Box>[0m[38;5;159m, material: [38;5;121m<gs.materials.Rigid>[0m[38;5;159m.[0m
[38;5;159m[Genesis] [14:15:22] [INFO] Adding [38;5;121m<gs.engine.entities.RigidEntity>[0m[38;5;159m. idx: [38;5;121m3[0m[38;5;159m, uid: [38;5;121m[3m<462ce1d>[0m[38;5;159m, morph: [38;5;121m<gs.morphs.MJCF(file='/workspace/parcel-sorter-rocm/third_party/genesis-world/genesis/assets/xml/franka_emika_panda/panda.xml')>[0m[38;5;159m, material: [38;5;121m<gs.materials.Rigid>[0m[38;5;159m.[0m
[38;5;226m[Genesis] [14:15:22] [WARNING] (MJCF) Approximating tendon by joint actuator for `finger_joint1`[0m
[38;5;226m[Genesis] [14:15:22] [WARNING] (MJCF) Approximating tendon by joint actuator for `finger_joint2`[0m
[38;5;159m[Genesis] [14:15:22] [INFO] Adding [38;5;121m<gs.engine.entities.RigidEntity>[0m[38;5;159m. idx: [38;5;121m4[0m[38;5;159m, uid: [38;5;121m[3m<688ef8b>[0m[38;5;159m, morph: [38;5;121m<gs.morphs.Box>[0m[38;5;159m, material: [38;5;121m<gs.materials.Rigid>[0m[38;5;159m.[0m
[38;5;159m[Genesis] [14:15:22] [INFO] Building scene [38;5;121m[3m<11829f3>[0m[38;5;159m...[0m
[38;5;226m[Genesis] [14:15:22] [WARNING] Neutral robot position (qpos0) exceeds joint limits.[0m
[38;5;159m[Genesis] [14:15:22] [INFO] Preprocessing geom idx [38;5;121m[4m26[0m[38;5;159m.[0m
[38;5;226m[Genesis] [14:15:22] [WARNING] Constraint solver time constant should be greater than 2*substep_dt. timeconst is changed from `0.005` to `0.00833333`). Decrease simulation timestep or increase timeconst to avoid altering the original value.[0m
[38;5;226m[Genesis] [14:15:24] [WARNING] Filtered out geometry pairs causing self-collision for the neutral configuration (qpos0): (8, 13), (9, 13), (16, 23), (17, 22), (18, 25), (19, 24). Consider tuning Morph option 'decompose_robot_error_threshold' or specify dedicated collision meshes. This behavior can be disabled by setting Morph option 'enable_neutral_collision=True'.[0m
[38;5;159m[Genesis] [14:15:24] [INFO] Compiling simulation kernels...[0m
[38;5;159m[Genesis] [14:15:24] [INFO] Building visualizer...[0m
{"episode": 2100003, "profile": "flat_mailer", "success": true, "stage": "complete", "retries": 0}
[38;5;159m[Genesis] [14:15:31] [INFO] Scene [38;5;121m[3m<99f3e6a>[0m[38;5;159m created.[0m
[38;5;159m[Genesis] [14:15:31] [INFO] Adding [38;5;121m<gs.engine.entities.RigidEntity>[0m[38;5;159m. idx: [38;5;121m0[0m[38;5;159m, uid: [38;5;121m[3m<6023e25>[0m[38;5;159m, morph: [38;5;121m<gs.morphs.Plane>[0m[38;5;159m, material: [38;5;121m<gs.materials.Rigid>[0m[38;5;159m.[0m
[38;5;159m[Genesis] [14:15:31] [INFO] Adding [38;5;121m<gs.engine.entities.RigidEntity>[0m[38;5;159m. idx: [38;5;121m1[0m[38;5;159m, uid: [38;5;121m[3m<da15b82>[0m[38;5;159m, morph: [38;5;121m<gs.morphs.Box>[0m[38;5;159m, material: [38;5;121m<gs.materials.Rigid>[0m[38;5;159m.[0m
[38;5;159m[Genesis] [14:15:31] [INFO] Adding [38;5;121m<gs.engine.entities.RigidEntity>[0m[38;5;159m. idx: [38;5;121m2[0m[38;5;159m, uid: [38;5;121m[3m<0b40941>[0m[38;5;159m, morph: [38;5;121m<gs.morphs.Box>[0m[38;5;159m, material: [38;5;121m<gs.materials.Rigid>[0m[38;5;159m.[0m
[38;5;159m[Genesis] [14:15:31] [INFO] Adding [38;5;121m<gs.engine.entities.RigidEntity>[0m[38;5;159m. idx: [38;5;121m3[0m[38;5;159m, uid: [38;5;121m[3m<e25828c>[0m[38;5;159m, morph: [38;5;121m<gs.morphs.MJCF(file='/workspace/parcel-sorter-rocm/third_party/genesis-world/genesis/assets/xml/franka_emika_panda/panda.xml')>[0m[38;5;159m, material: [38;5;121m<gs.materials.Rigid>[0m[38;5;159m.[0m
[38;5;226m[Genesis] [14:15:31] [WARNING] (MJCF) Approximating tendon by joint actuator for `finger_joint1`[0m
[38;5;226m[Genesis] [14:15:31] [WARNING] (MJCF) Approximating tendon by joint actuator for `finger_joint2`[0m
[38;5;159m[Genesis] [14:15:31] [INFO] Adding [38;5;121m<gs.engine.entities.RigidEntity>[0m[38;5;159m. idx: [38;5;121m4[0m[38;5;159m, uid: [38;5;121m[3m<f4b8d38>[0m[38;5;159m, morph: [38;5;121m<gs.morphs.Box>[0m[38;5;159m, material: [38;5;121m<gs.materials.Rigid>[0m[38;5;159m.[0m
[38;5;159m[Genesis] [14:15:31] [INFO] Building scene [38;5;121m[3m<99f3e6a>[0m[38;5;159m...[0m
[38;5;226m[Genesis] [14:15:31] [WARNING] Neutral robot position (qpos0) exceeds joint limits.[0m
[38;5;159m[Genesis] [14:15:31] [INFO] Preprocessing geom idx [38;5;121m[4m26[0m[38;5;159m.[0m
[38;5;226m[Genesis] [14:15:31] [WARNING] Constraint solver time constant should be greater than 2*substep_dt. timeconst is changed from `0.005` to `0.00833333`). Decrease simulation timestep or increase timeconst to avoid altering the original value.[0m
[38;5;226m[Genesis] [14:15:32] [WARNING] Filtered out geometry pairs causing self-collision for the neutral configuration (qpos0): (8, 13), (9, 13), (16, 23), (17, 22), (18, 25), (19, 24). Consider tuning Morph option 'decompose_robot_error_threshold' or specify dedicated collision meshes. This behavior can be disabled by setting Morph option 'enable_neutral_collision=True'.[0m
[38;5;159m[Genesis] [14:15:33] [INFO] Compiling simulation kernels...[0m
[38;5;159m[Genesis] [14:15:33] [INFO] Building visualizer...[0m
{"episode": 2100004, "profile": "flat_mailer", "success": false, "stage": "abort", "retries": 2}
[38;5;159m[Genesis] [14:15:38] [INFO] Scene [38;5;121m[3m<da4f115>[0m[38;5;159m created.[0m
[38;5;159m[Genesis] [14:15:38] [INFO] Adding [38;5;121m<gs.engine.entities.RigidEntity>[0m[38;5;159m. idx: [38;5;121m0[0m[38;5;159m, uid: [38;5;121m[3m<4ebe684>[0m[38;5;159m, morph: [38;5;121m<gs.morphs.Plane>[0m[38;5;159m, material: [38;5;121m<gs.materials.Rigid>[0m[38;5;159m.[0m
[38;5;159m[Genesis] [14:15:38] [INFO] Adding [38;5;121m<gs.engine.entities.RigidEntity>[0m[38;5;159m. idx: [38;5;121m1[0m[38;5;159m, uid: [38;5;121m[3m<50ef0e1>[0m[38;5;159m, morph: [38;5;121m<gs.morphs.Box>[0m[38;5;159m, material: [38;5;121m<gs.materials.Rigid>[0m[38;5;159m.[0m
[38;5;159m[Genesis] [14:15:38] [INFO] Adding [38;5;121m<gs.engine.entities.RigidEntity>[0m[38;5;159m. idx: [38;5;121m2[0m[38;5;159m, uid: [38;5;121m[3m<c53697d>[0m[38;5;159m, morph: [38;5;121m<gs.morphs.Box>[0m[38;5;159m, material: [38;5;121m<gs.materials.Rigid>[0m[38;5;159m.[0m
[38;5;159m[Genesis] [14:15:38] [INFO] Adding [38;5;121m<gs.engine.entities.RigidEntity>[0m[38;5;159m. idx: [38;5;121m3[0m[38;5;159m, uid: [38;5;121m[3m<0791616>[0m[38;5;159m, morph: [38;5;121m<gs.morphs.MJCF(file='/workspace/parcel-sorter-rocm/third_party/genesis-world/genesis/assets/xml/franka_emika_panda/panda.xml')>[0m[38;5;159m, material: [38;5;121m<gs.materials.Rigid>[0m[38;5;159m.[0m
[38;5;226m[Genesis] [14:15:39] [WARNING] (MJCF) Approximating tendon by joint actuator for `finger_joint1`[0m
[38;5;226m[Genesis] [14:15:39] [WARNING] (MJCF) Approximating tendon by joint actuator for `finger_joint2`[0m
[38;5;159m[Genesis] [14:15:39] [INFO] Adding [38;5;121m<gs.engine.entities.RigidEntity>[0m[38;5;159m. idx: [38;5;121m4[0m[38;5;159m, uid: [38;5;121m[3m<9c4e12a>[0m[38;5;159m, morph: [38;5;121m<gs.morphs.Box>[0m[38;5;159m, material: [38;5;121m<gs.materials.Rigid>[0m[38;5;159m.[0m
[38;5;159m[Genesis] [14:15:39] [INFO] Building scene [38;5;121m[3m<da4f115>[0m[38;5;159m...[0m
[38;5;226m[Genesis] [14:15:39] [WARNING] Neutral robot position (qpos0) exceeds joint limits.[0m
[38;5;159m[Genesis] [14:15:39] [INFO] Preprocessing geom idx [38;5;121m[4m26[0m[38;5;159m.[0m
[38;5;226m[Genesis] [14:15:39] [WARNING] Constraint solver time constant should be greater than 2*substep_dt. timeconst is changed from `0.005` to `0.00833333`). Decrease simulation timestep or increase timeconst to avoid altering the original value.[0m
[38;5;226m[Genesis] [14:15:40] [WARNING] Filtered out geometry pairs causing self-collision for the neutral configuration (qpos0): (8, 13), (9, 13), (16, 23), (17, 22), (18, 25), (19, 24). Consider tuning Morph option 'decompose_robot_error_threshold' or specify dedicated collision meshes. This behavior can be disabled by setting Morph option 'enable_neutral_collision=True'.[0m
[38;5;159m[Genesis] [14:15:41] [INFO] Compiling simulation kernels...[0m
[38;5;159m[Genesis] [14:15:41] [INFO] Building visualizer...[0m
{"episode": 3100000, "profile": "book_box", "success": true, "stage": "complete", "retries": 0}
[38;5;159m[Genesis] [14:15:47] [INFO] Scene [38;5;121m[3m<f929498>[0m[38;5;159m created.[0m
[38;5;159m[Genesis] [14:15:47] [INFO] Adding [38;5;121m<gs.engine.entities.RigidEntity>[0m[38;5;159m. idx: [38;5;121m0[0m[38;5;159m, uid: [38;5;121m[3m<35997a6>[0m[38;5;159m, morph: [38;5;121m<gs.morphs.Plane>[0m[38;5;159m, material: [38;5;121m<gs.materials.Rigid>[0m[38;5;159m.[0m
[38;5;159m[Genesis] [14:15:47] [INFO] Adding [38;5;121m<gs.engine.entities.RigidEntity>[0m[38;5;159m. idx: [38;5;121m1[0m[38;5;159m, uid: [38;5;121m[3m<81ff687>[0m[38;5;159m, morph: [38;5;121m<gs.morphs.Box>[0m[38;5;159m, material: [38;5;121m<gs.materials.Rigid>[0m[38;5;159m.[0m
[38;5;159m[Genesis] [14:15:47] [INFO] Adding [38;5;121m<gs.engine.entities.RigidEntity>[0m[38;5;159m. idx: [38;5;121m2[0m[38;5;159m, uid: [38;5;121m[3m<f39ad63>[0m[38;5;159m, morph: [38;5;121m<gs.morphs.Box>[0m[38;5;159m, material: [38;5;121m<gs.materials.Rigid>[0m[38;5;159m.[0m
[38;5;159m[Genesis] [14:15:47] [INFO] Adding [38;5;121m<gs.engine.entities.RigidEntity>[0m[38;5;159m. idx: [38;5;121m3[0m[38;5;159m, uid: [38;5;121m[3m<9dc2b4d>[0m[38;5;159m, morph: [38;5;121m<gs.morphs.MJCF(file='/workspace/parcel-sorter-rocm/third_party/genesis-world/genesis/assets/xml/franka_emika_panda/panda.xml')>[0m[38;5;159m, material: [38;5;121m<gs.materials.Rigid>[0m[38;5;159m.[0m
[38;5;226m[Genesis] [14:15:48] [WARNING] (MJCF) Approximating tendon by joint actuator for `finger_joint1`[0m
[38;5;226m[Genesis] [14:15:48] [WARNING] (MJCF) Approximating tendon by joint actuator for `finger_joint2`[0m
[38;5;159m[Genesis] [14:15:48] [INFO] Adding [38;5;121m<gs.engine.entities.RigidEntity>[0m[38;5;159m. idx: [38;5;121m4[0m[38;5;159m, uid: [38;5;121m[3m<4134f44>[0m[38;5;159m, morph: [38;5;121m<gs.morphs.Box>[0m[38;5;159m, material: [38;5;121m<gs.materials.Rigid>[0m[38;5;159m.[0m
[38;5;159m[Genesis] [14:15:48] [INFO] Building scene [38;5;121m[3m<f929498>[0m[38;5;159m...[0m
[38;5;226m[Genesis] [14:15:48] [WARNING] Neutral robot position (qpos0) exceeds joint limits.[0m
[38;5;159m[Genesis] [14:15:48] [INFO] Preprocessing geom idx [38;5;121m[4m26[0m[38;5;159m.[0m
[38;5;226m[Genesis] [14:15:48] [WARNING] Constraint solver time constant should be greater than 2*substep_dt. timeconst is changed from `0.005` to `0.00833333`). Decrease simulation timestep or increase timeconst to avoid altering the original value.[0m
[38;5;226m[Genesis] [14:15:49] [WARNING] Filtered out geometry pairs causing self-collision for the neutral configuration (qpos0): (8, 13), (9, 13), (16, 23), (17, 22), (18, 25), (19, 24). Consider tuning Morph option 'decompose_robot_error_threshold' or specify dedicated collision meshes. This behavior can be disabled by setting Morph option 'enable_neutral_collision=True'.[0m
[38;5;159m[Genesis] [14:15:50] [INFO] Compiling simulation kernels...[0m
[38;5;159m[Genesis] [14:15:50] [INFO] Building visualizer...[0m
{"episode": 3100001, "profile": "book_box", "success": false, "stage": "abort", "retries": 0}
[38;5;159m[Genesis] [14:15:50] [INFO] Scene [38;5;121m[3m<8290946>[0m[38;5;159m created.[0m
[38;5;159m[Genesis] [14:15:50] [INFO] Adding [38;5;121m<gs.engine.entities.RigidEntity>[0m[38;5;159m. idx: [38;5;121m0[0m[38;5;159m, uid: [38;5;121m[3m<fad2806>[0m[38;5;159m, morph: [38;5;121m<gs.morphs.Plane>[0m[38;5;159m, material: [38;5;121m<gs.materials.Rigid>[0m[38;5;159m.[0m
[38;5;159m[Genesis] [14:15:50] [INFO] Adding [38;5;121m<gs.engine.entities.RigidEntity>[0m[38;5;159m. idx: [38;5;121m1[0m[38;5;159m, uid: [38;5;121m[3m<d899627>[0m[38;5;159m, morph: [38;5;121m<gs.morphs.Box>[0m[38;5;159m, material: [38;5;121m<gs.materials.Rigid>[0m[38;5;159m.[0m
[38;5;159m[Genesis] [14:15:50] [INFO] Adding [38;5;121m<gs.engine.entities.RigidEntity>[0m[38;5;159m. idx: [38;5;121m2[0m[38;5;159m, uid: [38;5;121m[3m<f9cdd38>[0m[38;5;159m, morph: [38;5;121m<gs.morphs.Box>[0m[38;5;159m, material: [38;5;121m<gs.materials.Rigid>[0m[38;5;159m.[0m
[38;5;159m[Genesis] [14:15:50] [INFO] Adding [38;5;121m<gs.engine.entities.RigidEntity>[0m[38;5;159m. idx: [38;5;121m3[0m[38;5;159m, uid: [38;5;121m[3m<2b6b191>[0m[38;5;159m, morph: [38;5;121m<gs.morphs.MJCF(file='/workspace/parcel-sorter-rocm/third_party/genesis-world/genesis/assets/xml/franka_emika_panda/panda.xml')>[0m[38;5;159m, material: [38;5;121m<gs.materials.Rigid>[0m[38;5;159m.[0m
[38;5;226m[Genesis] [14:15:50] [WARNING] (MJCF) Approximating tendon by joint actuator for `finger_joint1`[0m
[38;5;226m[Genesis] [14:15:50] [WARNING] (MJCF) Approximating tendon by joint actuator for `finger_joint2`[0m
[38;5;159m[Genesis] [14:15:50] [INFO] Adding [38;5;121m<gs.engine.entities.RigidEntity>[0m[38;5;159m. idx: [38;5;121m4[0m[38;5;159m, uid: [38;5;121m[3m<fbca503>[0m[38;5;159m, morph: [38;5;121m<gs.morphs.Box>[0m[38;5;159m, material: [38;5;121m<gs.materials.Rigid>[0m[38;5;159m.[0m
[38;5;159m[Genesis] [14:15:50] [INFO] Building scene [38;5;121m[3m<8290946>[0m[38;5;159m...[0m
[38;5;226m[Genesis] [14:15:50] [WARNING] Neutral robot position (qpos0) exceeds joint limits.[0m
[38;5;159m[Genesis] [14:15:50] [INFO] Preprocessing geom idx [38;5;121m[4m26[0m[38;5;159m.[0m
[38;5;226m[Genesis] [14:15:50] [WARNING] Constraint solver time constant should be greater than 2*substep_dt. timeconst is changed from `0.005` to `0.00833333`). Decrease simulation timestep or increase timeconst to avoid altering the original value.[0m
[38;5;226m[Genesis] [14:15:52] [WARNING] Filtered out geometry pairs causing self-collision for the neutral configuration (qpos0): (8, 13), (9, 13), (16, 23), (17, 22), (18, 25), (19, 24). Consider tuning Morph option 'decompose_robot_error_threshold' or specify dedicated collision meshes. This behavior can be disabled by setting Morph option 'enable_neutral_collision=True'.[0m
[38;5;159m[Genesis] [14:15:53] [INFO] Compiling simulation kernels...[0m
[38;5;159m[Genesis] [14:15:53] [INFO] Building visualizer...[0m
{"episode": 3100002, "profile": "book_box", "success": true, "stage": "complete", "retries": 0}
[38;5;159m[Genesis] [14:16:01] [INFO] Scene [38;5;121m[3m<89e5d2b>[0m[38;5;159m created.[0m
[38;5;159m[Genesis] [14:16:01] [INFO] Adding [38;5;121m<gs.engine.entities.RigidEntity>[0m[38;5;159m. idx: [38;5;121m0[0m[38;5;159m, uid: [38;5;121m[3m<56f5aa0>[0m[38;5;159m, morph: [38;5;121m<gs.morphs.Plane>[0m[38;5;159m, material: [38;5;121m<gs.materials.Rigid>[0m[38;5;159m.[0m
[38;5;159m[Genesis] [14:16:01] [INFO] Adding [38;5;121m<gs.engine.entities.RigidEntity>[0m[38;5;159m. idx: [38;5;121m1[0m[38;5;159m, uid: [38;5;121m[3m<69c2999>[0m[38;5;159m, morph: [38;5;121m<gs.morphs.Box>[0m[38;5;159m, material: [38;5;121m<gs.materials.Rigid>[0m[38;5;159m.[0m
[38;5;159m[Genesis] [14:16:01] [INFO] Adding [38;5;121m<gs.engine.entities.RigidEntity>[0m[38;5;159m. idx: [38;5;121m2[0m[38;5;159m, uid: [38;5;121m[3m<132240e>[0m[38;5;159m, morph: [38;5;121m<gs.morphs.Box>[0m[38;5;159m, material: [38;5;121m<gs.materials.Rigid>[0m[38;5;159m.[0m
[38;5;159m[Genesis] [14:16:01] [INFO] Adding [38;5;121m<gs.engine.entities.RigidEntity>[0m[38;5;159m. idx: [38;5;121m3[0m[38;5;159m, uid: [38;5;121m[3m<03d7f73>[0m[38;5;159m, morph: [38;5;121m<gs.morphs.MJCF(file='/workspace/parcel-sorter-rocm/third_party/genesis-world/genesis/assets/xml/franka_emika_panda/panda.xml')>[0m[38;5;159m, material: [38;5;121m<gs.materials.Rigid>[0m[38;5;159m.[0m
[38;5;226m[Genesis] [14:16:01] [WARNING] (MJCF) Approximating tendon by joint actuator for `finger_joint1`[0m
[38;5;226m[Genesis] [14:16:01] [WARNING] (MJCF) Approximating tendon by joint actuator for `finger_joint2`[0m
[38;5;159m[Genesis] [14:16:01] [INFO] Adding [38;5;121m<gs.engine.entities.RigidEntity>[0m[38;5;159m. idx: [38;5;121m4[0m[38;5;159m, uid: [38;5;121m[3m<b08e593>[0m[38;5;159m, morph: [38;5;121m<gs.morphs.Box>[0m[38;5;159m, material: [38;5;121m<gs.materials.Rigid>[0m[38;5;159m.[0m
[38;5;159m[Genesis] [14:16:01] [INFO] Building scene [38;5;121m[3m<89e5d2b>[0m[38;5;159m...[0m
[38;5;226m[Genesis] [14:16:01] [WARNING] Neutral robot position (qpos0) exceeds joint limits.[0m
[38;5;159m[Genesis] [14:16:01] [INFO] Preprocessing geom idx [38;5;121m[4m26[0m[38;5;159m.[0m
[38;5;226m[Genesis] [14:16:01] [WARNING] Constraint solver time constant should be greater than 2*substep_dt. timeconst is changed from `0.005` to `0.00833333`). Decrease simulation timestep or increase timeconst to avoid altering the original value.[0m
[38;5;226m[Genesis] [14:16:02] [WARNING] Filtered out geometry pairs causing self-collision for the neutral configuration (qpos0): (8, 13), (9, 13), (16, 23), (17, 22), (18, 25), (19, 24). Consider tuning Morph option 'decompose_robot_error_threshold' or specify dedicated collision meshes. This behavior can be disabled by setting Morph option 'enable_neutral_collision=True'.[0m
[38;5;159m[Genesis] [14:16:03] [INFO] Compiling simulation kernels...[0m
[38;5;159m[Genesis] [14:16:03] [INFO] Building visualizer...[0m
{"episode": 3100003, "profile": "book_box", "success": true, "stage": "complete", "retries": 0}
[38;5;159m[Genesis] [14:16:11] [INFO] Scene [38;5;121m[3m<79f7b35>[0m[38;5;159m created.[0m
[38;5;159m[Genesis] [14:16:11] [INFO] Adding [38;5;121m<gs.engine.entities.RigidEntity>[0m[38;5;159m. idx: [38;5;121m0[0m[38;5;159m, uid: [38;5;121m[3m<2d33e54>[0m[38;5;159m, morph: [38;5;121m<gs.morphs.Plane>[0m[38;5;159m, material: [38;5;121m<gs.materials.Rigid>[0m[38;5;159m.[0m
[38;5;159m[Genesis] [14:16:11] [INFO] Adding [38;5;121m<gs.engine.entities.RigidEntity>[0m[38;5;159m. idx: [38;5;121m1[0m[38;5;159m, uid: [38;5;121m[3m<c43c55c>[0m[38;5;159m, morph: [38;5;121m<gs.morphs.Box>[0m[38;5;159m, material: [38;5;121m<gs.materials.Rigid>[0m[38;5;159m.[0m
[38;5;159m[Genesis] [14:16:11] [INFO] Adding [38;5;121m<gs.engine.entities.RigidEntity>[0m[38;5;159m. idx: [38;5;121m2[0m[38;5;159m, uid: [38;5;121m[3m<14a93cf>[0m[38;5;159m, morph: [38;5;121m<gs.morphs.Box>[0m[38;5;159m, material: [38;5;121m<gs.materials.Rigid>[0m[38;5;159m.[0m
[38;5;159m[Genesis] [14:16:11] [INFO] Adding [38;5;121m<gs.engine.entities.RigidEntity>[0m[38;5;159m. idx: [38;5;121m3[0m[38;5;159m, uid: [38;5;121m[3m<185a59c>[0m[38;5;159m, morph: [38;5;121m<gs.morphs.MJCF(file='/workspace/parcel-sorter-rocm/third_party/genesis-world/genesis/assets/xml/franka_emika_panda/panda.xml')>[0m[38;5;159m, material: [38;5;121m<gs.materials.Rigid>[0m[38;5;159m.[0m
[38;5;226m[Genesis] [14:16:11] [WARNING] (MJCF) Approximating tendon by joint actuator for `finger_joint1`[0m
[38;5;226m[Genesis] [14:16:11] [WARNING] (MJCF) Approximating tendon by joint actuator for `finger_joint2`[0m
[38;5;159m[Genesis] [14:16:11] [INFO] Adding [38;5;121m<gs.engine.entities.RigidEntity>[0m[38;5;159m. idx: [38;5;121m4[0m[38;5;159m, uid: [38;5;121m[3m<d090155>[0m[38;5;159m, morph: [38;5;121m<gs.morphs.Box>[0m[38;5;159m, material: [38;5;121m<gs.materials.Rigid>[0m[38;5;159m.[0m
[38;5;159m[Genesis] [14:16:11] [INFO] Building scene [38;5;121m[3m<79f7b35>[0m[38;5;159m...[0m
[38;5;226m[Genesis] [14:16:11] [WARNING] Neutral robot position (qpos0) exceeds joint limits.[0m
[38;5;159m[Genesis] [14:16:11] [INFO] Preprocessing geom idx [38;5;121m[4m26[0m[38;5;159m.[0m
[38;5;226m[Genesis] [14:16:11] [WARNING] Constraint solver time constant should be greater than 2*substep_dt. timeconst is changed from `0.005` to `0.00833333`). Decrease simulation timestep or increase timeconst to avoid altering the original value.[0m
[38;5;226m[Genesis] [14:16:12] [WARNING] Filtered out geometry pairs causing self-collision for the neutral configuration (qpos0): (8, 13), (9, 13), (16, 23), (17, 22), (18, 25), (19, 24). Consider tuning Morph option 'decompose_robot_error_threshold' or specify dedicated collision meshes. This behavior can be disabled by setting Morph option 'enable_neutral_collision=True'.[0m
[38;5;159m[Genesis] [14:16:13] [INFO] Compiling simulation kernels...[0m
[38;5;159m[Genesis] [14:16:13] [INFO] Building visualizer...[0m
{"episode": 3100004, "profile": "book_box", "success": false, "stage": "abort", "retries": 1}
[38;5;159m[Genesis] [14:16:35] [INFO] Scene [38;5;121m[3m<9558b75>[0m[38;5;159m created.[0m
[38;5;159m[Genesis] [14:16:35] [INFO] Adding [38;5;121m<gs.engine.entities.RigidEntity>[0m[38;5;159m. idx: [38;5;121m0[0m[38;5;159m, uid: [38;5;121m[3m<74f1bf8>[0m[38;5;159m, morph: [38;5;121m<gs.morphs.Plane>[0m[38;5;159m, material: [38;5;121m<gs.materials.Rigid>[0m[38;5;159m.[0m
[38;5;159m[Genesis] [14:16:35] [INFO] Adding [38;5;121m<gs.engine.entities.RigidEntity>[0m[38;5;159m. idx: [38;5;121m1[0m[38;5;159m, uid: [38;5;121m[3m<7e39b87>[0m[38;5;159m, morph: [38;5;121m<gs.morphs.Box>[0m[38;5;159m, material: [38;5;121m<gs.materials.Rigid>[0m[38;5;159m.[0m
[38;5;159m[Genesis] [14:16:35] [INFO] Adding [38;5;121m<gs.engine.entities.RigidEntity>[0m[38;5;159m. idx: [38;5;121m2[0m[38;5;159m, uid: [38;5;121m[3m<a048b3c>[0m[38;5;159m, morph: [38;5;121m<gs.morphs.Box>[0m[38;5;159m, material: [38;5;121m<gs.materials.Rigid>[0m[38;5;159m.[0m
[38;5;159m[Genesis] [14:16:35] [INFO] Adding [38;5;121m<gs.engine.entities.RigidEntity>[0m[38;5;159m. idx: [38;5;121m3[0m[38;5;159m, uid: [38;5;121m[3m<4d174a8>[0m[38;5;159m, morph: [38;5;121m<gs.morphs.MJCF(file='/workspace/parcel-sorter-rocm/third_party/genesis-world/genesis/assets/xml/franka_emika_panda/panda.xml')>[0m[38;5;159m, material: [38;5;121m<gs.materials.Rigid>[0m[38;5;159m.[0m
[38;5;226m[Genesis] [14:16:35] [WARNING] (MJCF) Approximating tendon by joint actuator for `finger_joint1`[0m
[38;5;226m[Genesis] [14:16:35] [WARNING] (MJCF) Approximating tendon by joint actuator for `finger_joint2`[0m
[38;5;159m[Genesis] [14:16:35] [INFO] Adding [38;5;121m<gs.engine.entities.RigidEntity>[0m[38;5;159m. idx: [38;5;121m4[0m[38;5;159m, uid: [38;5;121m[3m<f389efe>[0m[38;5;159m, morph: [38;5;121m<gs.morphs.Box>[0m[38;5;159m, material: [38;5;121m<gs.materials.Rigid>[0m[38;5;159m.[0m
[38;5;159m[Genesis] [14:16:35] [INFO] Building scene [38;5;121m[3m<9558b75>[0m[38;5;159m...[0m
[38;5;226m[Genesis] [14:16:36] [WARNING] Neutral robot position (qpos0) exceeds joint limits.[0m
[38;5;159m[Genesis] [14:16:36] [INFO] Preprocessing geom idx [38;5;121m[4m26[0m[38;5;159m.[0m
[38;5;226m[Genesis] [14:16:36] [WARNING] Constraint solver time constant should be greater than 2*substep_dt. timeconst is changed from `0.005` to `0.00833333`). Decrease simulation timestep or increase timeconst to avoid altering the original value.[0m
[38;5;226m[Genesis] [14:16:37] [WARNING] Filtered out geometry pairs causing self-collision for the neutral configuration (qpos0): (8, 13), (9, 13), (16, 23), (17, 22), (18, 25), (19, 24). Consider tuning Morph option 'decompose_robot_error_threshold' or specify dedicated collision meshes. This behavior can be disabled by setting Morph option 'enable_neutral_collision=True'.[0m
[38;5;159m[Genesis] [14:16:38] [INFO] Compiling simulation kernels...[0m
[38;5;159m[Genesis] [14:16:38] [INFO] Building visualizer...[0m
{"episode": 4100000, "profile": "medium_carton", "success": true, "stage": "complete", "retries": 0}
[38;5;159m[Genesis] [14:16:45] [INFO] Scene [38;5;121m[3m<74fec77>[0m[38;5;159m created.[0m
[38;5;159m[Genesis] [14:16:45] [INFO] Adding [38;5;121m<gs.engine.entities.RigidEntity>[0m[38;5;159m. idx: [38;5;121m0[0m[38;5;159m, uid: [38;5;121m[3m<99bb17e>[0m[38;5;159m, morph: [38;5;121m<gs.morphs.Plane>[0m[38;5;159m, material: [38;5;121m<gs.materials.Rigid>[0m[38;5;159m.[0m
[38;5;159m[Genesis] [14:16:45] [INFO] Adding [38;5;121m<gs.engine.entities.RigidEntity>[0m[38;5;159m. idx: [38;5;121m1[0m[38;5;159m, uid: [38;5;121m[3m<44e3cc6>[0m[38;5;159m, morph: [38;5;121m<gs.morphs.Box>[0m[38;5;159m, material: [38;5;121m<gs.materials.Rigid>[0m[38;5;159m.[0m
[38;5;159m[Genesis] [14:16:45] [INFO] Adding [38;5;121m<gs.engine.entities.RigidEntity>[0m[38;5;159m. idx: [38;5;121m2[0m[38;5;159m, uid: [38;5;121m[3m<aa1c10e>[0m[38;5;159m, morph: [38;5;121m<gs.morphs.Box>[0m[38;5;159m, material: [38;5;121m<gs.materials.Rigid>[0m[38;5;159m.[0m
[38;5;159m[Genesis] [14:16:45] [INFO] Adding [38;5;121m<gs.engine.entities.RigidEntity>[0m[38;5;159m. idx: [38;5;121m3[0m[38;5;159m, uid: [38;5;121m[3m<c7fff05>[0m[38;5;159m, morph: [38;5;121m<gs.morphs.MJCF(file='/workspace/parcel-sorter-rocm/third_party/genesis-world/genesis/assets/xml/franka_emika_panda/panda.xml')>[0m[38;5;159m, material: [38;5;121m<gs.materials.Rigid>[0m[38;5;159m.[0m
[38;5;226m[Genesis] [14:16:45] [WARNING] (MJCF) Approximating tendon by joint actuator for `finger_joint1`[0m
[38;5;226m[Genesis] [14:16:45] [WARNING] (MJCF) Approximating tendon by joint actuator for `finger_joint2`[0m
[38;5;159m[Genesis] [14:16:45] [INFO] Adding [38;5;121m<gs.engine.entities.RigidEntity>[0m[38;5;159m. idx: [38;5;121m4[0m[38;5;159m, uid: [38;5;121m[3m<c1f9bcd>[0m[38;5;159m, morph: [38;5;121m<gs.morphs.Box>[0m[38;5;159m, material: [38;5;121m<gs.materials.Rigid>[0m[38;5;159m.[0m
[38;5;159m[Genesis] [14:16:45] [INFO] Building scene [38;5;121m[3m<74fec77>[0m[38;5;159m...[0m
[38;5;226m[Genesis] [14:16:46] [WARNING] Neutral robot position (qpos0) exceeds joint limits.[0m
[38;5;159m[Genesis] [14:16:46] [INFO] Preprocessing geom idx [38;5;121m[4m26[0m[38;5;159m.[0m
[38;5;226m[Genesis] [14:16:46] [WARNING] Constraint solver time constant should be greater than 2*substep_dt. timeconst is changed from `0.005` to `0.00833333`). Decrease simulation timestep or increase timeconst to avoid altering the original value.[0m
[38;5;226m[Genesis] [14:16:47] [WARNING] Filtered out geometry pairs causing self-collision for the neutral configuration (qpos0): (8, 13), (9, 13), (16, 23), (17, 22), (18, 25), (19, 24). Consider tuning Morph option 'decompose_robot_error_threshold' or specify dedicated collision meshes. This behavior can be disabled by setting Morph option 'enable_neutral_collision=True'.[0m
[38;5;159m[Genesis] [14:16:48] [INFO] Compiling simulation kernels...[0m
[38;5;159m[Genesis] [14:16:48] [INFO] Building visualizer...[0m
{"episode": 4100001, "profile": "medium_carton", "success": false, "stage": "abort", "retries": 1}
[38;5;159m[Genesis] [14:16:55] [INFO] Scene [38;5;121m[3m<0b05a03>[0m[38;5;159m created.[0m
[38;5;159m[Genesis] [14:16:55] [INFO] Adding [38;5;121m<gs.engine.entities.RigidEntity>[0m[38;5;159m. idx: [38;5;121m0[0m[38;5;159m, uid: [38;5;121m[3m<c9b39e0>[0m[38;5;159m, morph: [38;5;121m<gs.morphs.Plane>[0m[38;5;159m, material: [38;5;121m<gs.materials.Rigid>[0m[38;5;159m.[0m
[38;5;159m[Genesis] [14:16:55] [INFO] Adding [38;5;121m<gs.engine.entities.RigidEntity>[0m[38;5;159m. idx: [38;5;121m1[0m[38;5;159m, uid: [38;5;121m[3m<a1f73f7>[0m[38;5;159m, morph: [38;5;121m<gs.morphs.Box>[0m[38;5;159m, material: [38;5;121m<gs.materials.Rigid>[0m[38;5;159m.[0m
[38;5;159m[Genesis] [14:16:55] [INFO] Adding [38;5;121m<gs.engine.entities.RigidEntity>[0m[38;5;159m. idx: [38;5;121m2[0m[38;5;159m, uid: [38;5;121m[3m<aa587dc>[0m[38;5;159m, morph: [38;5;121m<gs.morphs.Box>[0m[38;5;159m, material: [38;5;121m<gs.materials.Rigid>[0m[38;5;159m.[0m
[38;5;159m[Genesis] [14:16:55] [INFO] Adding [38;5;121m<gs.engine.entities.RigidEntity>[0m[38;5;159m. idx: [38;5;121m3[0m[38;5;159m, uid: [38;5;121m[3m<7d19651>[0m[38;5;159m, morph: [38;5;121m<gs.morphs.MJCF(file='/workspace/parcel-sorter-rocm/third_party/genesis-world/genesis/assets/xml/franka_emika_panda/panda.xml')>[0m[38;5;159m, material: [38;5;121m<gs.materials.Rigid>[0m[38;5;159m.[0m
[38;5;226m[Genesis] [14:16:56] [WARNING] (MJCF) Approximating tendon by joint actuator for `finger_joint1`[0m
[38;5;226m[Genesis] [14:16:56] [WARNING] (MJCF) Approximating tendon by joint actuator for `finger_joint2`[0m
[38;5;159m[Genesis] [14:16:56] [INFO] Adding [38;5;121m<gs.engine.entities.RigidEntity>[0m[38;5;159m. idx: [38;5;121m4[0m[38;5;159m, uid: [38;5;121m[3m<24b208a>[0m[38;5;159m, morph: [38;5;121m<gs.morphs.Box>[0m[38;5;159m, material: [38;5;121m<gs.materials.Rigid>[0m[38;5;159m.[0m
[38;5;159m[Genesis] [14:16:56] [INFO] Building scene [38;5;121m[3m<0b05a03>[0m[38;5;159m...[0m
[38;5;226m[Genesis] [14:16:56] [WARNING] Neutral robot position (qpos0) exceeds joint limits.[0m
[38;5;159m[Genesis] [14:16:56] [INFO] Preprocessing geom idx [38;5;121m[4m26[0m[38;5;159m.[0m
[38;5;226m[Genesis] [14:16:56] [WARNING] Constraint solver time constant should be greater than 2*substep_dt. timeconst is changed from `0.005` to `0.00833333`). Decrease simulation timestep or increase timeconst to avoid altering the original value.[0m
[38;5;226m[Genesis] [14:16:57] [WARNING] Filtered out geometry pairs causing self-collision for the neutral configuration (qpos0): (8, 13), (9, 13), (16, 23), (17, 22), (18, 25), (19, 24). Consider tuning Morph option 'decompose_robot_error_threshold' or specify dedicated collision meshes. This behavior can be disabled by setting Morph option 'enable_neutral_collision=True'.[0m
[38;5;159m[Genesis] [14:16:58] [INFO] Compiling simulation kernels...[0m
[38;5;159m[Genesis] [14:16:58] [INFO] Building visualizer...[0m
{"episode": 4100002, "profile": "medium_carton", "success": false, "stage": "abort", "retries": 0}
[38;5;159m[Genesis] [14:17:03] [INFO] Scene [38;5;121m[3m<9f1731b>[0m[38;5;159m created.[0m
[38;5;159m[Genesis] [14:17:03] [INFO] Adding [38;5;121m<gs.engine.entities.RigidEntity>[0m[38;5;159m. idx: [38;5;121m0[0m[38;5;159m, uid: [38;5;121m[3m<1f138a6>[0m[38;5;159m, morph: [38;5;121m<gs.morphs.Plane>[0m[38;5;159m, material: [38;5;121m<gs.materials.Rigid>[0m[38;5;159m.[0m
[38;5;159m[Genesis] [14:17:03] [INFO] Adding [38;5;121m<gs.engine.entities.RigidEntity>[0m[38;5;159m. idx: [38;5;121m1[0m[38;5;159m, uid: [38;5;121m[3m<57c1e49>[0m[38;5;159m, morph: [38;5;121m<gs.morphs.Box>[0m[38;5;159m, material: [38;5;121m<gs.materials.Rigid>[0m[38;5;159m.[0m
[38;5;159m[Genesis] [14:17:03] [INFO] Adding [38;5;121m<gs.engine.entities.RigidEntity>[0m[38;5;159m. idx: [38;5;121m2[0m[38;5;159m, uid: [38;5;121m[3m<fc6f0b2>[0m[38;5;159m, morph: [38;5;121m<gs.morphs.Box>[0m[38;5;159m, material: [38;5;121m<gs.materials.Rigid>[0m[38;5;159m.[0m
[38;5;159m[Genesis] [14:17:03] [INFO] Adding [38;5;121m<gs.engine.entities.RigidEntity>[0m[38;5;159m. idx: [38;5;121m3[0m[38;5;159m, uid: [38;5;121m[3m<9eade0f>[0m[38;5;159m, morph: [38;5;121m<gs.morphs.MJCF(file='/workspace/parcel-sorter-rocm/third_party/genesis-world/genesis/assets/xml/franka_emika_panda/panda.xml')>[0m[38;5;159m, material: [38;5;121m<gs.materials.Rigid>[0m[38;5;159m.[0m
[38;5;226m[Genesis] [14:17:03] [WARNING] (MJCF) Approximating tendon by joint actuator for `finger_joint1`[0m
[38;5;226m[Genesis] [14:17:03] [WARNING] (MJCF) Approximating tendon by joint actuator for `finger_joint2`[0m
[38;5;159m[Genesis] [14:17:03] [INFO] Adding [38;5;121m<gs.engine.entities.RigidEntity>[0m[38;5;159m. idx: [38;5;121m4[0m[38;5;159m, uid: [38;5;121m[3m<f9b3c40>[0m[38;5;159m, morph: [38;5;121m<gs.morphs.Box>[0m[38;5;159m, material: [38;5;121m<gs.materials.Rigid>[0m[38;5;159m.[0m
[38;5;159m[Genesis] [14:17:03] [INFO] Building scene [38;5;121m[3m<9f1731b>[0m[38;5;159m...[0m
[38;5;226m[Genesis] [14:17:04] [WARNING] Neutral robot position (qpos0) exceeds joint limits.[0m
[38;5;159m[Genesis] [14:17:04] [INFO] Preprocessing geom idx [38;5;121m[4m26[0m[38;5;159m.[0m
[38;5;226m[Genesis] [14:17:04] [WARNING] Constraint solver time constant should be greater than 2*substep_dt. timeconst is changed from `0.005` to `0.00833333`). Decrease simulation timestep or increase timeconst to avoid altering the original value.[0m
[38;5;226m[Genesis] [14:17:05] [WARNING] Filtered out geometry pairs causing self-collision for the neutral configuration (qpos0): (8, 13), (9, 13), (16, 23), (17, 22), (18, 25), (19, 24). Consider tuning Morph option 'decompose_robot_error_threshold' or specify dedicated collision meshes. This behavior can be disabled by setting Morph option 'enable_neutral_collision=True'.[0m
[38;5;159m[Genesis] [14:17:06] [INFO] Compiling simulation kernels...[0m
[38;5;159m[Genesis] [14:17:06] [INFO] Building visualizer...[0m
{"episode": 4100003, "profile": "medium_carton", "success": true, "stage": "complete", "retries": 0}
[38;5;159m[Genesis] [14:17:12] [INFO] Scene [38;5;121m[3m<1a3f9f5>[0m[38;5;159m created.[0m
[38;5;159m[Genesis] [14:17:12] [INFO] Adding [38;5;121m<gs.engine.entities.RigidEntity>[0m[38;5;159m. idx: [38;5;121m0[0m[38;5;159m, uid: [38;5;121m[3m<ffc2b1a>[0m[38;5;159m, morph: [38;5;121m<gs.morphs.Plane>[0m[38;5;159m, material: [38;5;121m<gs.materials.Rigid>[0m[38;5;159m.[0m
[38;5;159m[Genesis] [14:17:12] [INFO] Adding [38;5;121m<gs.engine.entities.RigidEntity>[0m[38;5;159m. idx: [38;5;121m1[0m[38;5;159m, uid: [38;5;121m[3m<2d83444>[0m[38;5;159m, morph: [38;5;121m<gs.morphs.Box>[0m[38;5;159m, material: [38;5;121m<gs.materials.Rigid>[0m[38;5;159m.[0m
[38;5;159m[Genesis] [14:17:12] [INFO] Adding [38;5;121m<gs.engine.entities.RigidEntity>[0m[38;5;159m. idx: [38;5;121m2[0m[38;5;159m, uid: [38;5;121m[3m<2265b45>[0m[38;5;159m, morph: [38;5;121m<gs.morphs.Box>[0m[38;5;159m, material: [38;5;121m<gs.materials.Rigid>[0m[38;5;159m.[0m
[38;5;159m[Genesis] [14:17:12] [INFO] Adding [38;5;121m<gs.engine.entities.RigidEntity>[0m[38;5;159m. idx: [38;5;121m3[0m[38;5;159m, uid: [38;5;121m[3m<489d55f>[0m[38;5;159m, morph: [38;5;121m<gs.morphs.MJCF(file='/workspace/parcel-sorter-rocm/third_party/genesis-world/genesis/assets/xml/franka_emika_panda/panda.xml')>[0m[38;5;159m, material: [38;5;121m<gs.materials.Rigid>[0m[38;5;159m.[0m
[38;5;226m[Genesis] [14:17:12] [WARNING] (MJCF) Approximating tendon by joint actuator for `finger_joint1`[0m
[38;5;226m[Genesis] [14:17:12] [WARNING] (MJCF) Approximating tendon by joint actuator for `finger_joint2`[0m
[38;5;159m[Genesis] [14:17:12] [INFO] Adding [38;5;121m<gs.engine.entities.RigidEntity>[0m[38;5;159m. idx: [38;5;121m4[0m[38;5;159m, uid: [38;5;121m[3m<2b39dcf>[0m[38;5;159m, morph: [38;5;121m<gs.morphs.Box>[0m[38;5;159m, material: [38;5;121m<gs.materials.Rigid>[0m[38;5;159m.[0m
[38;5;159m[Genesis] [14:17:12] [INFO] Building scene [38;5;121m[3m<1a3f9f5>[0m[38;5;159m...[0m
[38;5;226m[Genesis] [14:17:13] [WARNING] Neutral robot position (qpos0) exceeds joint limits.[0m
[38;5;159m[Genesis] [14:17:13] [INFO] Preprocessing geom idx [38;5;121m[4m26[0m[38;5;159m.[0m
[38;5;226m[Genesis] [14:17:13] [WARNING] Constraint solver time constant should be greater than 2*substep_dt. timeconst is changed from `0.005` to `0.00833333`). Decrease simulation timestep or increase timeconst to avoid altering the original value.[0m
[38;5;226m[Genesis] [14:17:14] [WARNING] Filtered out geometry pairs causing self-collision for the neutral configuration (qpos0): (8, 13), (9, 13), (16, 23), (17, 22), (18, 25), (19, 24). Consider tuning Morph option 'decompose_robot_error_threshold' or specify dedicated collision meshes. This behavior can be disabled by setting Morph option 'enable_neutral_collision=True'.[0m
[38;5;159m[Genesis] [14:17:15] [INFO] Compiling simulation kernels...[0m
[38;5;159m[Genesis] [14:17:15] [INFO] Building visualizer...[0m
{"episode": 4100004, "profile": "medium_carton", "success": true, "stage": "complete", "retries": 0}
[38;5;159m[Genesis] [14:17:22] [INFO] Scene [38;5;121m[3m<8d57458>[0m[38;5;159m created.[0m
[38;5;159m[Genesis] [14:17:22] [INFO] Adding [38;5;121m<gs.engine.entities.RigidEntity>[0m[38;5;159m. idx: [38;5;121m0[0m[38;5;159m, uid: [38;5;121m[3m<874f5d5>[0m[38;5;159m, morph: [38;5;121m<gs.morphs.Plane>[0m[38;5;159m, material: [38;5;121m<gs.materials.Rigid>[0m[38;5;159m.[0m
[38;5;159m[Genesis] [14:17:22] [INFO] Adding [38;5;121m<gs.engine.entities.RigidEntity>[0m[38;5;159m. idx: [38;5;121m1[0m[38;5;159m, uid: [38;5;121m[3m<d537450>[0m[38;5;159m, morph: [38;5;121m<gs.morphs.Box>[0m[38;5;159m, material: [38;5;121m<gs.materials.Rigid>[0m[38;5;159m.[0m
[38;5;159m[Genesis] [14:17:22] [INFO] Adding [38;5;121m<gs.engine.entities.RigidEntity>[0m[38;5;159m. idx: [38;5;121m2[0m[38;5;159m, uid: [38;5;121m[3m<534d241>[0m[38;5;159m, morph: [38;5;121m<gs.morphs.Box>[0m[38;5;159m, material: [38;5;121m<gs.materials.Rigid>[0m[38;5;159m.[0m
[38;5;159m[Genesis] [14:17:22] [INFO] Adding [38;5;121m<gs.engine.entities.RigidEntity>[0m[38;5;159m. idx: [38;5;121m3[0m[38;5;159m, uid: [38;5;121m[3m<21d49e5>[0m[38;5;159m, morph: [38;5;121m<gs.morphs.MJCF(file='/workspace/parcel-sorter-rocm/third_party/genesis-world/genesis/assets/xml/franka_emika_panda/panda.xml')>[0m[38;5;159m, material: [38;5;121m<gs.materials.Rigid>[0m[38;5;159m.[0m
[38;5;226m[Genesis] [14:17:22] [WARNING] (MJCF) Approximating tendon by joint actuator for `finger_joint1`[0m
[38;5;226m[Genesis] [14:17:22] [WARNING] (MJCF) Approximating tendon by joint actuator for `finger_joint2`[0m
[38;5;159m[Genesis] [14:17:22] [INFO] Adding [38;5;121m<gs.engine.entities.RigidEntity>[0m[38;5;159m. idx: [38;5;121m4[0m[38;5;159m, uid: [38;5;121m[3m<23b5e71>[0m[38;5;159m, morph: [38;5;121m<gs.morphs.Box>[0m[38;5;159m, material: [38;5;121m<gs.materials.Rigid>[0m[38;5;159m.[0m
[38;5;159m[Genesis] [14:17:22] [INFO] Building scene [38;5;121m[3m<8d57458>[0m[38;5;159m...[0m
[38;5;226m[Genesis] [14:17:22] [WARNING] Neutral robot position (qpos0) exceeds joint limits.[0m
[38;5;159m[Genesis] [14:17:22] [INFO] Preprocessing geom idx [38;5;121m[4m26[0m[38;5;159m.[0m
[38;5;226m[Genesis] [14:17:22] [WARNING] Constraint solver time constant should be greater than 2*substep_dt. timeconst is changed from `0.005` to `0.00833333`). Decrease simulation timestep or increase timeconst to avoid altering the original value.[0m
[38;5;226m[Genesis] [14:17:24] [WARNING] Filtered out geometry pairs causing self-collision for the neutral configuration (qpos0): (8, 13), (9, 13), (16, 23), (17, 22), (18, 25), (19, 24). Consider tuning Morph option 'decompose_robot_error_threshold' or specify dedicated collision meshes. This behavior can be disabled by setting Morph option 'enable_neutral_collision=True'.[0m
[38;5;159m[Genesis] [14:17:24] [INFO] Compiling simulation kernels...[0m
[38;5;159m[Genesis] [14:17:25] [INFO] Building visualizer...[0m
{"episode": 5100000, "profile": "shoe_box_proxy", "success": true, "stage": "complete", "retries": 1}
[38;5;159m[Genesis] [14:17:32] [INFO] Scene [38;5;121m[3m<767d77a>[0m[38;5;159m created.[0m
[38;5;159m[Genesis] [14:17:32] [INFO] Adding [38;5;121m<gs.engine.entities.RigidEntity>[0m[38;5;159m. idx: [38;5;121m0[0m[38;5;159m, uid: [38;5;121m[3m<1a10c1e>[0m[38;5;159m, morph: [38;5;121m<gs.morphs.Plane>[0m[38;5;159m, material: [38;5;121m<gs.materials.Rigid>[0m[38;5;159m.[0m
[38;5;159m[Genesis] [14:17:32] [INFO] Adding [38;5;121m<gs.engine.entities.RigidEntity>[0m[38;5;159m. idx: [38;5;121m1[0m[38;5;159m, uid: [38;5;121m[3m<017327a>[0m[38;5;159m, morph: [38;5;121m<gs.morphs.Box>[0m[38;5;159m, material: [38;5;121m<gs.materials.Rigid>[0m[38;5;159m.[0m
[38;5;159m[Genesis] [14:17:32] [INFO] Adding [38;5;121m<gs.engine.entities.RigidEntity>[0m[38;5;159m. idx: [38;5;121m2[0m[38;5;159m, uid: [38;5;121m[3m<5be3a46>[0m[38;5;159m, morph: [38;5;121m<gs.morphs.Box>[0m[38;5;159m, material: [38;5;121m<gs.materials.Rigid>[0m[38;5;159m.[0m
[38;5;159m[Genesis] [14:17:32] [INFO] Adding [38;5;121m<gs.engine.entities.RigidEntity>[0m[38;5;159m. idx: [38;5;121m3[0m[38;5;159m, uid: [38;5;121m[3m<8d44041>[0m[38;5;159m, morph: [38;5;121m<gs.morphs.MJCF(file='/workspace/parcel-sorter-rocm/third_party/genesis-world/genesis/assets/xml/franka_emika_panda/panda.xml')>[0m[38;5;159m, material: [38;5;121m<gs.materials.Rigid>[0m[38;5;159m.[0m
[38;5;226m[Genesis] [14:17:32] [WARNING] (MJCF) Approximating tendon by joint actuator for `finger_joint1`[0m
[38;5;226m[Genesis] [14:17:32] [WARNING] (MJCF) Approximating tendon by joint actuator for `finger_joint2`[0m
[38;5;159m[Genesis] [14:17:32] [INFO] Adding [38;5;121m<gs.engine.entities.RigidEntity>[0m[38;5;159m. idx: [38;5;121m4[0m[38;5;159m, uid: [38;5;121m[3m<6246497>[0m[38;5;159m, morph: [38;5;121m<gs.morphs.Box>[0m[38;5;159m, material: [38;5;121m<gs.materials.Rigid>[0m[38;5;159m.[0m
[38;5;159m[Genesis] [14:17:32] [INFO] Building scene [38;5;121m[3m<767d77a>[0m[38;5;159m...[0m
[38;5;226m[Genesis] [14:17:32] [WARNING] Neutral robot position (qpos0) exceeds joint limits.[0m
[38;5;159m[Genesis] [14:17:32] [INFO] Preprocessing geom idx [38;5;121m[4m26[0m[38;5;159m.[0m
[38;5;226m[Genesis] [14:17:32] [WARNING] Constraint solver time constant should be greater than 2*substep_dt. timeconst is changed from `0.005` to `0.00833333`). Decrease simulation timestep or increase timeconst to avoid altering the original value.[0m
[38;5;226m[Genesis] [14:17:33] [WARNING] Filtered out geometry pairs causing self-collision for the neutral configuration (qpos0): (8, 13), (9, 13), (16, 23), (17, 22), (18, 25), (19, 24). Consider tuning Morph option 'decompose_robot_error_threshold' or specify dedicated collision meshes. This behavior can be disabled by setting Morph option 'enable_neutral_collision=True'.[0m
[38;5;159m[Genesis] [14:17:34] [INFO] Compiling simulation kernels...[0m
[38;5;159m[Genesis] [14:17:35] [INFO] Building visualizer...[0m
{"episode": 5100001, "profile": "shoe_box_proxy", "success": false, "stage": "abort", "retries": 0}
[38;5;159m[Genesis] [14:17:39] [INFO] Scene [38;5;121m[3m<060a863>[0m[38;5;159m created.[0m
[38;5;159m[Genesis] [14:17:39] [INFO] Adding [38;5;121m<gs.engine.entities.RigidEntity>[0m[38;5;159m. idx: [38;5;121m0[0m[38;5;159m, uid: [38;5;121m[3m<eae11af>[0m[38;5;159m, morph: [38;5;121m<gs.morphs.Plane>[0m[38;5;159m, material: [38;5;121m<gs.materials.Rigid>[0m[38;5;159m.[0m
[38;5;159m[Genesis] [14:17:39] [INFO] Adding [38;5;121m<gs.engine.entities.RigidEntity>[0m[38;5;159m. idx: [38;5;121m1[0m[38;5;159m, uid: [38;5;121m[3m<d092881>[0m[38;5;159m, morph: [38;5;121m<gs.morphs.Box>[0m[38;5;159m, material: [38;5;121m<gs.materials.Rigid>[0m[38;5;159m.[0m
[38;5;159m[Genesis] [14:17:39] [INFO] Adding [38;5;121m<gs.engine.entities.RigidEntity>[0m[38;5;159m. idx: [38;5;121m2[0m[38;5;159m, uid: [38;5;121m[3m<6c70f8d>[0m[38;5;159m, morph: [38;5;121m<gs.morphs.Box>[0m[38;5;159m, material: [38;5;121m<gs.materials.Rigid>[0m[38;5;159m.[0m
[38;5;159m[Genesis] [14:17:39] [INFO] Adding [38;5;121m<gs.engine.entities.RigidEntity>[0m[38;5;159m. idx: [38;5;121m3[0m[38;5;159m, uid: [38;5;121m[3m<db6ec93>[0m[38;5;159m, morph: [38;5;121m<gs.morphs.MJCF(file='/workspace/parcel-sorter-rocm/third_party/genesis-world/genesis/assets/xml/franka_emika_panda/panda.xml')>[0m[38;5;159m, material: [38;5;121m<gs.materials.Rigid>[0m[38;5;159m.[0m
[38;5;226m[Genesis] [14:17:40] [WARNING] (MJCF) Approximating tendon by joint actuator for `finger_joint1`[0m
[38;5;226m[Genesis] [14:17:40] [WARNING] (MJCF) Approximating tendon by joint actuator for `finger_joint2`[0m
[38;5;159m[Genesis] [14:17:40] [INFO] Adding [38;5;121m<gs.engine.entities.RigidEntity>[0m[38;5;159m. idx: [38;5;121m4[0m[38;5;159m, uid: [38;5;121m[3m<6d11f58>[0m[38;5;159m, morph: [38;5;121m<gs.morphs.Box>[0m[38;5;159m, material: [38;5;121m<gs.materials.Rigid>[0m[38;5;159m.[0m
[38;5;159m[Genesis] [14:17:40] [INFO] Building scene [38;5;121m[3m<060a863>[0m[38;5;159m...[0m
[38;5;226m[Genesis] [14:17:40] [WARNING] Neutral robot position (qpos0) exceeds joint limits.[0m
[38;5;159m[Genesis] [14:17:40] [INFO] Preprocessing geom idx [38;5;121m[4m26[0m[38;5;159m.[0m
[38;5;226m[Genesis] [14:17:40] [WARNING] Constraint solver time constant should be greater than 2*substep_dt. timeconst is changed from `0.005` to `0.00833333`). Decrease simulation timestep or increase timeconst to avoid altering the original value.[0m
[38;5;226m[Genesis] [14:17:41] [WARNING] Filtered out geometry pairs causing self-collision for the neutral configuration (qpos0): (8, 13), (9, 13), (16, 23), (17, 22), (18, 25), (19, 24). Consider tuning Morph option 'decompose_robot_error_threshold' or specify dedicated collision meshes. This behavior can be disabled by setting Morph option 'enable_neutral_collision=True'.[0m
[38;5;159m[Genesis] [14:17:42] [INFO] Compiling simulation kernels...[0m
[38;5;159m[Genesis] [14:17:42] [INFO] Building visualizer...[0m
{"episode": 5100002, "profile": "shoe_box_proxy", "success": false, "stage": "abort", "retries": 0}
[38;5;159m[Genesis] [14:17:42] [INFO] Scene [38;5;121m[3m<0fcea99>[0m[38;5;159m created.[0m
[38;5;159m[Genesis] [14:17:42] [INFO] Adding [38;5;121m<gs.engine.entities.RigidEntity>[0m[38;5;159m. idx: [38;5;121m0[0m[38;5;159m, uid: [38;5;121m[3m<f9657a2>[0m[38;5;159m, morph: [38;5;121m<gs.morphs.Plane>[0m[38;5;159m, material: [38;5;121m<gs.materials.Rigid>[0m[38;5;159m.[0m
[38;5;159m[Genesis] [14:17:42] [INFO] Adding [38;5;121m<gs.engine.entities.RigidEntity>[0m[38;5;159m. idx: [38;5;121m1[0m[38;5;159m, uid: [38;5;121m[3m<4847dbc>[0m[38;5;159m, morph: [38;5;121m<gs.morphs.Box>[0m[38;5;159m, material: [38;5;121m<gs.materials.Rigid>[0m[38;5;159m.[0m
[38;5;159m[Genesis] [14:17:42] [INFO] Adding [38;5;121m<gs.engine.entities.RigidEntity>[0m[38;5;159m. idx: [38;5;121m2[0m[38;5;159m, uid: [38;5;121m[3m<e2b8cde>[0m[38;5;159m, morph: [38;5;121m<gs.morphs.Box>[0m[38;5;159m, material: [38;5;121m<gs.materials.Rigid>[0m[38;5;159m.[0m
[38;5;159m[Genesis] [14:17:42] [INFO] Adding [38;5;121m<gs.engine.entities.RigidEntity>[0m[38;5;159m. idx: [38;5;121m3[0m[38;5;159m, uid: [38;5;121m[3m<b204dfa>[0m[38;5;159m, morph: [38;5;121m<gs.morphs.MJCF(file='/workspace/parcel-sorter-rocm/third_party/genesis-world/genesis/assets/xml/franka_emika_panda/panda.xml')>[0m[38;5;159m, material: [38;5;121m<gs.materials.Rigid>[0m[38;5;159m.[0m
[38;5;226m[Genesis] [14:17:42] [WARNING] (MJCF) Approximating tendon by joint actuator for `finger_joint1`[0m
[38;5;226m[Genesis] [14:17:42] [WARNING] (MJCF) Approximating tendon by joint actuator for `finger_joint2`[0m
[38;5;159m[Genesis] [14:17:42] [INFO] Adding [38;5;121m<gs.engine.entities.RigidEntity>[0m[38;5;159m. idx: [38;5;121m4[0m[38;5;159m, uid: [38;5;121m[3m<81974c9>[0m[38;5;159m, morph: [38;5;121m<gs.morphs.Box>[0m[38;5;159m, material: [38;5;121m<gs.materials.Rigid>[0m[38;5;159m.[0m
[38;5;159m[Genesis] [14:17:42] [INFO] Building scene [38;5;121m[3m<0fcea99>[0m[38;5;159m...[0m
[38;5;226m[Genesis] [14:17:43] [WARNING] Neutral robot position (qpos0) exceeds joint limits.[0m
[38;5;159m[Genesis] [14:17:43] [INFO] Preprocessing geom idx [38;5;121m[4m26[0m[38;5;159m.[0m
[38;5;226m[Genesis] [14:17:43] [WARNING] Constraint solver time constant should be greater than 2*substep_dt. timeconst is changed from `0.005` to `0.00833333`). Decrease simulation timestep or increase timeconst to avoid altering the original value.[0m
[38;5;226m[Genesis] [14:17:44] [WARNING] Filtered out geometry pairs causing self-collision for the neutral configuration (qpos0): (8, 13), (9, 13), (16, 23), (17, 22), (18, 25), (19, 24). Consider tuning Morph option 'decompose_robot_error_threshold' or specify dedicated collision meshes. This behavior can be disabled by setting Morph option 'enable_neutral_collision=True'.[0m
[38;5;159m[Genesis] [14:17:45] [INFO] Compiling simulation kernels...[0m
[38;5;159m[Genesis] [14:17:45] [INFO] Building visualizer...[0m
{"episode": 5100003, "profile": "shoe_box_proxy", "success": true, "stage": "complete", "retries": 2}
[38;5;159m[Genesis] [14:17:54] [INFO] Scene [38;5;121m[3m<6b92762>[0m[38;5;159m created.[0m
[38;5;159m[Genesis] [14:17:54] [INFO] Adding [38;5;121m<gs.engine.entities.RigidEntity>[0m[38;5;159m. idx: [38;5;121m0[0m[38;5;159m, uid: [38;5;121m[3m<e44c0b7>[0m[38;5;159m, morph: [38;5;121m<gs.morphs.Plane>[0m[38;5;159m, material: [38;5;121m<gs.materials.Rigid>[0m[38;5;159m.[0m
[38;5;159m[Genesis] [14:17:54] [INFO] Adding [38;5;121m<gs.engine.entities.RigidEntity>[0m[38;5;159m. idx: [38;5;121m1[0m[38;5;159m, uid: [38;5;121m[3m<4714e6e>[0m[38;5;159m, morph: [38;5;121m<gs.morphs.Box>[0m[38;5;159m, material: [38;5;121m<gs.materials.Rigid>[0m[38;5;159m.[0m
[38;5;159m[Genesis] [14:17:54] [INFO] Adding [38;5;121m<gs.engine.entities.RigidEntity>[0m[38;5;159m. idx: [38;5;121m2[0m[38;5;159m, uid: [38;5;121m[3m<5154457>[0m[38;5;159m, morph: [38;5;121m<gs.morphs.Box>[0m[38;5;159m, material: [38;5;121m<gs.materials.Rigid>[0m[38;5;159m.[0m
[38;5;159m[Genesis] [14:17:54] [INFO] Adding [38;5;121m<gs.engine.entities.RigidEntity>[0m[38;5;159m. idx: [38;5;121m3[0m[38;5;159m, uid: [38;5;121m[3m<e96d986>[0m[38;5;159m, morph: [38;5;121m<gs.morphs.MJCF(file='/workspace/parcel-sorter-rocm/third_party/genesis-world/genesis/assets/xml/franka_emika_panda/panda.xml')>[0m[38;5;159m, material: [38;5;121m<gs.materials.Rigid>[0m[38;5;159m.[0m
[38;5;226m[Genesis] [14:17:54] [WARNING] (MJCF) Approximating tendon by joint actuator for `finger_joint1`[0m
[38;5;226m[Genesis] [14:17:54] [WARNING] (MJCF) Approximating tendon by joint actuator for `finger_joint2`[0m
[38;5;159m[Genesis] [14:17:54] [INFO] Adding [38;5;121m<gs.engine.entities.RigidEntity>[0m[38;5;159m. idx: [38;5;121m4[0m[38;5;159m, uid: [38;5;121m[3m<c044eba>[0m[38;5;159m, morph: [38;5;121m<gs.morphs.Box>[0m[38;5;159m, material: [38;5;121m<gs.materials.Rigid>[0m[38;5;159m.[0m
[38;5;159m[Genesis] [14:17:54] [INFO] Building scene [38;5;121m[3m<6b92762>[0m[38;5;159m...[0m
[38;5;226m[Genesis] [14:17:54] [WARNING] Neutral robot position (qpos0) exceeds joint limits.[0m
[38;5;159m[Genesis] [14:17:54] [INFO] Preprocessing geom idx [38;5;121m[4m26[0m[38;5;159m.[0m
[38;5;226m[Genesis] [14:17:54] [WARNING] Constraint solver time constant should be greater than 2*substep_dt. timeconst is changed from `0.005` to `0.00833333`). Decrease simulation timestep or increase timeconst to avoid altering the original value.[0m
[38;5;226m[Genesis] [14:17:55] [WARNING] Filtered out geometry pairs causing self-collision for the neutral configuration (qpos0): (8, 13), (9, 13), (16, 23), (17, 22), (18, 25), (19, 24). Consider tuning Morph option 'decompose_robot_error_threshold' or specify dedicated collision meshes. This behavior can be disabled by setting Morph option 'enable_neutral_collision=True'.[0m
[38;5;159m[Genesis] [14:17:56] [INFO] Compiling simulation kernels...[0m
[38;5;159m[Genesis] [14:17:56] [INFO] Building visualizer...[0m
{"episode": 5100004, "profile": "shoe_box_proxy", "success": true, "stage": "complete", "retries": 0}
[38;5;159m[Genesis] [14:18:04] [INFO] Scene [38;5;121m[3m<4cf10d2>[0m[38;5;159m created.[0m
[38;5;159m[Genesis] [14:18:04] [INFO] Adding [38;5;121m<gs.engine.entities.RigidEntity>[0m[38;5;159m. idx: [38;5;121m0[0m[38;5;159m, uid: [38;5;121m[3m<90b1dd8>[0m[38;5;159m, morph: [38;5;121m<gs.morphs.Plane>[0m[38;5;159m, material: [38;5;121m<gs.materials.Rigid>[0m[38;5;159m.[0m
[38;5;159m[Genesis] [14:18:04] [INFO] Adding [38;5;121m<gs.engine.entities.RigidEntity>[0m[38;5;159m. idx: [38;5;121m1[0m[38;5;159m, uid: [38;5;121m[3m<61e41d1>[0m[38;5;159m, morph: [38;5;121m<gs.morphs.Box>[0m[38;5;159m, material: [38;5;121m<gs.materials.Rigid>[0m[38;5;159m.[0m
[38;5;159m[Genesis] [14:18:04] [INFO] Adding [38;5;121m<gs.engine.entities.RigidEntity>[0m[38;5;159m. idx: [38;5;121m2[0m[38;5;159m, uid: [38;5;121m[3m<f3584c8>[0m[38;5;159m, morph: [38;5;121m<gs.morphs.Box>[0m[38;5;159m, material: [38;5;121m<gs.materials.Rigid>[0m[38;5;159m.[0m
[38;5;159m[Genesis] [14:18:04] [INFO] Adding [38;5;121m<gs.engine.entities.RigidEntity>[0m[38;5;159m. idx: [38;5;121m3[0m[38;5;159m, uid: [38;5;121m[3m<08d2390>[0m[38;5;159m, morph: [38;5;121m<gs.morphs.MJCF(file='/workspace/parcel-sorter-rocm/third_party/genesis-world/genesis/assets/xml/franka_emika_panda/panda.xml')>[0m[38;5;159m, material: [38;5;121m<gs.materials.Rigid>[0m[38;5;159m.[0m
[38;5;226m[Genesis] [14:18:04] [WARNING] (MJCF) Approximating tendon by joint actuator for `finger_joint1`[0m
[38;5;226m[Genesis] [14:18:04] [WARNING] (MJCF) Approximating tendon by joint actuator for `finger_joint2`[0m
[38;5;159m[Genesis] [14:18:04] [INFO] Adding [38;5;121m<gs.engine.entities.RigidEntity>[0m[38;5;159m. idx: [38;5;121m4[0m[38;5;159m, uid: [38;5;121m[3m<a9d68ab>[0m[38;5;159m, morph: [38;5;121m<gs.morphs.Box>[0m[38;5;159m, material: [38;5;121m<gs.materials.Rigid>[0m[38;5;159m.[0m
[38;5;159m[Genesis] [14:18:04] [INFO] Building scene [38;5;121m[3m<4cf10d2>[0m[38;5;159m...[0m
[38;5;226m[Genesis] [14:18:04] [WARNING] Neutral robot position (qpos0) exceeds joint limits.[0m
[38;5;159m[Genesis] [14:18:04] [INFO] Preprocessing geom idx [38;5;121m[4m26[0m[38;5;159m.[0m
[38;5;226m[Genesis] [14:18:04] [WARNING] Constraint solver time constant should be greater than 2*substep_dt. timeconst is changed from `0.005` to `0.00833333`). Decrease simulation timestep or increase timeconst to avoid altering the original value.[0m
[38;5;226m[Genesis] [14:18:05] [WARNING] Filtered out geometry pairs causing self-collision for the neutral configuration (qpos0): (8, 13), (9, 13), (16, 23), (17, 22), (18, 25), (19, 24). Consider tuning Morph option 'decompose_robot_error_threshold' or specify dedicated collision meshes. This behavior can be disabled by setting Morph option 'enable_neutral_collision=True'.[0m
[38;5;159m[Genesis] [14:18:06] [INFO] Compiling simulation kernels...[0m
[38;5;159m[Genesis] [14:18:06] [INFO] Building visualizer...[0m
{"episode": 6100000, "profile": "long_carton", "success": true, "stage": "complete", "retries": 0}
[38;5;159m[Genesis] [14:18:13] [INFO] Scene [38;5;121m[3m<1c63fff>[0m[38;5;159m created.[0m
[38;5;159m[Genesis] [14:18:13] [INFO] Adding [38;5;121m<gs.engine.entities.RigidEntity>[0m[38;5;159m. idx: [38;5;121m0[0m[38;5;159m, uid: [38;5;121m[3m<3c13d06>[0m[38;5;159m, morph: [38;5;121m<gs.morphs.Plane>[0m[38;5;159m, material: [38;5;121m<gs.materials.Rigid>[0m[38;5;159m.[0m
[38;5;159m[Genesis] [14:18:13] [INFO] Adding [38;5;121m<gs.engine.entities.RigidEntity>[0m[38;5;159m. idx: [38;5;121m1[0m[38;5;159m, uid: [38;5;121m[3m<c36231b>[0m[38;5;159m, morph: [38;5;121m<gs.morphs.Box>[0m[38;5;159m, material: [38;5;121m<gs.materials.Rigid>[0m[38;5;159m.[0m
[38;5;159m[Genesis] [14:18:13] [INFO] Adding [38;5;121m<gs.engine.entities.RigidEntity>[0m[38;5;159m. idx: [38;5;121m2[0m[38;5;159m, uid: [38;5;121m[3m<4a52047>[0m[38;5;159m, morph: [38;5;121m<gs.morphs.Box>[0m[38;5;159m, material: [38;5;121m<gs.materials.Rigid>[0m[38;5;159m.[0m
[38;5;159m[Genesis] [14:18:13] [INFO] Adding [38;5;121m<gs.engine.entities.RigidEntity>[0m[38;5;159m. idx: [38;5;121m3[0m[38;5;159m, uid: [38;5;121m[3m<d2aae7d>[0m[38;5;159m, morph: [38;5;121m<gs.morphs.MJCF(file='/workspace/parcel-sorter-rocm/third_party/genesis-world/genesis/assets/xml/franka_emika_panda/panda.xml')>[0m[38;5;159m, material: [38;5;121m<gs.materials.Rigid>[0m[38;5;159m.[0m
[38;5;226m[Genesis] [14:18:13] [WARNING] (MJCF) Approximating tendon by joint actuator for `finger_joint1`[0m
[38;5;226m[Genesis] [14:18:13] [WARNING] (MJCF) Approximating tendon by joint actuator for `finger_joint2`[0m
[38;5;159m[Genesis] [14:18:13] [INFO] Adding [38;5;121m<gs.engine.entities.RigidEntity>[0m[38;5;159m. idx: [38;5;121m4[0m[38;5;159m, uid: [38;5;121m[3m<9e7c7d2>[0m[38;5;159m, morph: [38;5;121m<gs.morphs.Box>[0m[38;5;159m, material: [38;5;121m<gs.materials.Rigid>[0m[38;5;159m.[0m
[38;5;159m[Genesis] [14:18:13] [INFO] Building scene [38;5;121m[3m<1c63fff>[0m[38;5;159m...[0m
[38;5;226m[Genesis] [14:18:13] [WARNING] Neutral robot position (qpos0) exceeds joint limits.[0m
[38;5;159m[Genesis] [14:18:13] [INFO] Preprocessing geom idx [38;5;121m[4m26[0m[38;5;159m.[0m
[38;5;226m[Genesis] [14:18:14] [WARNING] Constraint solver time constant should be greater than 2*substep_dt. timeconst is changed from `0.005` to `0.00833333`). Decrease simulation timestep or increase timeconst to avoid altering the original value.[0m
[38;5;226m[Genesis] [14:18:15] [WARNING] Filtered out geometry pairs causing self-collision for the neutral configuration (qpos0): (8, 13), (9, 13), (16, 23), (17, 22), (18, 25), (19, 24). Consider tuning Morph option 'decompose_robot_error_threshold' or specify dedicated collision meshes. This behavior can be disabled by setting Morph option 'enable_neutral_collision=True'.[0m
[38;5;159m[Genesis] [14:18:16] [INFO] Compiling simulation kernels...[0m
[38;5;159m[Genesis] [14:18:16] [INFO] Building visualizer...[0m
{"episode": 6100001, "profile": "long_carton", "success": false, "stage": "abort", "retries": 0}
[38;5;159m[Genesis] [14:18:20] [INFO] Scene [38;5;121m[3m<e759004>[0m[38;5;159m created.[0m
[38;5;159m[Genesis] [14:18:20] [INFO] Adding [38;5;121m<gs.engine.entities.RigidEntity>[0m[38;5;159m. idx: [38;5;121m0[0m[38;5;159m, uid: [38;5;121m[3m<aa444b3>[0m[38;5;159m, morph: [38;5;121m<gs.morphs.Plane>[0m[38;5;159m, material: [38;5;121m<gs.materials.Rigid>[0m[38;5;159m.[0m
[38;5;159m[Genesis] [14:18:20] [INFO] Adding [38;5;121m<gs.engine.entities.RigidEntity>[0m[38;5;159m. idx: [38;5;121m1[0m[38;5;159m, uid: [38;5;121m[3m<17a1422>[0m[38;5;159m, morph: [38;5;121m<gs.morphs.Box>[0m[38;5;159m, material: [38;5;121m<gs.materials.Rigid>[0m[38;5;159m.[0m
[38;5;159m[Genesis] [14:18:20] [INFO] Adding [38;5;121m<gs.engine.entities.RigidEntity>[0m[38;5;159m. idx: [38;5;121m2[0m[38;5;159m, uid: [38;5;121m[3m<872fbd6>[0m[38;5;159m, morph: [38;5;121m<gs.morphs.Box>[0m[38;5;159m, material: [38;5;121m<gs.materials.Rigid>[0m[38;5;159m.[0m
[38;5;159m[Genesis] [14:18:20] [INFO] Adding [38;5;121m<gs.engine.entities.RigidEntity>[0m[38;5;159m. idx: [38;5;121m3[0m[38;5;159m, uid: [38;5;121m[3m<5f2083d>[0m[38;5;159m, morph: [38;5;121m<gs.morphs.MJCF(file='/workspace/parcel-sorter-rocm/third_party/genesis-world/genesis/assets/xml/franka_emika_panda/panda.xml')>[0m[38;5;159m, material: [38;5;121m<gs.materials.Rigid>[0m[38;5;159m.[0m
[38;5;226m[Genesis] [14:18:20] [WARNING] (MJCF) Approximating tendon by joint actuator for `finger_joint1`[0m
[38;5;226m[Genesis] [14:18:20] [WARNING] (MJCF) Approximating tendon by joint actuator for `finger_joint2`[0m
[38;5;159m[Genesis] [14:18:20] [INFO] Adding [38;5;121m<gs.engine.entities.RigidEntity>[0m[38;5;159m. idx: [38;5;121m4[0m[38;5;159m, uid: [38;5;121m[3m<4c3f498>[0m[38;5;159m, morph: [38;5;121m<gs.morphs.Box>[0m[38;5;159m, material: [38;5;121m<gs.materials.Rigid>[0m[38;5;159m.[0m
[38;5;159m[Genesis] [14:18:20] [INFO] Building scene [38;5;121m[3m<e759004>[0m[38;5;159m...[0m
[38;5;226m[Genesis] [14:18:21] [WARNING] Neutral robot position (qpos0) exceeds joint limits.[0m
[38;5;159m[Genesis] [14:18:21] [INFO] Preprocessing geom idx [38;5;121m[4m26[0m[38;5;159m.[0m
[38;5;226m[Genesis] [14:18:21] [WARNING] Constraint solver time constant should be greater than 2*substep_dt. timeconst is changed from `0.005` to `0.00833333`). Decrease simulation timestep or increase timeconst to avoid altering the original value.[0m
[38;5;226m[Genesis] [14:18:22] [WARNING] Filtered out geometry pairs causing self-collision for the neutral configuration (qpos0): (8, 13), (9, 13), (16, 23), (17, 22), (18, 25), (19, 24). Consider tuning Morph option 'decompose_robot_error_threshold' or specify dedicated collision meshes. This behavior can be disabled by setting Morph option 'enable_neutral_collision=True'.[0m
[38;5;159m[Genesis] [14:18:23] [INFO] Compiling simulation kernels...[0m
[38;5;159m[Genesis] [14:18:23] [INFO] Building visualizer...[0m
{"episode": 6100002, "profile": "long_carton", "success": true, "stage": "complete", "retries": 0}
[38;5;159m[Genesis] [14:18:31] [INFO] Scene [38;5;121m[3m<88f7388>[0m[38;5;159m created.[0m
[38;5;159m[Genesis] [14:18:31] [INFO] Adding [38;5;121m<gs.engine.entities.RigidEntity>[0m[38;5;159m. idx: [38;5;121m0[0m[38;5;159m, uid: [38;5;121m[3m<4240567>[0m[38;5;159m, morph: [38;5;121m<gs.morphs.Plane>[0m[38;5;159m, material: [38;5;121m<gs.materials.Rigid>[0m[38;5;159m.[0m
[38;5;159m[Genesis] [14:18:31] [INFO] Adding [38;5;121m<gs.engine.entities.RigidEntity>[0m[38;5;159m. idx: [38;5;121m1[0m[38;5;159m, uid: [38;5;121m[3m<3239e96>[0m[38;5;159m, morph: [38;5;121m<gs.morphs.Box>[0m[38;5;159m, material: [38;5;121m<gs.materials.Rigid>[0m[38;5;159m.[0m
[38;5;159m[Genesis] [14:18:31] [INFO] Adding [38;5;121m<gs.engine.entities.RigidEntity>[0m[38;5;159m. idx: [38;5;121m2[0m[38;5;159m, uid: [38;5;121m[3m<b811333>[0m[38;5;159m, morph: [38;5;121m<gs.morphs.Box>[0m[38;5;159m, material: [38;5;121m<gs.materials.Rigid>[0m[38;5;159m.[0m
[38;5;159m[Genesis] [14:18:31] [INFO] Adding [38;5;121m<gs.engine.entities.RigidEntity>[0m[38;5;159m. idx: [38;5;121m3[0m[38;5;159m, uid: [38;5;121m[3m<8967398>[0m[38;5;159m, morph: [38;5;121m<gs.morphs.MJCF(file='/workspace/parcel-sorter-rocm/third_party/genesis-world/genesis/assets/xml/franka_emika_panda/panda.xml')>[0m[38;5;159m, material: [38;5;121m<gs.materials.Rigid>[0m[38;5;159m.[0m
[38;5;226m[Genesis] [14:18:31] [WARNING] (MJCF) Approximating tendon by joint actuator for `finger_joint1`[0m
[38;5;226m[Genesis] [14:18:31] [WARNING] (MJCF) Approximating tendon by joint actuator for `finger_joint2`[0m
[38;5;159m[Genesis] [14:18:31] [INFO] Adding [38;5;121m<gs.engine.entities.RigidEntity>[0m[38;5;159m. idx: [38;5;121m4[0m[38;5;159m, uid: [38;5;121m[3m<65cef2b>[0m[38;5;159m, morph: [38;5;121m<gs.morphs.Box>[0m[38;5;159m, material: [38;5;121m<gs.materials.Rigid>[0m[38;5;159m.[0m
[38;5;159m[Genesis] [14:18:31] [INFO] Building scene [38;5;121m[3m<88f7388>[0m[38;5;159m...[0m
[38;5;226m[Genesis] [14:18:31] [WARNING] Neutral robot position (qpos0) exceeds joint limits.[0m
[38;5;159m[Genesis] [14:18:31] [INFO] Preprocessing geom idx [38;5;121m[4m26[0m[38;5;159m.[0m
[38;5;226m[Genesis] [14:18:31] [WARNING] Constraint solver time constant should be greater than 2*substep_dt. timeconst is changed from `0.005` to `0.00833333`). Decrease simulation timestep or increase timeconst to avoid altering the original value.[0m
[38;5;226m[Genesis] [14:18:33] [WARNING] Filtered out geometry pairs causing self-collision for the neutral configuration (qpos0): (8, 13), (9, 13), (16, 23), (17, 22), (18, 25), (19, 24). Consider tuning Morph option 'decompose_robot_error_threshold' or specify dedicated collision meshes. This behavior can be disabled by setting Morph option 'enable_neutral_collision=True'.[0m
[38;5;159m[Genesis] [14:18:34] [INFO] Compiling simulation kernels...[0m
[38;5;159m[Genesis] [14:18:34] [INFO] Building visualizer...[0m
{"episode": 6100003, "profile": "long_carton", "success": true, "stage": "complete", "retries": 0}
[38;5;159m[Genesis] [14:18:40] [INFO] Scene [38;5;121m[3m<a06bce7>[0m[38;5;159m created.[0m
[38;5;159m[Genesis] [14:18:40] [INFO] Adding [38;5;121m<gs.engine.entities.RigidEntity>[0m[38;5;159m. idx: [38;5;121m0[0m[38;5;159m, uid: [38;5;121m[3m<ded4643>[0m[38;5;159m, morph: [38;5;121m<gs.morphs.Plane>[0m[38;5;159m, material: [38;5;121m<gs.materials.Rigid>[0m[38;5;159m.[0m
[38;5;159m[Genesis] [14:18:40] [INFO] Adding [38;5;121m<gs.engine.entities.RigidEntity>[0m[38;5;159m. idx: [38;5;121m1[0m[38;5;159m, uid: [38;5;121m[3m<506fd08>[0m[38;5;159m, morph: [38;5;121m<gs.morphs.Box>[0m[38;5;159m, material: [38;5;121m<gs.materials.Rigid>[0m[38;5;159m.[0m
[38;5;159m[Genesis] [14:18:40] [INFO] Adding [38;5;121m<gs.engine.entities.RigidEntity>[0m[38;5;159m. idx: [38;5;121m2[0m[38;5;159m, uid: [38;5;121m[3m<e84ddc0>[0m[38;5;159m, morph: [38;5;121m<gs.morphs.Box>[0m[38;5;159m, material: [38;5;121m<gs.materials.Rigid>[0m[38;5;159m.[0m
[38;5;159m[Genesis] [14:18:40] [INFO] Adding [38;5;121m<gs.engine.entities.RigidEntity>[0m[38;5;159m. idx: [38;5;121m3[0m[38;5;159m, uid: [38;5;121m[3m<f3dc83c>[0m[38;5;159m, morph: [38;5;121m<gs.morphs.MJCF(file='/workspace/parcel-sorter-rocm/third_party/genesis-world/genesis/assets/xml/franka_emika_panda/panda.xml')>[0m[38;5;159m, material: [38;5;121m<gs.materials.Rigid>[0m[38;5;159m.[0m
[38;5;226m[Genesis] [14:18:40] [WARNING] (MJCF) Approximating tendon by joint actuator for `finger_joint1`[0m
[38;5;226m[Genesis] [14:18:40] [WARNING] (MJCF) Approximating tendon by joint actuator for `finger_joint2`[0m
[38;5;159m[Genesis] [14:18:40] [INFO] Adding [38;5;121m<gs.engine.entities.RigidEntity>[0m[38;5;159m. idx: [38;5;121m4[0m[38;5;159m, uid: [38;5;121m[3m<9ae5b15>[0m[38;5;159m, morph: [38;5;121m<gs.morphs.Box>[0m[38;5;159m, material: [38;5;121m<gs.materials.Rigid>[0m[38;5;159m.[0m
[38;5;159m[Genesis] [14:18:40] [INFO] Building scene [38;5;121m[3m<a06bce7>[0m[38;5;159m...[0m
[38;5;226m[Genesis] [14:18:41] [WARNING] Neutral robot position (qpos0) exceeds joint limits.[0m
[38;5;159m[Genesis] [14:18:41] [INFO] Preprocessing geom idx [38;5;121m[4m26[0m[38;5;159m.[0m
[38;5;226m[Genesis] [14:18:41] [WARNING] Constraint solver time constant should be greater than 2*substep_dt. timeconst is changed from `0.005` to `0.00833333`). Decrease simulation timestep or increase timeconst to avoid altering the original value.[0m
[38;5;226m[Genesis] [14:18:42] [WARNING] Filtered out geometry pairs causing self-collision for the neutral configuration (qpos0): (8, 13), (9, 13), (16, 23), (17, 22), (18, 25), (19, 24). Consider tuning Morph option 'decompose_robot_error_threshold' or specify dedicated collision meshes. This behavior can be disabled by setting Morph option 'enable_neutral_collision=True'.[0m
[38;5;159m[Genesis] [14:18:43] [INFO] Compiling simulation kernels...[0m
[38;5;159m[Genesis] [14:18:43] [INFO] Building visualizer...[0m
{"episode": 6100004, "profile": "long_carton", "success": true, "stage": "complete", "retries": 0}
[38;5;159m[Genesis] [14:18:49] [INFO] Scene [38;5;121m[3m<0854d86>[0m[38;5;159m created.[0m
[38;5;159m[Genesis] [14:18:49] [INFO] Adding [38;5;121m<gs.engine.entities.RigidEntity>[0m[38;5;159m. idx: [38;5;121m0[0m[38;5;159m, uid: [38;5;121m[3m<c1c7e37>[0m[38;5;159m, morph: [38;5;121m<gs.morphs.Plane>[0m[38;5;159m, material: [38;5;121m<gs.materials.Rigid>[0m[38;5;159m.[0m
[38;5;159m[Genesis] [14:18:49] [INFO] Adding [38;5;121m<gs.engine.entities.RigidEntity>[0m[38;5;159m. idx: [38;5;121m1[0m[38;5;159m, uid: [38;5;121m[3m<8a59aef>[0m[38;5;159m, morph: [38;5;121m<gs.morphs.Box>[0m[38;5;159m, material: [38;5;121m<gs.materials.Rigid>[0m[38;5;159m.[0m
[38;5;159m[Genesis] [14:18:49] [INFO] Adding [38;5;121m<gs.engine.entities.RigidEntity>[0m[38;5;159m. idx: [38;5;121m2[0m[38;5;159m, uid: [38;5;121m[3m<0cda5a3>[0m[38;5;159m, morph: [38;5;121m<gs.morphs.Box>[0m[38;5;159m, material: [38;5;121m<gs.materials.Rigid>[0m[38;5;159m.[0m
[38;5;159m[Genesis] [14:18:49] [INFO] Adding [38;5;121m<gs.engine.entities.RigidEntity>[0m[38;5;159m. idx: [38;5;121m3[0m[38;5;159m, uid: [38;5;121m[3m<26a6596>[0m[38;5;159m, morph: [38;5;121m<gs.morphs.MJCF(file='/workspace/parcel-sorter-rocm/third_party/genesis-world/genesis/assets/xml/franka_emika_panda/panda.xml')>[0m[38;5;159m, material: [38;5;121m<gs.materials.Rigid>[0m[38;5;159m.[0m
[38;5;226m[Genesis] [14:18:49] [WARNING] (MJCF) Approximating tendon by joint actuator for `finger_joint1`[0m
[38;5;226m[Genesis] [14:18:49] [WARNING] (MJCF) Approximating tendon by joint actuator for `finger_joint2`[0m
[38;5;159m[Genesis] [14:18:49] [INFO] Adding [38;5;121m<gs.engine.entities.RigidEntity>[0m[38;5;159m. idx: [38;5;121m4[0m[38;5;159m, uid: [38;5;121m[3m<418dc26>[0m[38;5;159m, morph: [38;5;121m<gs.morphs.Box>[0m[38;5;159m, material: [38;5;121m<gs.materials.Rigid>[0m[38;5;159m.[0m
[38;5;159m[Genesis] [14:18:49] [INFO] Building scene [38;5;121m[3m<0854d86>[0m[38;5;159m...[0m
[38;5;226m[Genesis] [14:18:50] [WARNING] Neutral robot position (qpos0) exceeds joint limits.[0m
[38;5;159m[Genesis] [14:18:50] [INFO] Preprocessing geom idx [38;5;121m[4m26[0m[38;5;159m.[0m
[38;5;226m[Genesis] [14:18:50] [WARNING] Constraint solver time constant should be greater than 2*substep_dt. timeconst is changed from `0.005` to `0.00833333`). Decrease simulation timestep or increase timeconst to avoid altering the original value.[0m
[38;5;226m[Genesis] [14:18:51] [WARNING] Filtered out geometry pairs causing self-collision for the neutral configuration (qpos0): (8, 13), (9, 13), (16, 23), (17, 22), (18, 25), (19, 24). Consider tuning Morph option 'decompose_robot_error_threshold' or specify dedicated collision meshes. This behavior can be disabled by setting Morph option 'enable_neutral_collision=True'.[0m
[38;5;159m[Genesis] [14:18:52] [INFO] Compiling simulation kernels...[0m
[38;5;159m[Genesis] [14:18:52] [INFO] Building visualizer...[0m
{"episode": 7100000, "profile": "large_narrow_carton", "success": false, "stage": "abort", "retries": 0}
[38;5;159m[Genesis] [14:18:58] [INFO] Scene [38;5;121m[3m<04ad913>[0m[38;5;159m created.[0m
[38;5;159m[Genesis] [14:18:58] [INFO] Adding [38;5;121m<gs.engine.entities.RigidEntity>[0m[38;5;159m. idx: [38;5;121m0[0m[38;5;159m, uid: [38;5;121m[3m<312f044>[0m[38;5;159m, morph: [38;5;121m<gs.morphs.Plane>[0m[38;5;159m, material: [38;5;121m<gs.materials.Rigid>[0m[38;5;159m.[0m
[38;5;159m[Genesis] [14:18:58] [INFO] Adding [38;5;121m<gs.engine.entities.RigidEntity>[0m[38;5;159m. idx: [38;5;121m1[0m[38;5;159m, uid: [38;5;121m[3m<e4855df>[0m[38;5;159m, morph: [38;5;121m<gs.morphs.Box>[0m[38;5;159m, material: [38;5;121m<gs.materials.Rigid>[0m[38;5;159m.[0m
[38;5;159m[Genesis] [14:18:58] [INFO] Adding [38;5;121m<gs.engine.entities.RigidEntity>[0m[38;5;159m. idx: [38;5;121m2[0m[38;5;159m, uid: [38;5;121m[3m<db64020>[0m[38;5;159m, morph: [38;5;121m<gs.morphs.Box>[0m[38;5;159m, material: [38;5;121m<gs.materials.Rigid>[0m[38;5;159m.[0m
[38;5;159m[Genesis] [14:18:58] [INFO] Adding [38;5;121m<gs.engine.entities.RigidEntity>[0m[38;5;159m. idx: [38;5;121m3[0m[38;5;159m, uid: [38;5;121m[3m<83d551f>[0m[38;5;159m, morph: [38;5;121m<gs.morphs.MJCF(file='/workspace/parcel-sorter-rocm/third_party/genesis-world/genesis/assets/xml/franka_emika_panda/panda.xml')>[0m[38;5;159m, material: [38;5;121m<gs.materials.Rigid>[0m[38;5;159m.[0m
[38;5;226m[Genesis] [14:18:58] [WARNING] (MJCF) Approximating tendon by joint actuator for `finger_joint1`[0m
[38;5;226m[Genesis] [14:18:58] [WARNING] (MJCF) Approximating tendon by joint actuator for `finger_joint2`[0m
[38;5;159m[Genesis] [14:18:58] [INFO] Adding [38;5;121m<gs.engine.entities.RigidEntity>[0m[38;5;159m. idx: [38;5;121m4[0m[38;5;159m, uid: [38;5;121m[3m<2ca3b5e>[0m[38;5;159m, morph: [38;5;121m<gs.morphs.Box>[0m[38;5;159m, material: [38;5;121m<gs.materials.Rigid>[0m[38;5;159m.[0m
[38;5;159m[Genesis] [14:18:58] [INFO] Building scene [38;5;121m[3m<04ad913>[0m[38;5;159m...[0m
[38;5;226m[Genesis] [14:18:59] [WARNING] Neutral robot position (qpos0) exceeds joint limits.[0m
[38;5;159m[Genesis] [14:18:59] [INFO] Preprocessing geom idx [38;5;121m[4m26[0m[38;5;159m.[0m
[38;5;226m[Genesis] [14:18:59] [WARNING] Constraint solver time constant should be greater than 2*substep_dt. timeconst is changed from `0.005` to `0.00833333`). Decrease simulation timestep or increase timeconst to avoid altering the original value.[0m
[38;5;226m[Genesis] [14:19:00] [WARNING] Filtered out geometry pairs causing self-collision for the neutral configuration (qpos0): (8, 13), (9, 13), (16, 23), (17, 22), (18, 25), (19, 24). Consider tuning Morph option 'decompose_robot_error_threshold' or specify dedicated collision meshes. This behavior can be disabled by setting Morph option 'enable_neutral_collision=True'.[0m
[38;5;159m[Genesis] [14:19:01] [INFO] Compiling simulation kernels...[0m
[38;5;159m[Genesis] [14:19:01] [INFO] Building visualizer...[0m
{"episode": 7100001, "profile": "large_narrow_carton", "success": true, "stage": "complete", "retries": 0}
[38;5;159m[Genesis] [14:19:08] [INFO] Scene [38;5;121m[3m<61caa27>[0m[38;5;159m created.[0m
[38;5;159m[Genesis] [14:19:08] [INFO] Adding [38;5;121m<gs.engine.entities.RigidEntity>[0m[38;5;159m. idx: [38;5;121m0[0m[38;5;159m, uid: [38;5;121m[3m<04a8fc3>[0m[38;5;159m, morph: [38;5;121m<gs.morphs.Plane>[0m[38;5;159m, material: [38;5;121m<gs.materials.Rigid>[0m[38;5;159m.[0m
[38;5;159m[Genesis] [14:19:08] [INFO] Adding [38;5;121m<gs.engine.entities.RigidEntity>[0m[38;5;159m. idx: [38;5;121m1[0m[38;5;159m, uid: [38;5;121m[3m<8f87066>[0m[38;5;159m, morph: [38;5;121m<gs.morphs.Box>[0m[38;5;159m, material: [38;5;121m<gs.materials.Rigid>[0m[38;5;159m.[0m
[38;5;159m[Genesis] [14:19:08] [INFO] Adding [38;5;121m<gs.engine.entities.RigidEntity>[0m[38;5;159m. idx: [38;5;121m2[0m[38;5;159m, uid: [38;5;121m[3m<519961a>[0m[38;5;159m, morph: [38;5;121m<gs.morphs.Box>[0m[38;5;159m, material: [38;5;121m<gs.materials.Rigid>[0m[38;5;159m.[0m
[38;5;159m[Genesis] [14:19:08] [INFO] Adding [38;5;121m<gs.engine.entities.RigidEntity>[0m[38;5;159m. idx: [38;5;121m3[0m[38;5;159m, uid: [38;5;121m[3m<2388b23>[0m[38;5;159m, morph: [38;5;121m<gs.morphs.MJCF(file='/workspace/parcel-sorter-rocm/third_party/genesis-world/genesis/assets/xml/franka_emika_panda/panda.xml')>[0m[38;5;159m, material: [38;5;121m<gs.materials.Rigid>[0m[38;5;159m.[0m
[38;5;226m[Genesis] [14:19:08] [WARNING] (MJCF) Approximating tendon by joint actuator for `finger_joint1`[0m
[38;5;226m[Genesis] [14:19:08] [WARNING] (MJCF) Approximating tendon by joint actuator for `finger_joint2`[0m
[38;5;159m[Genesis] [14:19:09] [INFO] Adding [38;5;121m<gs.engine.entities.RigidEntity>[0m[38;5;159m. idx: [38;5;121m4[0m[38;5;159m, uid: [38;5;121m[3m<9daadd4>[0m[38;5;159m, morph: [38;5;121m<gs.morphs.Box>[0m[38;5;159m, material: [38;5;121m<gs.materials.Rigid>[0m[38;5;159m.[0m
[38;5;159m[Genesis] [14:19:09] [INFO] Building scene [38;5;121m[3m<61caa27>[0m[38;5;159m...[0m
[38;5;226m[Genesis] [14:19:09] [WARNING] Neutral robot position (qpos0) exceeds joint limits.[0m
[38;5;159m[Genesis] [14:19:09] [INFO] Preprocessing geom idx [38;5;121m[4m26[0m[38;5;159m.[0m
[38;5;226m[Genesis] [14:19:09] [WARNING] Constraint solver time constant should be greater than 2*substep_dt. timeconst is changed from `0.005` to `0.00833333`). Decrease simulation timestep or increase timeconst to avoid altering the original value.[0m
[38;5;226m[Genesis] [14:19:10] [WARNING] Filtered out geometry pairs causing self-collision for the neutral configuration (qpos0): (8, 13), (9, 13), (16, 23), (17, 22), (18, 25), (19, 24). Consider tuning Morph option 'decompose_robot_error_threshold' or specify dedicated collision meshes. This behavior can be disabled by setting Morph option 'enable_neutral_collision=True'.[0m
[38;5;159m[Genesis] [14:19:11] [INFO] Compiling simulation kernels...[0m
[38;5;159m[Genesis] [14:19:11] [INFO] Building visualizer...[0m
{"episode": 7100002, "profile": "large_narrow_carton", "success": true, "stage": "complete", "retries": 0}
[38;5;159m[Genesis] [14:19:19] [INFO] Scene [38;5;121m[3m<00957ee>[0m[38;5;159m created.[0m
[38;5;159m[Genesis] [14:19:19] [INFO] Adding [38;5;121m<gs.engine.entities.RigidEntity>[0m[38;5;159m. idx: [38;5;121m0[0m[38;5;159m, uid: [38;5;121m[3m<0ed5d00>[0m[38;5;159m, morph: [38;5;121m<gs.morphs.Plane>[0m[38;5;159m, material: [38;5;121m<gs.materials.Rigid>[0m[38;5;159m.[0m
[38;5;159m[Genesis] [14:19:19] [INFO] Adding [38;5;121m<gs.engine.entities.RigidEntity>[0m[38;5;159m. idx: [38;5;121m1[0m[38;5;159m, uid: [38;5;121m[3m<a38a57b>[0m[38;5;159m, morph: [38;5;121m<gs.morphs.Box>[0m[38;5;159m, material: [38;5;121m<gs.materials.Rigid>[0m[38;5;159m.[0m
[38;5;159m[Genesis] [14:19:19] [INFO] Adding [38;5;121m<gs.engine.entities.RigidEntity>[0m[38;5;159m. idx: [38;5;121m2[0m[38;5;159m, uid: [38;5;121m[3m<08efbc6>[0m[38;5;159m, morph: [38;5;121m<gs.morphs.Box>[0m[38;5;159m, material: [38;5;121m<gs.materials.Rigid>[0m[38;5;159m.[0m
[38;5;159m[Genesis] [14:19:19] [INFO] Adding [38;5;121m<gs.engine.entities.RigidEntity>[0m[38;5;159m. idx: [38;5;121m3[0m[38;5;159m, uid: [38;5;121m[3m<9635fbe>[0m[38;5;159m, morph: [38;5;121m<gs.morphs.MJCF(file='/workspace/parcel-sorter-rocm/third_party/genesis-world/genesis/assets/xml/franka_emika_panda/panda.xml')>[0m[38;5;159m, material: [38;5;121m<gs.materials.Rigid>[0m[38;5;159m.[0m
[38;5;226m[Genesis] [14:19:20] [WARNING] (MJCF) Approximating tendon by joint actuator for `finger_joint1`[0m
[38;5;226m[Genesis] [14:19:20] [WARNING] (MJCF) Approximating tendon by joint actuator for `finger_joint2`[0m
[38;5;159m[Genesis] [14:19:20] [INFO] Adding [38;5;121m<gs.engine.entities.RigidEntity>[0m[38;5;159m. idx: [38;5;121m4[0m[38;5;159m, uid: [38;5;121m[3m<419e07e>[0m[38;5;159m, morph: [38;5;121m<gs.morphs.Box>[0m[38;5;159m, material: [38;5;121m<gs.materials.Rigid>[0m[38;5;159m.[0m
[38;5;159m[Genesis] [14:19:20] [INFO] Building scene [38;5;121m[3m<00957ee>[0m[38;5;159m...[0m
[38;5;226m[Genesis] [14:19:20] [WARNING] Neutral robot position (qpos0) exceeds joint limits.[0m
[38;5;159m[Genesis] [14:19:20] [INFO] Preprocessing geom idx [38;5;121m[4m26[0m[38;5;159m.[0m
[38;5;226m[Genesis] [14:19:20] [WARNING] Constraint solver time constant should be greater than 2*substep_dt. timeconst is changed from `0.005` to `0.00833333`). Decrease simulation timestep or increase timeconst to avoid altering the original value.[0m
[38;5;226m[Genesis] [14:19:21] [WARNING] Filtered out geometry pairs causing self-collision for the neutral configuration (qpos0): (8, 13), (9, 13), (16, 23), (17, 22), (18, 25), (19, 24). Consider tuning Morph option 'decompose_robot_error_threshold' or specify dedicated collision meshes. This behavior can be disabled by setting Morph option 'enable_neutral_collision=True'.[0m
[38;5;159m[Genesis] [14:19:22] [INFO] Compiling simulation kernels...[0m
[38;5;159m[Genesis] [14:19:23] [INFO] Building visualizer...[0m
{"episode": 7100003, "profile": "large_narrow_carton", "success": false, "stage": "abort", "retries": 0}
[38;5;159m[Genesis] [14:19:27] [INFO] Scene [38;5;121m[3m<0c5938b>[0m[38;5;159m created.[0m
[38;5;159m[Genesis] [14:19:27] [INFO] Adding [38;5;121m<gs.engine.entities.RigidEntity>[0m[38;5;159m. idx: [38;5;121m0[0m[38;5;159m, uid: [38;5;121m[3m<019b7c0>[0m[38;5;159m, morph: [38;5;121m<gs.morphs.Plane>[0m[38;5;159m, material: [38;5;121m<gs.materials.Rigid>[0m[38;5;159m.[0m
[38;5;159m[Genesis] [14:19:27] [INFO] Adding [38;5;121m<gs.engine.entities.RigidEntity>[0m[38;5;159m. idx: [38;5;121m1[0m[38;5;159m, uid: [38;5;121m[3m<f72cae8>[0m[38;5;159m, morph: [38;5;121m<gs.morphs.Box>[0m[38;5;159m, material: [38;5;121m<gs.materials.Rigid>[0m[38;5;159m.[0m
[38;5;159m[Genesis] [14:19:27] [INFO] Adding [38;5;121m<gs.engine.entities.RigidEntity>[0m[38;5;159m. idx: [38;5;121m2[0m[38;5;159m, uid: [38;5;121m[3m<00c613f>[0m[38;5;159m, morph: [38;5;121m<gs.morphs.Box>[0m[38;5;159m, material: [38;5;121m<gs.materials.Rigid>[0m[38;5;159m.[0m
[38;5;159m[Genesis] [14:19:27] [INFO] Adding [38;5;121m<gs.engine.entities.RigidEntity>[0m[38;5;159m. idx: [38;5;121m3[0m[38;5;159m, uid: [38;5;121m[3m<f4b60eb>[0m[38;5;159m, morph: [38;5;121m<gs.morphs.MJCF(file='/workspace/parcel-sorter-rocm/third_party/genesis-world/genesis/assets/xml/franka_emika_panda/panda.xml')>[0m[38;5;159m, material: [38;5;121m<gs.materials.Rigid>[0m[38;5;159m.[0m
[38;5;226m[Genesis] [14:19:27] [WARNING] (MJCF) Approximating tendon by joint actuator for `finger_joint1`[0m
[38;5;226m[Genesis] [14:19:27] [WARNING] (MJCF) Approximating tendon by joint actuator for `finger_joint2`[0m
[38;5;159m[Genesis] [14:19:27] [INFO] Adding [38;5;121m<gs.engine.entities.RigidEntity>[0m[38;5;159m. idx: [38;5;121m4[0m[38;5;159m, uid: [38;5;121m[3m<62eb076>[0m[38;5;159m, morph: [38;5;121m<gs.morphs.Box>[0m[38;5;159m, material: [38;5;121m<gs.materials.Rigid>[0m[38;5;159m.[0m
[38;5;159m[Genesis] [14:19:27] [INFO] Building scene [38;5;121m[3m<0c5938b>[0m[38;5;159m...[0m
[38;5;226m[Genesis] [14:19:28] [WARNING] Neutral robot position (qpos0) exceeds joint limits.[0m
[38;5;159m[Genesis] [14:19:28] [INFO] Preprocessing geom idx [38;5;121m[4m26[0m[38;5;159m.[0m
[38;5;226m[Genesis] [14:19:28] [WARNING] Constraint solver time constant should be greater than 2*substep_dt. timeconst is changed from `0.005` to `0.00833333`). Decrease simulation timestep or increase timeconst to avoid altering the original value.[0m
[38;5;226m[Genesis] [14:19:29] [WARNING] Filtered out geometry pairs causing self-collision for the neutral configuration (qpos0): (8, 13), (9, 13), (16, 23), (17, 22), (18, 25), (19, 24). Consider tuning Morph option 'decompose_robot_error_threshold' or specify dedicated collision meshes. This behavior can be disabled by setting Morph option 'enable_neutral_collision=True'.[0m
[38;5;159m[Genesis] [14:19:30] [INFO] Compiling simulation kernels...[0m
[38;5;159m[Genesis] [14:19:30] [INFO] Building visualizer...[0m
{"episode": 7100004, "profile": "large_narrow_carton", "success": false, "stage": "abort", "retries": 0}
[38;5;159m[Genesis] [14:19:39] [INFO] Scene [38;5;121m[3m<126cb8b>[0m[38;5;159m created.[0m
[38;5;159m[Genesis] [14:19:39] [INFO] Adding [38;5;121m<gs.engine.entities.RigidEntity>[0m[38;5;159m. idx: [38;5;121m0[0m[38;5;159m, uid: [38;5;121m[3m<4e14407>[0m[38;5;159m, morph: [38;5;121m<gs.morphs.Plane>[0m[38;5;159m, material: [38;5;121m<gs.materials.Rigid>[0m[38;5;159m.[0m
[38;5;159m[Genesis] [14:19:39] [INFO] Adding [38;5;121m<gs.engine.entities.RigidEntity>[0m[38;5;159m. idx: [38;5;121m1[0m[38;5;159m, uid: [38;5;121m[3m<af6cfb7>[0m[38;5;159m, morph: [38;5;121m<gs.morphs.Box>[0m[38;5;159m, material: [38;5;121m<gs.materials.Rigid>[0m[38;5;159m.[0m
[38;5;159m[Genesis] [14:19:39] [INFO] Adding [38;5;121m<gs.engine.entities.RigidEntity>[0m[38;5;159m. idx: [38;5;121m2[0m[38;5;159m, uid: [38;5;121m[3m<741483c>[0m[38;5;159m, morph: [38;5;121m<gs.morphs.Box>[0m[38;5;159m, material: [38;5;121m<gs.materials.Rigid>[0m[38;5;159m.[0m
[38;5;159m[Genesis] [14:19:39] [INFO] Adding [38;5;121m<gs.engine.entities.RigidEntity>[0m[38;5;159m. idx: [38;5;121m3[0m[38;5;159m, uid: [38;5;121m[3m<5ed645b>[0m[38;5;159m, morph: [38;5;121m<gs.morphs.MJCF(file='/workspace/parcel-sorter-rocm/third_party/genesis-world/genesis/assets/xml/franka_emika_panda/panda.xml')>[0m[38;5;159m, material: [38;5;121m<gs.materials.Rigid>[0m[38;5;159m.[0m
[38;5;226m[Genesis] [14:19:39] [WARNING] (MJCF) Approximating tendon by joint actuator for `finger_joint1`[0m
[38;5;226m[Genesis] [14:19:39] [WARNING] (MJCF) Approximating tendon by joint actuator for `finger_joint2`[0m
[38;5;159m[Genesis] [14:19:39] [INFO] Adding [38;5;121m<gs.engine.entities.RigidEntity>[0m[38;5;159m. idx: [38;5;121m4[0m[38;5;159m, uid: [38;5;121m[3m<f46a5fd>[0m[38;5;159m, morph: [38;5;121m<gs.morphs.Cylinder>[0m[38;5;159m, material: [38;5;121m<gs.materials.Rigid>[0m[38;5;159m.[0m
[38;5;159m[Genesis] [14:19:39] [INFO] Building scene [38;5;121m[3m<126cb8b>[0m[38;5;159m...[0m
[38;5;226m[Genesis] [14:19:39] [WARNING] Neutral robot position (qpos0) exceeds joint limits.[0m
[38;5;159m[Genesis] [14:19:39] [INFO] Preprocessing geom idx [38;5;121m[4m26[0m[38;5;159m.[0m
[38;5;226m[Genesis] [14:19:39] [WARNING] Constraint solver time constant should be greater than 2*substep_dt. timeconst is changed from `0.005` to `0.00833333`). Decrease simulation timestep or increase timeconst to avoid altering the original value.[0m
[38;5;226m[Genesis] [14:19:40] [WARNING] Filtered out geometry pairs causing self-collision for the neutral configuration (qpos0): (8, 13), (9, 13), (16, 23), (17, 22), (18, 25), (19, 24). Consider tuning Morph option 'decompose_robot_error_threshold' or specify dedicated collision meshes. This behavior can be disabled by setting Morph option 'enable_neutral_collision=True'.[0m
[38;5;159m[Genesis] [14:19:41] [INFO] Compiling simulation kernels...[0m
[38;5;159m[Genesis] [14:19:41] [INFO] Building visualizer...[0m
{"episode": 8100000, "profile": "upright_canister", "success": true, "stage": "complete", "retries": 0}
[38;5;159m[Genesis] [14:19:47] [INFO] Scene [38;5;121m[3m<87f2c88>[0m[38;5;159m created.[0m
[38;5;159m[Genesis] [14:19:47] [INFO] Adding [38;5;121m<gs.engine.entities.RigidEntity>[0m[38;5;159m. idx: [38;5;121m0[0m[38;5;159m, uid: [38;5;121m[3m<82435e8>[0m[38;5;159m, morph: [38;5;121m<gs.morphs.Plane>[0m[38;5;159m, material: [38;5;121m<gs.materials.Rigid>[0m[38;5;159m.[0m
[38;5;159m[Genesis] [14:19:47] [INFO] Adding [38;5;121m<gs.engine.entities.RigidEntity>[0m[38;5;159m. idx: [38;5;121m1[0m[38;5;159m, uid: [38;5;121m[3m<6f65953>[0m[38;5;159m, morph: [38;5;121m<gs.morphs.Box>[0m[38;5;159m, material: [38;5;121m<gs.materials.Rigid>[0m[38;5;159m.[0m
[38;5;159m[Genesis] [14:19:47] [INFO] Adding [38;5;121m<gs.engine.entities.RigidEntity>[0m[38;5;159m. idx: [38;5;121m2[0m[38;5;159m, uid: [38;5;121m[3m<cff6c30>[0m[38;5;159m, morph: [38;5;121m<gs.morphs.Box>[0m[38;5;159m, material: [38;5;121m<gs.materials.Rigid>[0m[38;5;159m.[0m
[38;5;159m[Genesis] [14:19:47] [INFO] Adding [38;5;121m<gs.engine.entities.RigidEntity>[0m[38;5;159m. idx: [38;5;121m3[0m[38;5;159m, uid: [38;5;121m[3m<ef93e69>[0m[38;5;159m, morph: [38;5;121m<gs.morphs.MJCF(file='/workspace/parcel-sorter-rocm/third_party/genesis-world/genesis/assets/xml/franka_emika_panda/panda.xml')>[0m[38;5;159m, material: [38;5;121m<gs.materials.Rigid>[0m[38;5;159m.[0m
[38;5;226m[Genesis] [14:19:48] [WARNING] (MJCF) Approximating tendon by joint actuator for `finger_joint1`[0m
[38;5;226m[Genesis] [14:19:48] [WARNING] (MJCF) Approximating tendon by joint actuator for `finger_joint2`[0m
[38;5;159m[Genesis] [14:19:48] [INFO] Adding [38;5;121m<gs.engine.entities.RigidEntity>[0m[38;5;159m. idx: [38;5;121m4[0m[38;5;159m, uid: [38;5;121m[3m<bda0ad6>[0m[38;5;159m, morph: [38;5;121m<gs.morphs.Cylinder>[0m[38;5;159m, material: [38;5;121m<gs.materials.Rigid>[0m[38;5;159m.[0m
[38;5;159m[Genesis] [14:19:48] [INFO] Building scene [38;5;121m[3m<87f2c88>[0m[38;5;159m...[0m
[38;5;226m[Genesis] [14:19:48] [WARNING] Neutral robot position (qpos0) exceeds joint limits.[0m
[38;5;159m[Genesis] [14:19:48] [INFO] Preprocessing geom idx [38;5;121m[4m26[0m[38;5;159m.[0m
[38;5;226m[Genesis] [14:19:48] [WARNING] Constraint solver time constant should be greater than 2*substep_dt. timeconst is changed from `0.005` to `0.00833333`). Decrease simulation timestep or increase timeconst to avoid altering the original value.[0m
[38;5;226m[Genesis] [14:19:49] [WARNING] Filtered out geometry pairs causing self-collision for the neutral configuration (qpos0): (8, 13), (9, 13), (16, 23), (17, 22), (18, 25), (19, 24). Consider tuning Morph option 'decompose_robot_error_threshold' or specify dedicated collision meshes. This behavior can be disabled by setting Morph option 'enable_neutral_collision=True'.[0m
[38;5;159m[Genesis] [14:19:50] [INFO] Compiling simulation kernels...[0m
[38;5;159m[Genesis] [14:19:50] [INFO] Building visualizer...[0m
{"episode": 8100001, "profile": "upright_canister", "success": true, "stage": "complete", "retries": 0}
[38;5;159m[Genesis] [14:19:56] [INFO] Scene [38;5;121m[3m<3a55679>[0m[38;5;159m created.[0m
[38;5;159m[Genesis] [14:19:56] [INFO] Adding [38;5;121m<gs.engine.entities.RigidEntity>[0m[38;5;159m. idx: [38;5;121m0[0m[38;5;159m, uid: [38;5;121m[3m<5e8fce1>[0m[38;5;159m, morph: [38;5;121m<gs.morphs.Plane>[0m[38;5;159m, material: [38;5;121m<gs.materials.Rigid>[0m[38;5;159m.[0m
[38;5;159m[Genesis] [14:19:56] [INFO] Adding [38;5;121m<gs.engine.entities.RigidEntity>[0m[38;5;159m. idx: [38;5;121m1[0m[38;5;159m, uid: [38;5;121m[3m<a977fc6>[0m[38;5;159m, morph: [38;5;121m<gs.morphs.Box>[0m[38;5;159m, material: [38;5;121m<gs.materials.Rigid>[0m[38;5;159m.[0m
[38;5;159m[Genesis] [14:19:56] [INFO] Adding [38;5;121m<gs.engine.entities.RigidEntity>[0m[38;5;159m. idx: [38;5;121m2[0m[38;5;159m, uid: [38;5;121m[3m<fdfc190>[0m[38;5;159m, morph: [38;5;121m<gs.morphs.Box>[0m[38;5;159m, material: [38;5;121m<gs.materials.Rigid>[0m[38;5;159m.[0m
[38;5;159m[Genesis] [14:19:56] [INFO] Adding [38;5;121m<gs.engine.entities.RigidEntity>[0m[38;5;159m. idx: [38;5;121m3[0m[38;5;159m, uid: [38;5;121m[3m<71ee767>[0m[38;5;159m, morph: [38;5;121m<gs.morphs.MJCF(file='/workspace/parcel-sorter-rocm/third_party/genesis-world/genesis/assets/xml/franka_emika_panda/panda.xml')>[0m[38;5;159m, material: [38;5;121m<gs.materials.Rigid>[0m[38;5;159m.[0m
[38;5;226m[Genesis] [14:19:56] [WARNING] (MJCF) Approximating tendon by joint actuator for `finger_joint1`[0m
[38;5;226m[Genesis] [14:19:56] [WARNING] (MJCF) Approximating tendon by joint actuator for `finger_joint2`[0m
[38;5;159m[Genesis] [14:19:56] [INFO] Adding [38;5;121m<gs.engine.entities.RigidEntity>[0m[38;5;159m. idx: [38;5;121m4[0m[38;5;159m, uid: [38;5;121m[3m<c7048dd>[0m[38;5;159m, morph: [38;5;121m<gs.morphs.Cylinder>[0m[38;5;159m, material: [38;5;121m<gs.materials.Rigid>[0m[38;5;159m.[0m
[38;5;159m[Genesis] [14:19:56] [INFO] Building scene [38;5;121m[3m<3a55679>[0m[38;5;159m...[0m
[38;5;226m[Genesis] [14:19:56] [WARNING] Neutral robot position (qpos0) exceeds joint limits.[0m
[38;5;159m[Genesis] [14:19:57] [INFO] Preprocessing geom idx [38;5;121m[4m26[0m[38;5;159m.[0m
[38;5;226m[Genesis] [14:19:57] [WARNING] Constraint solver time constant should be greater than 2*substep_dt. timeconst is changed from `0.005` to `0.00833333`). Decrease simulation timestep or increase timeconst to avoid altering the original value.[0m
[38;5;226m[Genesis] [14:19:58] [WARNING] Filtered out geometry pairs causing self-collision for the neutral configuration (qpos0): (8, 13), (9, 13), (16, 23), (17, 22), (18, 25), (19, 24). Consider tuning Morph option 'decompose_robot_error_threshold' or specify dedicated collision meshes. This behavior can be disabled by setting Morph option 'enable_neutral_collision=True'.[0m
[38;5;159m[Genesis] [14:19:59] [INFO] Compiling simulation kernels...[0m
[38;5;159m[Genesis] [14:19:59] [INFO] Building visualizer...[0m
{"episode": 8100002, "profile": "upright_canister", "success": true, "stage": "complete", "retries": 0}
[38;5;159m[Genesis] [14:20:06] [INFO] Scene [38;5;121m[3m<ead204d>[0m[38;5;159m created.[0m
[38;5;159m[Genesis] [14:20:06] [INFO] Adding [38;5;121m<gs.engine.entities.RigidEntity>[0m[38;5;159m. idx: [38;5;121m0[0m[38;5;159m, uid: [38;5;121m[3m<5adb34a>[0m[38;5;159m, morph: [38;5;121m<gs.morphs.Plane>[0m[38;5;159m, material: [38;5;121m<gs.materials.Rigid>[0m[38;5;159m.[0m
[38;5;159m[Genesis] [14:20:06] [INFO] Adding [38;5;121m<gs.engine.entities.RigidEntity>[0m[38;5;159m. idx: [38;5;121m1[0m[38;5;159m, uid: [38;5;121m[3m<1e80c68>[0m[38;5;159m, morph: [38;5;121m<gs.morphs.Box>[0m[38;5;159m, material: [38;5;121m<gs.materials.Rigid>[0m[38;5;159m.[0m
[38;5;159m[Genesis] [14:20:06] [INFO] Adding [38;5;121m<gs.engine.entities.RigidEntity>[0m[38;5;159m. idx: [38;5;121m2[0m[38;5;159m, uid: [38;5;121m[3m<df32a1f>[0m[38;5;159m, morph: [38;5;121m<gs.morphs.Box>[0m[38;5;159m, material: [38;5;121m<gs.materials.Rigid>[0m[38;5;159m.[0m
[38;5;159m[Genesis] [14:20:06] [INFO] Adding [38;5;121m<gs.engine.entities.RigidEntity>[0m[38;5;159m. idx: [38;5;121m3[0m[38;5;159m, uid: [38;5;121m[3m<c60b3e6>[0m[38;5;159m, morph: [38;5;121m<gs.morphs.MJCF(file='/workspace/parcel-sorter-rocm/third_party/genesis-world/genesis/assets/xml/franka_emika_panda/panda.xml')>[0m[38;5;159m, material: [38;5;121m<gs.materials.Rigid>[0m[38;5;159m.[0m
[38;5;226m[Genesis] [14:20:06] [WARNING] (MJCF) Approximating tendon by joint actuator for `finger_joint1`[0m
[38;5;226m[Genesis] [14:20:06] [WARNING] (MJCF) Approximating tendon by joint actuator for `finger_joint2`[0m
[38;5;159m[Genesis] [14:20:06] [INFO] Adding [38;5;121m<gs.engine.entities.RigidEntity>[0m[38;5;159m. idx: [38;5;121m4[0m[38;5;159m, uid: [38;5;121m[3m<72bd3fe>[0m[38;5;159m, morph: [38;5;121m<gs.morphs.Cylinder>[0m[38;5;159m, material: [38;5;121m<gs.materials.Rigid>[0m[38;5;159m.[0m
[38;5;159m[Genesis] [14:20:06] [INFO] Building scene [38;5;121m[3m<ead204d>[0m[38;5;159m...[0m
[38;5;226m[Genesis] [14:20:06] [WARNING] Neutral robot position (qpos0) exceeds joint limits.[0m
[38;5;159m[Genesis] [14:20:06] [INFO] Preprocessing geom idx [38;5;121m[4m26[0m[38;5;159m.[0m
[38;5;226m[Genesis] [14:20:06] [WARNING] Constraint solver time constant should be greater than 2*substep_dt. timeconst is changed from `0.005` to `0.00833333`). Decrease simulation timestep or increase timeconst to avoid altering the original value.[0m
[38;5;226m[Genesis] [14:20:07] [WARNING] Filtered out geometry pairs causing self-collision for the neutral configuration (qpos0): (8, 13), (9, 13), (16, 23), (17, 22), (18, 25), (19, 24). Consider tuning Morph option 'decompose_robot_error_threshold' or specify dedicated collision meshes. This behavior can be disabled by setting Morph option 'enable_neutral_collision=True'.[0m
[38;5;159m[Genesis] [14:20:09] [INFO] Compiling simulation kernels...[0m
[38;5;159m[Genesis] [14:20:09] [INFO] Building visualizer...[0m
{"episode": 8100003, "profile": "upright_canister", "success": true, "stage": "complete", "retries": 0}
[38;5;159m[Genesis] [14:20:17] [INFO] Scene [38;5;121m[3m<8370196>[0m[38;5;159m created.[0m
[38;5;159m[Genesis] [14:20:17] [INFO] Adding [38;5;121m<gs.engine.entities.RigidEntity>[0m[38;5;159m. idx: [38;5;121m0[0m[38;5;159m, uid: [38;5;121m[3m<2aae5f2>[0m[38;5;159m, morph: [38;5;121m<gs.morphs.Plane>[0m[38;5;159m, material: [38;5;121m<gs.materials.Rigid>[0m[38;5;159m.[0m
[38;5;159m[Genesis] [14:20:17] [INFO] Adding [38;5;121m<gs.engine.entities.RigidEntity>[0m[38;5;159m. idx: [38;5;121m1[0m[38;5;159m, uid: [38;5;121m[3m<703f92c>[0m[38;5;159m, morph: [38;5;121m<gs.morphs.Box>[0m[38;5;159m, material: [38;5;121m<gs.materials.Rigid>[0m[38;5;159m.[0m
[38;5;159m[Genesis] [14:20:17] [INFO] Adding [38;5;121m<gs.engine.entities.RigidEntity>[0m[38;5;159m. idx: [38;5;121m2[0m[38;5;159m, uid: [38;5;121m[3m<1c160a2>[0m[38;5;159m, morph: [38;5;121m<gs.morphs.Box>[0m[38;5;159m, material: [38;5;121m<gs.materials.Rigid>[0m[38;5;159m.[0m
[38;5;159m[Genesis] [14:20:17] [INFO] Adding [38;5;121m<gs.engine.entities.RigidEntity>[0m[38;5;159m. idx: [38;5;121m3[0m[38;5;159m, uid: [38;5;121m[3m<9b45905>[0m[38;5;159m, morph: [38;5;121m<gs.morphs.MJCF(file='/workspace/parcel-sorter-rocm/third_party/genesis-world/genesis/assets/xml/franka_emika_panda/panda.xml')>[0m[38;5;159m, material: [38;5;121m<gs.materials.Rigid>[0m[38;5;159m.[0m
[38;5;226m[Genesis] [14:20:17] [WARNING] (MJCF) Approximating tendon by joint actuator for `finger_joint1`[0m
[38;5;226m[Genesis] [14:20:17] [WARNING] (MJCF) Approximating tendon by joint actuator for `finger_joint2`[0m
[38;5;159m[Genesis] [14:20:17] [INFO] Adding [38;5;121m<gs.engine.entities.RigidEntity>[0m[38;5;159m. idx: [38;5;121m4[0m[38;5;159m, uid: [38;5;121m[3m<dcf54ad>[0m[38;5;159m, morph: [38;5;121m<gs.morphs.Cylinder>[0m[38;5;159m, material: [38;5;121m<gs.materials.Rigid>[0m[38;5;159m.[0m
[38;5;159m[Genesis] [14:20:17] [INFO] Building scene [38;5;121m[3m<8370196>[0m[38;5;159m...[0m
[38;5;226m[Genesis] [14:20:18] [WARNING] Neutral robot position (qpos0) exceeds joint limits.[0m
[38;5;159m[Genesis] [14:20:18] [INFO] Preprocessing geom idx [38;5;121m[4m26[0m[38;5;159m.[0m
[38;5;226m[Genesis] [14:20:18] [WARNING] Constraint solver time constant should be greater than 2*substep_dt. timeconst is changed from `0.005` to `0.00833333`). Decrease simulation timestep or increase timeconst to avoid altering the original value.[0m
[38;5;226m[Genesis] [14:20:19] [WARNING] Filtered out geometry pairs causing self-collision for the neutral configuration (qpos0): (8, 13), (9, 13), (16, 23), (17, 22), (18, 25), (19, 24). Consider tuning Morph option 'decompose_robot_error_threshold' or specify dedicated collision meshes. This behavior can be disabled by setting Morph option 'enable_neutral_collision=True'.[0m
[38;5;159m[Genesis] [14:20:20] [INFO] Compiling simulation kernels...[0m
[38;5;159m[Genesis] [14:20:20] [INFO] Building visualizer...[0m
{"episode": 8100004, "profile": "upright_canister", "success": false, "stage": "abort", "retries": 2}
[38;5;159m[Genesis] [14:20:28] [INFO] Scene [38;5;121m[3m<72ce44d>[0m[38;5;159m created.[0m
[38;5;159m[Genesis] [14:20:28] [INFO] Adding [38;5;121m<gs.engine.entities.RigidEntity>[0m[38;5;159m. idx: [38;5;121m0[0m[38;5;159m, uid: [38;5;121m[3m<f762219>[0m[38;5;159m, morph: [38;5;121m<gs.morphs.Plane>[0m[38;5;159m, material: [38;5;121m<gs.materials.Rigid>[0m[38;5;159m.[0m
[38;5;159m[Genesis] [14:20:28] [INFO] Adding [38;5;121m<gs.engine.entities.RigidEntity>[0m[38;5;159m. idx: [38;5;121m1[0m[38;5;159m, uid: [38;5;121m[3m<281c01b>[0m[38;5;159m, morph: [38;5;121m<gs.morphs.Box>[0m[38;5;159m, material: [38;5;121m<gs.materials.Rigid>[0m[38;5;159m.[0m
[38;5;159m[Genesis] [14:20:28] [INFO] Adding [38;5;121m<gs.engine.entities.RigidEntity>[0m[38;5;159m. idx: [38;5;121m2[0m[38;5;159m, uid: [38;5;121m[3m<3468a88>[0m[38;5;159m, morph: [38;5;121m<gs.morphs.Box>[0m[38;5;159m, material: [38;5;121m<gs.materials.Rigid>[0m[38;5;159m.[0m
[38;5;159m[Genesis] [14:20:28] [INFO] Adding [38;5;121m<gs.engine.entities.RigidEntity>[0m[38;5;159m. idx: [38;5;121m3[0m[38;5;159m, uid: [38;5;121m[3m<9b250d1>[0m[38;5;159m, morph: [38;5;121m<gs.morphs.MJCF(file='/workspace/parcel-sorter-rocm/third_party/genesis-world/genesis/assets/xml/franka_emika_panda/panda.xml')>[0m[38;5;159m, material: [38;5;121m<gs.materials.Rigid>[0m[38;5;159m.[0m
[38;5;226m[Genesis] [14:20:28] [WARNING] (MJCF) Approximating tendon by joint actuator for `finger_joint1`[0m
[38;5;226m[Genesis] [14:20:28] [WARNING] (MJCF) Approximating tendon by joint actuator for `finger_joint2`[0m
[38;5;159m[Genesis] [14:20:28] [INFO] Adding [38;5;121m<gs.engine.entities.RigidEntity>[0m[38;5;159m. idx: [38;5;121m4[0m[38;5;159m, uid: [38;5;121m[3m<732d74d>[0m[38;5;159m, morph: [38;5;121m<gs.morphs.Cylinder>[0m[38;5;159m, material: [38;5;121m<gs.materials.Rigid>[0m[38;5;159m.[0m
[38;5;159m[Genesis] [14:20:28] [INFO] Building scene [38;5;121m[3m<72ce44d>[0m[38;5;159m...[0m
[38;5;226m[Genesis] [14:20:29] [WARNING] Neutral robot position (qpos0) exceeds joint limits.[0m
[38;5;159m[Genesis] [14:20:29] [INFO] Preprocessing geom idx [38;5;121m[4m26[0m[38;5;159m.[0m
[38;5;226m[Genesis] [14:20:29] [WARNING] Constraint solver time constant should be greater than 2*substep_dt. timeconst is changed from `0.005` to `0.00833333`). Decrease simulation timestep or increase timeconst to avoid altering the original value.[0m
[38;5;226m[Genesis] [14:20:30] [WARNING] Filtered out geometry pairs causing self-collision for the neutral configuration (qpos0): (8, 13), (9, 13), (16, 23), (17, 22), (18, 25), (19, 24). Consider tuning Morph option 'decompose_robot_error_threshold' or specify dedicated collision meshes. This behavior can be disabled by setting Morph option 'enable_neutral_collision=True'.[0m
[38;5;159m[Genesis] [14:20:31] [INFO] Compiling simulation kernels...[0m
[38;5;159m[Genesis] [14:20:34] [INFO] Building visualizer...[0m
{"episode": 9100000, "profile": "mailing_tube", "success": false, "stage": "approach", "retries": 0}
[38;5;159m[Genesis] [14:20:52] [INFO] Scene [38;5;121m[3m<fdfe512>[0m[38;5;159m created.[0m
[38;5;159m[Genesis] [14:20:52] [INFO] Adding [38;5;121m<gs.engine.entities.RigidEntity>[0m[38;5;159m. idx: [38;5;121m0[0m[38;5;159m, uid: [38;5;121m[3m<e3c60a4>[0m[38;5;159m, morph: [38;5;121m<gs.morphs.Plane>[0m[38;5;159m, material: [38;5;121m<gs.materials.Rigid>[0m[38;5;159m.[0m
[38;5;159m[Genesis] [14:20:52] [INFO] Adding [38;5;121m<gs.engine.entities.RigidEntity>[0m[38;5;159m. idx: [38;5;121m1[0m[38;5;159m, uid: [38;5;121m[3m<457ee3d>[0m[38;5;159m, morph: [38;5;121m<gs.morphs.Box>[0m[38;5;159m, material: [38;5;121m<gs.materials.Rigid>[0m[38;5;159m.[0m
[38;5;159m[Genesis] [14:20:52] [INFO] Adding [38;5;121m<gs.engine.entities.RigidEntity>[0m[38;5;159m. idx: [38;5;121m2[0m[38;5;159m, uid: [38;5;121m[3m<bb0b93a>[0m[38;5;159m, morph: [38;5;121m<gs.morphs.Box>[0m[38;5;159m, material: [38;5;121m<gs.materials.Rigid>[0m[38;5;159m.[0m
[38;5;159m[Genesis] [14:20:52] [INFO] Adding [38;5;121m<gs.engine.entities.RigidEntity>[0m[38;5;159m. idx: [38;5;121m3[0m[38;5;159m, uid: [38;5;121m[3m<5bbe9a8>[0m[38;5;159m, morph: [38;5;121m<gs.morphs.MJCF(file='/workspace/parcel-sorter-rocm/third_party/genesis-world/genesis/assets/xml/franka_emika_panda/panda.xml')>[0m[38;5;159m, material: [38;5;121m<gs.materials.Rigid>[0m[38;5;159m.[0m
[38;5;226m[Genesis] [14:20:52] [WARNING] (MJCF) Approximating tendon by joint actuator for `finger_joint1`[0m
[38;5;226m[Genesis] [14:20:52] [WARNING] (MJCF) Approximating tendon by joint actuator for `finger_joint2`[0m
[38;5;159m[Genesis] [14:20:52] [INFO] Adding [38;5;121m<gs.engine.entities.RigidEntity>[0m[38;5;159m. idx: [38;5;121m4[0m[38;5;159m, uid: [38;5;121m[3m<bff9079>[0m[38;5;159m, morph: [38;5;121m<gs.morphs.Cylinder>[0m[38;5;159m, material: [38;5;121m<gs.materials.Rigid>[0m[38;5;159m.[0m
[38;5;159m[Genesis] [14:20:52] [INFO] Building scene [38;5;121m[3m<fdfe512>[0m[38;5;159m...[0m
[38;5;226m[Genesis] [14:20:52] [WARNING] Neutral robot position (qpos0) exceeds joint limits.[0m
[38;5;159m[Genesis] [14:20:52] [INFO] Preprocessing geom idx [38;5;121m[4m26[0m[38;5;159m.[0m
[38;5;226m[Genesis] [14:20:52] [WARNING] Constraint solver time constant should be greater than 2*substep_dt. timeconst is changed from `0.005` to `0.00833333`). Decrease simulation timestep or increase timeconst to avoid altering the original value.[0m
[38;5;226m[Genesis] [14:20:54] [WARNING] Filtered out geometry pairs causing self-collision for the neutral configuration (qpos0): (8, 13), (9, 13), (16, 23), (17, 22), (18, 25), (19, 24). Consider tuning Morph option 'decompose_robot_error_threshold' or specify dedicated collision meshes. This behavior can be disabled by setting Morph option 'enable_neutral_collision=True'.[0m
[38;5;159m[Genesis] [14:20:55] [INFO] Compiling simulation kernels...[0m
[38;5;159m[Genesis] [14:20:55] [INFO] Building visualizer...[0m
{"episode": 9100001, "profile": "mailing_tube", "success": false, "stage": "abort", "retries": 2}
[38;5;159m[Genesis] [14:21:11] [INFO] Scene [38;5;121m[3m<30388ec>[0m[38;5;159m created.[0m
[38;5;159m[Genesis] [14:21:11] [INFO] Adding [38;5;121m<gs.engine.entities.RigidEntity>[0m[38;5;159m. idx: [38;5;121m0[0m[38;5;159m, uid: [38;5;121m[3m<f786a1b>[0m[38;5;159m, morph: [38;5;121m<gs.morphs.Plane>[0m[38;5;159m, material: [38;5;121m<gs.materials.Rigid>[0m[38;5;159m.[0m
[38;5;159m[Genesis] [14:21:11] [INFO] Adding [38;5;121m<gs.engine.entities.RigidEntity>[0m[38;5;159m. idx: [38;5;121m1[0m[38;5;159m, uid: [38;5;121m[3m<4f0ebf4>[0m[38;5;159m, morph: [38;5;121m<gs.morphs.Box>[0m[38;5;159m, material: [38;5;121m<gs.materials.Rigid>[0m[38;5;159m.[0m
[38;5;159m[Genesis] [14:21:11] [INFO] Adding [38;5;121m<gs.engine.entities.RigidEntity>[0m[38;5;159m. idx: [38;5;121m2[0m[38;5;159m, uid: [38;5;121m[3m<a65edeb>[0m[38;5;159m, morph: [38;5;121m<gs.morphs.Box>[0m[38;5;159m, material: [38;5;121m<gs.materials.Rigid>[0m[38;5;159m.[0m
[38;5;159m[Genesis] [14:21:11] [INFO] Adding [38;5;121m<gs.engine.entities.RigidEntity>[0m[38;5;159m. idx: [38;5;121m3[0m[38;5;159m, uid: [38;5;121m[3m<e12a5ab>[0m[38;5;159m, morph: [38;5;121m<gs.morphs.MJCF(file='/workspace/parcel-sorter-rocm/third_party/genesis-world/genesis/assets/xml/franka_emika_panda/panda.xml')>[0m[38;5;159m, material: [38;5;121m<gs.materials.Rigid>[0m[38;5;159m.[0m
[38;5;226m[Genesis] [14:21:11] [WARNING] (MJCF) Approximating tendon by joint actuator for `finger_joint1`[0m
[38;5;226m[Genesis] [14:21:11] [WARNING] (MJCF) Approximating tendon by joint actuator for `finger_joint2`[0m
[38;5;159m[Genesis] [14:21:11] [INFO] Adding [38;5;121m<gs.engine.entities.RigidEntity>[0m[38;5;159m. idx: [38;5;121m4[0m[38;5;159m, uid: [38;5;121m[3m<7750265>[0m[38;5;159m, morph: [38;5;121m<gs.morphs.Cylinder>[0m[38;5;159m, material: [38;5;121m<gs.materials.Rigid>[0m[38;5;159m.[0m
[38;5;159m[Genesis] [14:21:11] [INFO] Building scene [38;5;121m[3m<30388ec>[0m[38;5;159m...[0m
[38;5;226m[Genesis] [14:21:11] [WARNING] Neutral robot position (qpos0) exceeds joint limits.[0m
[38;5;159m[Genesis] [14:21:11] [INFO] Preprocessing geom idx [38;5;121m[4m26[0m[38;5;159m.[0m
[38;5;226m[Genesis] [14:21:11] [WARNING] Constraint solver time constant should be greater than 2*substep_dt. timeconst is changed from `0.005` to `0.00833333`). Decrease simulation timestep or increase timeconst to avoid altering the original value.[0m
[38;5;226m[Genesis] [14:21:12] [WARNING] Filtered out geometry pairs causing self-collision for the neutral configuration (qpos0): (8, 13), (9, 13), (16, 23), (17, 22), (18, 25), (19, 24). Consider tuning Morph option 'decompose_robot_error_threshold' or specify dedicated collision meshes. This behavior can be disabled by setting Morph option 'enable_neutral_collision=True'.[0m
[38;5;159m[Genesis] [14:21:13] [INFO] Compiling simulation kernels...[0m
[38;5;159m[Genesis] [14:21:14] [INFO] Building visualizer...[0m
{"episode": 9100002, "profile": "mailing_tube", "success": false, "stage": "abort", "retries": 1}
[38;5;159m[Genesis] [14:21:48] [INFO] Scene [38;5;121m[3m<12cd605>[0m[38;5;159m created.[0m
[38;5;159m[Genesis] [14:21:48] [INFO] Adding [38;5;121m<gs.engine.entities.RigidEntity>[0m[38;5;159m. idx: [38;5;121m0[0m[38;5;159m, uid: [38;5;121m[3m<2b0b596>[0m[38;5;159m, morph: [38;5;121m<gs.morphs.Plane>[0m[38;5;159m, material: [38;5;121m<gs.materials.Rigid>[0m[38;5;159m.[0m
[38;5;159m[Genesis] [14:21:48] [INFO] Adding [38;5;121m<gs.engine.entities.RigidEntity>[0m[38;5;159m. idx: [38;5;121m1[0m[38;5;159m, uid: [38;5;121m[3m<28f31e1>[0m[38;5;159m, morph: [38;5;121m<gs.morphs.Box>[0m[38;5;159m, material: [38;5;121m<gs.materials.Rigid>[0m[38;5;159m.[0m
[38;5;159m[Genesis] [14:21:48] [INFO] Adding [38;5;121m<gs.engine.entities.RigidEntity>[0m[38;5;159m. idx: [38;5;121m2[0m[38;5;159m, uid: [38;5;121m[3m<92ccbd7>[0m[38;5;159m, morph: [38;5;121m<gs.morphs.Box>[0m[38;5;159m, material: [38;5;121m<gs.materials.Rigid>[0m[38;5;159m.[0m
[38;5;159m[Genesis] [14:21:48] [INFO] Adding [38;5;121m<gs.engine.entities.RigidEntity>[0m[38;5;159m. idx: [38;5;121m3[0m[38;5;159m, uid: [38;5;121m[3m<d4a1552>[0m[38;5;159m, morph: [38;5;121m<gs.morphs.MJCF(file='/workspace/parcel-sorter-rocm/third_party/genesis-world/genesis/assets/xml/franka_emika_panda/panda.xml')>[0m[38;5;159m, material: [38;5;121m<gs.materials.Rigid>[0m[38;5;159m.[0m
[38;5;226m[Genesis] [14:21:48] [WARNING] (MJCF) Approximating tendon by joint actuator for `finger_joint1`[0m
[38;5;226m[Genesis] [14:21:48] [WARNING] (MJCF) Approximating tendon by joint actuator for `finger_joint2`[0m
[38;5;159m[Genesis] [14:21:48] [INFO] Adding [38;5;121m<gs.engine.entities.RigidEntity>[0m[38;5;159m. idx: [38;5;121m4[0m[38;5;159m, uid: [38;5;121m[3m<3961a34>[0m[38;5;159m, morph: [38;5;121m<gs.morphs.Cylinder>[0m[38;5;159m, material: [38;5;121m<gs.materials.Rigid>[0m[38;5;159m.[0m
[38;5;159m[Genesis] [14:21:48] [INFO] Building scene [38;5;121m[3m<12cd605>[0m[38;5;159m...[0m
[38;5;226m[Genesis] [14:21:48] [WARNING] Neutral robot position (qpos0) exceeds joint limits.[0m
[38;5;159m[Genesis] [14:21:48] [INFO] Preprocessing geom idx [38;5;121m[4m26[0m[38;5;159m.[0m
[38;5;226m[Genesis] [14:21:48] [WARNING] Constraint solver time constant should be greater than 2*substep_dt. timeconst is changed from `0.005` to `0.00833333`). Decrease simulation timestep or increase timeconst to avoid altering the original value.[0m
[38;5;226m[Genesis] [14:21:50] [WARNING] Filtered out geometry pairs causing self-collision for the neutral configuration (qpos0): (8, 13), (9, 13), (16, 23), (17, 22), (18, 25), (19, 24). Consider tuning Morph option 'decompose_robot_error_threshold' or specify dedicated collision meshes. This behavior can be disabled by setting Morph option 'enable_neutral_collision=True'.[0m
[38;5;159m[Genesis] [14:21:51] [INFO] Compiling simulation kernels...[0m
[38;5;159m[Genesis] [14:21:51] [INFO] Building visualizer...[0m
{"episode": 9100003, "profile": "mailing_tube", "success": false, "stage": "approach", "retries": 0}
[38;5;159m[Genesis] [14:22:09] [INFO] Scene [38;5;121m[3m<168846c>[0m[38;5;159m created.[0m
[38;5;159m[Genesis] [14:22:09] [INFO] Adding [38;5;121m<gs.engine.entities.RigidEntity>[0m[38;5;159m. idx: [38;5;121m0[0m[38;5;159m, uid: [38;5;121m[3m<1f903ad>[0m[38;5;159m, morph: [38;5;121m<gs.morphs.Plane>[0m[38;5;159m, material: [38;5;121m<gs.materials.Rigid>[0m[38;5;159m.[0m
[38;5;159m[Genesis] [14:22:09] [INFO] Adding [38;5;121m<gs.engine.entities.RigidEntity>[0m[38;5;159m. idx: [38;5;121m1[0m[38;5;159m, uid: [38;5;121m[3m<b11e54d>[0m[38;5;159m, morph: [38;5;121m<gs.morphs.Box>[0m[38;5;159m, material: [38;5;121m<gs.materials.Rigid>[0m[38;5;159m.[0m
[38;5;159m[Genesis] [14:22:09] [INFO] Adding [38;5;121m<gs.engine.entities.RigidEntity>[0m[38;5;159m. idx: [38;5;121m2[0m[38;5;159m, uid: [38;5;121m[3m<f6dc355>[0m[38;5;159m, morph: [38;5;121m<gs.morphs.Box>[0m[38;5;159m, material: [38;5;121m<gs.materials.Rigid>[0m[38;5;159m.[0m
[38;5;159m[Genesis] [14:22:09] [INFO] Adding [38;5;121m<gs.engine.entities.RigidEntity>[0m[38;5;159m. idx: [38;5;121m3[0m[38;5;159m, uid: [38;5;121m[3m<b566a51>[0m[38;5;159m, morph: [38;5;121m<gs.morphs.MJCF(file='/workspace/parcel-sorter-rocm/third_party/genesis-world/genesis/assets/xml/franka_emika_panda/panda.xml')>[0m[38;5;159m, material: [38;5;121m<gs.materials.Rigid>[0m[38;5;159m.[0m
[38;5;226m[Genesis] [14:22:09] [WARNING] (MJCF) Approximating tendon by joint actuator for `finger_joint1`[0m
[38;5;226m[Genesis] [14:22:09] [WARNING] (MJCF) Approximating tendon by joint actuator for `finger_joint2`[0m
[38;5;159m[Genesis] [14:22:09] [INFO] Adding [38;5;121m<gs.engine.entities.RigidEntity>[0m[38;5;159m. idx: [38;5;121m4[0m[38;5;159m, uid: [38;5;121m[3m<c59e971>[0m[38;5;159m, morph: [38;5;121m<gs.morphs.Cylinder>[0m[38;5;159m, material: [38;5;121m<gs.materials.Rigid>[0m[38;5;159m.[0m
[38;5;159m[Genesis] [14:22:09] [INFO] Building scene [38;5;121m[3m<168846c>[0m[38;5;159m...[0m
[38;5;226m[Genesis] [14:22:09] [WARNING] Neutral robot position (qpos0) exceeds joint limits.[0m
[38;5;159m[Genesis] [14:22:09] [INFO] Preprocessing geom idx [38;5;121m[4m26[0m[38;5;159m.[0m
[38;5;226m[Genesis] [14:22:09] [WARNING] Constraint solver time constant should be greater than 2*substep_dt. timeconst is changed from `0.005` to `0.00833333`). Decrease simulation timestep or increase timeconst to avoid altering the original value.[0m
[38;5;226m[Genesis] [14:22:10] [WARNING] Filtered out geometry pairs causing self-collision for the neutral configuration (qpos0): (8, 13), (9, 13), (16, 23), (17, 22), (18, 25), (19, 24). Consider tuning Morph option 'decompose_robot_error_threshold' or specify dedicated collision meshes. This behavior can be disabled by setting Morph option 'enable_neutral_collision=True'.[0m
[38;5;159m[Genesis] [14:22:12] [INFO] Compiling simulation kernels...[0m
[38;5;159m[Genesis] [14:22:12] [INFO] Building visualizer...[0m
{"episode": 9100004, "profile": "mailing_tube", "success": true, "stage": "complete", "retries": 1}
[38;5;159m[Genesis] [14:22:35] [INFO] Scene [38;5;121m[3m<9b4a375>[0m[38;5;159m created.[0m
[38;5;159m[Genesis] [14:22:35] [INFO] Adding [38;5;121m<gs.engine.entities.RigidEntity>[0m[38;5;159m. idx: [38;5;121m0[0m[38;5;159m, uid: [38;5;121m[3m<544d825>[0m[38;5;159m, morph: [38;5;121m<gs.morphs.Plane>[0m[38;5;159m, material: [38;5;121m<gs.materials.Rigid>[0m[38;5;159m.[0m
[38;5;159m[Genesis] [14:22:35] [INFO] Adding [38;5;121m<gs.engine.entities.RigidEntity>[0m[38;5;159m. idx: [38;5;121m1[0m[38;5;159m, uid: [38;5;121m[3m<31cf207>[0m[38;5;159m, morph: [38;5;121m<gs.morphs.Box>[0m[38;5;159m, material: [38;5;121m<gs.materials.Rigid>[0m[38;5;159m.[0m
[38;5;159m[Genesis] [14:22:35] [INFO] Adding [38;5;121m<gs.engine.entities.RigidEntity>[0m[38;5;159m. idx: [38;5;121m2[0m[38;5;159m, uid: [38;5;121m[3m<e65be80>[0m[38;5;159m, morph: [38;5;121m<gs.morphs.Box>[0m[38;5;159m, material: [38;5;121m<gs.materials.Rigid>[0m[38;5;159m.[0m
[38;5;159m[Genesis] [14:22:35] [INFO] Adding [38;5;121m<gs.engine.entities.RigidEntity>[0m[38;5;159m. idx: [38;5;121m3[0m[38;5;159m, uid: [38;5;121m[3m<b757ba3>[0m[38;5;159m, morph: [38;5;121m<gs.morphs.MJCF(file='/workspace/parcel-sorter-rocm/third_party/genesis-world/genesis/assets/xml/franka_emika_panda/panda.xml')>[0m[38;5;159m, material: [38;5;121m<gs.materials.Rigid>[0m[38;5;159m.[0m
[38;5;226m[Genesis] [14:22:35] [WARNING] (MJCF) Approximating tendon by joint actuator for `finger_joint1`[0m
[38;5;226m[Genesis] [14:22:35] [WARNING] (MJCF) Approximating tendon by joint actuator for `finger_joint2`[0m
[38;5;159m[Genesis] [14:22:35] [INFO] Adding [38;5;121m<gs.engine.entities.RigidEntity>[0m[38;5;159m. idx: [38;5;121m4[0m[38;5;159m, uid: [38;5;121m[3m<c12c8eb>[0m[38;5;159m, morph: [38;5;121m<gs.morphs.Box>[0m[38;5;159m, material: [38;5;121m<gs.materials.Rigid>[0m[38;5;159m.[0m
[38;5;159m[Genesis] [14:22:35] [INFO] Building scene [38;5;121m[3m<9b4a375>[0m[38;5;159m...[0m
[38;5;226m[Genesis] [14:22:35] [WARNING] Neutral robot position (qpos0) exceeds joint limits.[0m
[38;5;159m[Genesis] [14:22:35] [INFO] Preprocessing geom idx [38;5;121m[4m26[0m[38;5;159m.[0m
[38;5;226m[Genesis] [14:22:35] [WARNING] Constraint solver time constant should be greater than 2*substep_dt. timeconst is changed from `0.005` to `0.00833333`). Decrease simulation timestep or increase timeconst to avoid altering the original value.[0m
[38;5;226m[Genesis] [14:22:36] [WARNING] Filtered out geometry pairs causing self-collision for the neutral configuration (qpos0): (8, 13), (9, 13), (16, 23), (17, 22), (18, 25), (19, 24). Consider tuning Morph option 'decompose_robot_error_threshold' or specify dedicated collision meshes. This behavior can be disabled by setting Morph option 'enable_neutral_collision=True'.[0m
[38;5;159m[Genesis] [14:22:37] [INFO] Compiling simulation kernels...[0m
[38;5;159m[Genesis] [14:22:38] [INFO] Building visualizer...[0m
{"episode": 15100000, "profile": "near_limit_box", "success": true, "stage": "complete", "retries": 0}
[38;5;159m[Genesis] [14:22:45] [INFO] Scene [38;5;121m[3m<0cbe4a4>[0m[38;5;159m created.[0m
[38;5;159m[Genesis] [14:22:45] [INFO] Adding [38;5;121m<gs.engine.entities.RigidEntity>[0m[38;5;159m. idx: [38;5;121m0[0m[38;5;159m, uid: [38;5;121m[3m<18604b6>[0m[38;5;159m, morph: [38;5;121m<gs.morphs.Plane>[0m[38;5;159m, material: [38;5;121m<gs.materials.Rigid>[0m[38;5;159m.[0m
[38;5;159m[Genesis] [14:22:45] [INFO] Adding [38;5;121m<gs.engine.entities.RigidEntity>[0m[38;5;159m. idx: [38;5;121m1[0m[38;5;159m, uid: [38;5;121m[3m<235c381>[0m[38;5;159m, morph: [38;5;121m<gs.morphs.Box>[0m[38;5;159m, material: [38;5;121m<gs.materials.Rigid>[0m[38;5;159m.[0m
[38;5;159m[Genesis] [14:22:45] [INFO] Adding [38;5;121m<gs.engine.entities.RigidEntity>[0m[38;5;159m. idx: [38;5;121m2[0m[38;5;159m, uid: [38;5;121m[3m<3979a43>[0m[38;5;159m, morph: [38;5;121m<gs.morphs.Box>[0m[38;5;159m, material: [38;5;121m<gs.materials.Rigid>[0m[38;5;159m.[0m
[38;5;159m[Genesis] [14:22:45] [INFO] Adding [38;5;121m<gs.engine.entities.RigidEntity>[0m[38;5;159m. idx: [38;5;121m3[0m[38;5;159m, uid: [38;5;121m[3m<380a1e4>[0m[38;5;159m, morph: [38;5;121m<gs.morphs.MJCF(file='/workspace/parcel-sorter-rocm/third_party/genesis-world/genesis/assets/xml/franka_emika_panda/panda.xml')>[0m[38;5;159m, material: [38;5;121m<gs.materials.Rigid>[0m[38;5;159m.[0m
[38;5;226m[Genesis] [14:22:45] [WARNING] (MJCF) Approximating tendon by joint actuator for `finger_joint1`[0m
[38;5;226m[Genesis] [14:22:45] [WARNING] (MJCF) Approximating tendon by joint actuator for `finger_joint2`[0m
[38;5;159m[Genesis] [14:22:45] [INFO] Adding [38;5;121m<gs.engine.entities.RigidEntity>[0m[38;5;159m. idx: [38;5;121m4[0m[38;5;159m, uid: [38;5;121m[3m<54936ec>[0m[38;5;159m, morph: [38;5;121m<gs.morphs.Box>[0m[38;5;159m, material: [38;5;121m<gs.materials.Rigid>[0m[38;5;159m.[0m
[38;5;159m[Genesis] [14:22:45] [INFO] Building scene [38;5;121m[3m<0cbe4a4>[0m[38;5;159m...[0m
[38;5;226m[Genesis] [14:22:45] [WARNING] Neutral robot position (qpos0) exceeds joint limits.[0m
[38;5;159m[Genesis] [14:22:45] [INFO] Preprocessing geom idx [38;5;121m[4m26[0m[38;5;159m.[0m
[38;5;226m[Genesis] [14:22:45] [WARNING] Constraint solver time constant should be greater than 2*substep_dt. timeconst is changed from `0.005` to `0.00833333`). Decrease simulation timestep or increase timeconst to avoid altering the original value.[0m
[38;5;226m[Genesis] [14:22:46] [WARNING] Filtered out geometry pairs causing self-collision for the neutral configuration (qpos0): (8, 13), (9, 13), (16, 23), (17, 22), (18, 25), (19, 24). Consider tuning Morph option 'decompose_robot_error_threshold' or specify dedicated collision meshes. This behavior can be disabled by setting Morph option 'enable_neutral_collision=True'.[0m
[38;5;159m[Genesis] [14:22:47] [INFO] Compiling simulation kernels...[0m
[38;5;159m[Genesis] [14:22:48] [INFO] Building visualizer...[0m
{"episode": 15100001, "profile": "near_limit_box", "success": false, "stage": "abort", "retries": 0}
[38;5;159m[Genesis] [14:22:52] [INFO] Scene [38;5;121m[3m<3f86a79>[0m[38;5;159m created.[0m
[38;5;159m[Genesis] [14:22:52] [INFO] Adding [38;5;121m<gs.engine.entities.RigidEntity>[0m[38;5;159m. idx: [38;5;121m0[0m[38;5;159m, uid: [38;5;121m[3m<b8bb0ff>[0m[38;5;159m, morph: [38;5;121m<gs.morphs.Plane>[0m[38;5;159m, material: [38;5;121m<gs.materials.Rigid>[0m[38;5;159m.[0m
[38;5;159m[Genesis] [14:22:52] [INFO] Adding [38;5;121m<gs.engine.entities.RigidEntity>[0m[38;5;159m. idx: [38;5;121m1[0m[38;5;159m, uid: [38;5;121m[3m<74789ee>[0m[38;5;159m, morph: [38;5;121m<gs.morphs.Box>[0m[38;5;159m, material: [38;5;121m<gs.materials.Rigid>[0m[38;5;159m.[0m
[38;5;159m[Genesis] [14:22:52] [INFO] Adding [38;5;121m<gs.engine.entities.RigidEntity>[0m[38;5;159m. idx: [38;5;121m2[0m[38;5;159m, uid: [38;5;121m[3m<342735b>[0m[38;5;159m, morph: [38;5;121m<gs.morphs.Box>[0m[38;5;159m, material: [38;5;121m<gs.materials.Rigid>[0m[38;5;159m.[0m
[38;5;159m[Genesis] [14:22:52] [INFO] Adding [38;5;121m<gs.engine.entities.RigidEntity>[0m[38;5;159m. idx: [38;5;121m3[0m[38;5;159m, uid: [38;5;121m[3m<7835133>[0m[38;5;159m, morph: [38;5;121m<gs.morphs.MJCF(file='/workspace/parcel-sorter-rocm/third_party/genesis-world/genesis/assets/xml/franka_emika_panda/panda.xml')>[0m[38;5;159m, material: [38;5;121m<gs.materials.Rigid>[0m[38;5;159m.[0m
[38;5;226m[Genesis] [14:22:52] [WARNING] (MJCF) Approximating tendon by joint actuator for `finger_joint1`[0m
[38;5;226m[Genesis] [14:22:52] [WARNING] (MJCF) Approximating tendon by joint actuator for `finger_joint2`[0m
[38;5;159m[Genesis] [14:22:52] [INFO] Adding [38;5;121m<gs.engine.entities.RigidEntity>[0m[38;5;159m. idx: [38;5;121m4[0m[38;5;159m, uid: [38;5;121m[3m<8b66ead>[0m[38;5;159m, morph: [38;5;121m<gs.morphs.Box>[0m[38;5;159m, material: [38;5;121m<gs.materials.Rigid>[0m[38;5;159m.[0m
[38;5;159m[Genesis] [14:22:52] [INFO] Building scene [38;5;121m[3m<3f86a79>[0m[38;5;159m...[0m
[38;5;226m[Genesis] [14:22:53] [WARNING] Neutral robot position (qpos0) exceeds joint limits.[0m
[38;5;159m[Genesis] [14:22:53] [INFO] Preprocessing geom idx [38;5;121m[4m26[0m[38;5;159m.[0m
[38;5;226m[Genesis] [14:22:53] [WARNING] Constraint solver time constant should be greater than 2*substep_dt. timeconst is changed from `0.005` to `0.00833333`). Decrease simulation timestep or increase timeconst to avoid altering the original value.[0m
[38;5;226m[Genesis] [14:22:54] [WARNING] Filtered out geometry pairs causing self-collision for the neutral configuration (qpos0): (8, 13), (9, 13), (16, 23), (17, 22), (18, 25), (19, 24). Consider tuning Morph option 'decompose_robot_error_threshold' or specify dedicated collision meshes. This behavior can be disabled by setting Morph option 'enable_neutral_collision=True'.[0m
[38;5;159m[Genesis] [14:22:55] [INFO] Compiling simulation kernels...[0m
[38;5;159m[Genesis] [14:22:55] [INFO] Building visualizer...[0m
{"episode": 15100002, "profile": "near_limit_box", "success": true, "stage": "complete", "retries": 0}
[38;5;159m[Genesis] [14:23:04] [INFO] Scene [38;5;121m[3m<0e07302>[0m[38;5;159m created.[0m
[38;5;159m[Genesis] [14:23:04] [INFO] Adding [38;5;121m<gs.engine.entities.RigidEntity>[0m[38;5;159m. idx: [38;5;121m0[0m[38;5;159m, uid: [38;5;121m[3m<ccb6473>[0m[38;5;159m, morph: [38;5;121m<gs.morphs.Plane>[0m[38;5;159m, material: [38;5;121m<gs.materials.Rigid>[0m[38;5;159m.[0m
[38;5;159m[Genesis] [14:23:04] [INFO] Adding [38;5;121m<gs.engine.entities.RigidEntity>[0m[38;5;159m. idx: [38;5;121m1[0m[38;5;159m, uid: [38;5;121m[3m<6640a55>[0m[38;5;159m, morph: [38;5;121m<gs.morphs.Box>[0m[38;5;159m, material: [38;5;121m<gs.materials.Rigid>[0m[38;5;159m.[0m
[38;5;159m[Genesis] [14:23:04] [INFO] Adding [38;5;121m<gs.engine.entities.RigidEntity>[0m[38;5;159m. idx: [38;5;121m2[0m[38;5;159m, uid: [38;5;121m[3m<7a1c1c5>[0m[38;5;159m, morph: [38;5;121m<gs.morphs.Box>[0m[38;5;159m, material: [38;5;121m<gs.materials.Rigid>[0m[38;5;159m.[0m
[38;5;159m[Genesis] [14:23:04] [INFO] Adding [38;5;121m<gs.engine.entities.RigidEntity>[0m[38;5;159m. idx: [38;5;121m3[0m[38;5;159m, uid: [38;5;121m[3m<f6b91d0>[0m[38;5;159m, morph: [38;5;121m<gs.morphs.MJCF(file='/workspace/parcel-sorter-rocm/third_party/genesis-world/genesis/assets/xml/franka_emika_panda/panda.xml')>[0m[38;5;159m, material: [38;5;121m<gs.materials.Rigid>[0m[38;5;159m.[0m
[38;5;226m[Genesis] [14:23:05] [WARNING] (MJCF) Approximating tendon by joint actuator for `finger_joint1`[0m
[38;5;226m[Genesis] [14:23:05] [WARNING] (MJCF) Approximating tendon by joint actuator for `finger_joint2`[0m
[38;5;159m[Genesis] [14:23:05] [INFO] Adding [38;5;121m<gs.engine.entities.RigidEntity>[0m[38;5;159m. idx: [38;5;121m4[0m[38;5;159m, uid: [38;5;121m[3m<499742c>[0m[38;5;159m, morph: [38;5;121m<gs.morphs.Box>[0m[38;5;159m, material: [38;5;121m<gs.materials.Rigid>[0m[38;5;159m.[0m
[38;5;159m[Genesis] [14:23:05] [INFO] Building scene [38;5;121m[3m<0e07302>[0m[38;5;159m...[0m
[38;5;226m[Genesis] [14:23:05] [WARNING] Neutral robot position (qpos0) exceeds joint limits.[0m
[38;5;159m[Genesis] [14:23:05] [INFO] Preprocessing geom idx [38;5;121m[4m26[0m[38;5;159m.[0m
[38;5;226m[Genesis] [14:23:05] [WARNING] Constraint solver time constant should be greater than 2*substep_dt. timeconst is changed from `0.005` to `0.00833333`). Decrease simulation timestep or increase timeconst to avoid altering the original value.[0m
[38;5;226m[Genesis] [14:23:06] [WARNING] Filtered out geometry pairs causing self-collision for the neutral configuration (qpos0): (8, 13), (9, 13), (16, 23), (17, 22), (18, 25), (19, 24). Consider tuning Morph option 'decompose_robot_error_threshold' or specify dedicated collision meshes. This behavior can be disabled by setting Morph option 'enable_neutral_collision=True'.[0m
[38;5;159m[Genesis] [14:23:07] [INFO] Compiling simulation kernels...[0m
[38;5;159m[Genesis] [14:23:07] [INFO] Building visualizer...[0m
{"episode": 15100003, "profile": "near_limit_box", "success": false, "stage": "abort", "retries": 0}
[38;5;159m[Genesis] [14:23:11] [INFO] Scene [38;5;121m[3m<98e1a31>[0m[38;5;159m created.[0m
[38;5;159m[Genesis] [14:23:11] [INFO] Adding [38;5;121m<gs.engine.entities.RigidEntity>[0m[38;5;159m. idx: [38;5;121m0[0m[38;5;159m, uid: [38;5;121m[3m<d5ab4e3>[0m[38;5;159m, morph: [38;5;121m<gs.morphs.Plane>[0m[38;5;159m, material: [38;5;121m<gs.materials.Rigid>[0m[38;5;159m.[0m
[38;5;159m[Genesis] [14:23:11] [INFO] Adding [38;5;121m<gs.engine.entities.RigidEntity>[0m[38;5;159m. idx: [38;5;121m1[0m[38;5;159m, uid: [38;5;121m[3m<b4802ca>[0m[38;5;159m, morph: [38;5;121m<gs.morphs.Box>[0m[38;5;159m, material: [38;5;121m<gs.materials.Rigid>[0m[38;5;159m.[0m
[38;5;159m[Genesis] [14:23:11] [INFO] Adding [38;5;121m<gs.engine.entities.RigidEntity>[0m[38;5;159m. idx: [38;5;121m2[0m[38;5;159m, uid: [38;5;121m[3m<7eebbdf>[0m[38;5;159m, morph: [38;5;121m<gs.morphs.Box>[0m[38;5;159m, material: [38;5;121m<gs.materials.Rigid>[0m[38;5;159m.[0m
[38;5;159m[Genesis] [14:23:11] [INFO] Adding [38;5;121m<gs.engine.entities.RigidEntity>[0m[38;5;159m. idx: [38;5;121m3[0m[38;5;159m, uid: [38;5;121m[3m<0665364>[0m[38;5;159m, morph: [38;5;121m<gs.morphs.MJCF(file='/workspace/parcel-sorter-rocm/third_party/genesis-world/genesis/assets/xml/franka_emika_panda/panda.xml')>[0m[38;5;159m, material: [38;5;121m<gs.materials.Rigid>[0m[38;5;159m.[0m
[38;5;226m[Genesis] [14:23:12] [WARNING] (MJCF) Approximating tendon by joint actuator for `finger_joint1`[0m
[38;5;226m[Genesis] [14:23:12] [WARNING] (MJCF) Approximating tendon by joint actuator for `finger_joint2`[0m
[38;5;159m[Genesis] [14:23:12] [INFO] Adding [38;5;121m<gs.engine.entities.RigidEntity>[0m[38;5;159m. idx: [38;5;121m4[0m[38;5;159m, uid: [38;5;121m[3m<bb17156>[0m[38;5;159m, morph: [38;5;121m<gs.morphs.Box>[0m[38;5;159m, material: [38;5;121m<gs.materials.Rigid>[0m[38;5;159m.[0m
[38;5;159m[Genesis] [14:23:12] [INFO] Building scene [38;5;121m[3m<98e1a31>[0m[38;5;159m...[0m
[38;5;226m[Genesis] [14:23:12] [WARNING] Neutral robot position (qpos0) exceeds joint limits.[0m
[38;5;159m[Genesis] [14:23:12] [INFO] Preprocessing geom idx [38;5;121m[4m26[0m[38;5;159m.[0m
[38;5;226m[Genesis] [14:23:12] [WARNING] Constraint solver time constant should be greater than 2*substep_dt. timeconst is changed from `0.005` to `0.00833333`). Decrease simulation timestep or increase timeconst to avoid altering the original value.[0m
[38;5;226m[Genesis] [14:23:13] [WARNING] Filtered out geometry pairs causing self-collision for the neutral configuration (qpos0): (8, 13), (9, 13), (16, 23), (17, 22), (18, 25), (19, 24). Consider tuning Morph option 'decompose_robot_error_threshold' or specify dedicated collision meshes. This behavior can be disabled by setting Morph option 'enable_neutral_collision=True'.[0m
[38;5;159m[Genesis] [14:23:14] [INFO] Compiling simulation kernels...[0m
[38;5;159m[Genesis] [14:23:15] [INFO] Building visualizer...[0m
{"episode": 15100004, "profile": "near_limit_box", "success": false, "stage": "approach", "retries": 0}
[38;5;159m[Genesis] [14:23:36] [INFO] Scene [38;5;121m[3m<c15436b>[0m[38;5;159m created.[0m
[38;5;159m[Genesis] [14:23:36] [INFO] Adding [38;5;121m<gs.engine.entities.RigidEntity>[0m[38;5;159m. idx: [38;5;121m0[0m[38;5;159m, uid: [38;5;121m[3m<b3e9ae8>[0m[38;5;159m, morph: [38;5;121m<gs.morphs.Plane>[0m[38;5;159m, material: [38;5;121m<gs.materials.Rigid>[0m[38;5;159m.[0m
[38;5;159m[Genesis] [14:23:36] [INFO] Adding [38;5;121m<gs.engine.entities.RigidEntity>[0m[38;5;159m. idx: [38;5;121m1[0m[38;5;159m, uid: [38;5;121m[3m<41a59fc>[0m[38;5;159m, morph: [38;5;121m<gs.morphs.Box>[0m[38;5;159m, material: [38;5;121m<gs.materials.Rigid>[0m[38;5;159m.[0m
[38;5;159m[Genesis] [14:23:36] [INFO] Adding [38;5;121m<gs.engine.entities.RigidEntity>[0m[38;5;159m. idx: [38;5;121m2[0m[38;5;159m, uid: [38;5;121m[3m<1932635>[0m[38;5;159m, morph: [38;5;121m<gs.morphs.Box>[0m[38;5;159m, material: [38;5;121m<gs.materials.Rigid>[0m[38;5;159m.[0m
[38;5;159m[Genesis] [14:23:36] [INFO] Adding [38;5;121m<gs.engine.entities.RigidEntity>[0m[38;5;159m. idx: [38;5;121m3[0m[38;5;159m, uid: [38;5;121m[3m<de12378>[0m[38;5;159m, morph: [38;5;121m<gs.morphs.MJCF(file='/workspace/parcel-sorter-rocm/third_party/genesis-world/genesis/assets/xml/franka_emika_panda/panda.xml')>[0m[38;5;159m, material: [38;5;121m<gs.materials.Rigid>[0m[38;5;159m.[0m
[38;5;226m[Genesis] [14:23:36] [WARNING] (MJCF) Approximating tendon by joint actuator for `finger_joint1`[0m
[38;5;226m[Genesis] [14:23:36] [WARNING] (MJCF) Approximating tendon by joint actuator for `finger_joint2`[0m
[38;5;159m[Genesis] [14:23:36] [INFO] Adding [38;5;121m<gs.engine.entities.RigidEntity>[0m[38;5;159m. idx: [38;5;121m4[0m[38;5;159m, uid: [38;5;121m[3m<0bb21b3>[0m[38;5;159m, morph: [38;5;121m<gs.morphs.Box>[0m[38;5;159m, material: [38;5;121m<gs.materials.Rigid>[0m[38;5;159m.[0m
[38;5;159m[Genesis] [14:23:36] [INFO] Building scene [38;5;121m[3m<c15436b>[0m[38;5;159m...[0m
[38;5;226m[Genesis] [14:23:37] [WARNING] Neutral robot position (qpos0) exceeds joint limits.[0m
[38;5;159m[Genesis] [14:23:37] [INFO] Preprocessing geom idx [38;5;121m[4m26[0m[38;5;159m.[0m
[38;5;226m[Genesis] [14:23:37] [WARNING] Constraint solver time constant should be greater than 2*substep_dt. timeconst is changed from `0.005` to `0.00833333`). Decrease simulation timestep or increase timeconst to avoid altering the original value.[0m
[38;5;226m[Genesis] [14:23:38] [WARNING] Filtered out geometry pairs causing self-collision for the neutral configuration (qpos0): (8, 13), (9, 13), (16, 23), (17, 22), (18, 25), (19, 24). Consider tuning Morph option 'decompose_robot_error_threshold' or specify dedicated collision meshes. This behavior can be disabled by setting Morph option 'enable_neutral_collision=True'.[0m
[38;5;159m[Genesis] [14:23:39] [INFO] Compiling simulation kernels...[0m
[38;5;159m[Genesis] [14:23:39] [INFO] Building visualizer...[0m
{"episode": 16100000, "profile": "electronics_box", "success": true, "stage": "complete", "retries": 0}
[38;5;159m[Genesis] [14:23:49] [INFO] Scene [38;5;121m[3m<7f276b0>[0m[38;5;159m created.[0m
[38;5;159m[Genesis] [14:23:49] [INFO] Adding [38;5;121m<gs.engine.entities.RigidEntity>[0m[38;5;159m. idx: [38;5;121m0[0m[38;5;159m, uid: [38;5;121m[3m<33ae5a1>[0m[38;5;159m, morph: [38;5;121m<gs.morphs.Plane>[0m[38;5;159m, material: [38;5;121m<gs.materials.Rigid>[0m[38;5;159m.[0m
[38;5;159m[Genesis] [14:23:49] [INFO] Adding [38;5;121m<gs.engine.entities.RigidEntity>[0m[38;5;159m. idx: [38;5;121m1[0m[38;5;159m, uid: [38;5;121m[3m<1b33b46>[0m[38;5;159m, morph: [38;5;121m<gs.morphs.Box>[0m[38;5;159m, material: [38;5;121m<gs.materials.Rigid>[0m[38;5;159m.[0m
[38;5;159m[Genesis] [14:23:49] [INFO] Adding [38;5;121m<gs.engine.entities.RigidEntity>[0m[38;5;159m. idx: [38;5;121m2[0m[38;5;159m, uid: [38;5;121m[3m<c56e3bd>[0m[38;5;159m, morph: [38;5;121m<gs.morphs.Box>[0m[38;5;159m, material: [38;5;121m<gs.materials.Rigid>[0m[38;5;159m.[0m
[38;5;159m[Genesis] [14:23:49] [INFO] Adding [38;5;121m<gs.engine.entities.RigidEntity>[0m[38;5;159m. idx: [38;5;121m3[0m[38;5;159m, uid: [38;5;121m[3m<157f76a>[0m[38;5;159m, morph: [38;5;121m<gs.morphs.MJCF(file='/workspace/parcel-sorter-rocm/third_party/genesis-world/genesis/assets/xml/franka_emika_panda/panda.xml')>[0m[38;5;159m, material: [38;5;121m<gs.materials.Rigid>[0m[38;5;159m.[0m
[38;5;226m[Genesis] [14:23:49] [WARNING] (MJCF) Approximating tendon by joint actuator for `finger_joint1`[0m
[38;5;226m[Genesis] [14:23:49] [WARNING] (MJCF) Approximating tendon by joint actuator for `finger_joint2`[0m
[38;5;159m[Genesis] [14:23:49] [INFO] Adding [38;5;121m<gs.engine.entities.RigidEntity>[0m[38;5;159m. idx: [38;5;121m4[0m[38;5;159m, uid: [38;5;121m[3m<f9a7e7d>[0m[38;5;159m, morph: [38;5;121m<gs.morphs.Box>[0m[38;5;159m, material: [38;5;121m<gs.materials.Rigid>[0m[38;5;159m.[0m
[38;5;159m[Genesis] [14:23:49] [INFO] Building scene [38;5;121m[3m<7f276b0>[0m[38;5;159m...[0m
[38;5;226m[Genesis] [14:23:50] [WARNING] Neutral robot position (qpos0) exceeds joint limits.[0m
[38;5;159m[Genesis] [14:23:50] [INFO] Preprocessing geom idx [38;5;121m[4m26[0m[38;5;159m.[0m
[38;5;226m[Genesis] [14:23:50] [WARNING] Constraint solver time constant should be greater than 2*substep_dt. timeconst is changed from `0.005` to `0.00833333`). Decrease simulation timestep or increase timeconst to avoid altering the original value.[0m
[38;5;226m[Genesis] [14:23:51] [WARNING] Filtered out geometry pairs causing self-collision for the neutral configuration (qpos0): (8, 13), (9, 13), (16, 23), (17, 22), (18, 25), (19, 24). Consider tuning Morph option 'decompose_robot_error_threshold' or specify dedicated collision meshes. This behavior can be disabled by setting Morph option 'enable_neutral_collision=True'.[0m
[38;5;159m[Genesis] [14:23:52] [INFO] Compiling simulation kernels...[0m
[38;5;159m[Genesis] [14:23:52] [INFO] Building visualizer...[0m
{"episode": 16100001, "profile": "electronics_box", "success": true, "stage": "complete", "retries": 0}
[38;5;159m[Genesis] [14:24:00] [INFO] Scene [38;5;121m[3m<fc33282>[0m[38;5;159m created.[0m
[38;5;159m[Genesis] [14:24:00] [INFO] Adding [38;5;121m<gs.engine.entities.RigidEntity>[0m[38;5;159m. idx: [38;5;121m0[0m[38;5;159m, uid: [38;5;121m[3m<8132cf0>[0m[38;5;159m, morph: [38;5;121m<gs.morphs.Plane>[0m[38;5;159m, material: [38;5;121m<gs.materials.Rigid>[0m[38;5;159m.[0m
[38;5;159m[Genesis] [14:24:00] [INFO] Adding [38;5;121m<gs.engine.entities.RigidEntity>[0m[38;5;159m. idx: [38;5;121m1[0m[38;5;159m, uid: [38;5;121m[3m<c6346b0>[0m[38;5;159m, morph: [38;5;121m<gs.morphs.Box>[0m[38;5;159m, material: [38;5;121m<gs.materials.Rigid>[0m[38;5;159m.[0m
[38;5;159m[Genesis] [14:24:00] [INFO] Adding [38;5;121m<gs.engine.entities.RigidEntity>[0m[38;5;159m. idx: [38;5;121m2[0m[38;5;159m, uid: [38;5;121m[3m<c1fbcc3>[0m[38;5;159m, morph: [38;5;121m<gs.morphs.Box>[0m[38;5;159m, material: [38;5;121m<gs.materials.Rigid>[0m[38;5;159m.[0m
[38;5;159m[Genesis] [14:24:00] [INFO] Adding [38;5;121m<gs.engine.entities.RigidEntity>[0m[38;5;159m. idx: [38;5;121m3[0m[38;5;159m, uid: [38;5;121m[3m<3716238>[0m[38;5;159m, morph: [38;5;121m<gs.morphs.MJCF(file='/workspace/parcel-sorter-rocm/third_party/genesis-world/genesis/assets/xml/franka_emika_panda/panda.xml')>[0m[38;5;159m, material: [38;5;121m<gs.materials.Rigid>[0m[38;5;159m.[0m
[38;5;226m[Genesis] [14:24:00] [WARNING] (MJCF) Approximating tendon by joint actuator for `finger_joint1`[0m
[38;5;226m[Genesis] [14:24:00] [WARNING] (MJCF) Approximating tendon by joint actuator for `finger_joint2`[0m
[38;5;159m[Genesis] [14:24:00] [INFO] Adding [38;5;121m<gs.engine.entities.RigidEntity>[0m[38;5;159m. idx: [38;5;121m4[0m[38;5;159m, uid: [38;5;121m[3m<fa0d6c7>[0m[38;5;159m, morph: [38;5;121m<gs.morphs.Box>[0m[38;5;159m, material: [38;5;121m<gs.materials.Rigid>[0m[38;5;159m.[0m
[38;5;159m[Genesis] [14:24:00] [INFO] Building scene [38;5;121m[3m<fc33282>[0m[38;5;159m...[0m
[38;5;226m[Genesis] [14:24:00] [WARNING] Neutral robot position (qpos0) exceeds joint limits.[0m
[38;5;159m[Genesis] [14:24:01] [INFO] Preprocessing geom idx [38;5;121m[4m26[0m[38;5;159m.[0m
[38;5;226m[Genesis] [14:24:01] [WARNING] Constraint solver time constant should be greater than 2*substep_dt. timeconst is changed from `0.005` to `0.00833333`). Decrease simulation timestep or increase timeconst to avoid altering the original value.[0m
[38;5;226m[Genesis] [14:24:02] [WARNING] Filtered out geometry pairs causing self-collision for the neutral configuration (qpos0): (8, 13), (9, 13), (16, 23), (17, 22), (18, 25), (19, 24). Consider tuning Morph option 'decompose_robot_error_threshold' or specify dedicated collision meshes. This behavior can be disabled by setting Morph option 'enable_neutral_collision=True'.[0m
[38;5;159m[Genesis] [14:24:03] [INFO] Compiling simulation kernels...[0m
[38;5;159m[Genesis] [14:24:03] [INFO] Building visualizer...[0m
{"episode": 16100002, "profile": "electronics_box", "success": true, "stage": "complete", "retries": 0}
[38;5;159m[Genesis] [14:24:08] [INFO] Scene [38;5;121m[3m<99677b8>[0m[38;5;159m created.[0m
[38;5;159m[Genesis] [14:24:08] [INFO] Adding [38;5;121m<gs.engine.entities.RigidEntity>[0m[38;5;159m. idx: [38;5;121m0[0m[38;5;159m, uid: [38;5;121m[3m<5fec588>[0m[38;5;159m, morph: [38;5;121m<gs.morphs.Plane>[0m[38;5;159m, material: [38;5;121m<gs.materials.Rigid>[0m[38;5;159m.[0m
[38;5;159m[Genesis] [14:24:08] [INFO] Adding [38;5;121m<gs.engine.entities.RigidEntity>[0m[38;5;159m. idx: [38;5;121m1[0m[38;5;159m, uid: [38;5;121m[3m<6316360>[0m[38;5;159m, morph: [38;5;121m<gs.morphs.Box>[0m[38;5;159m, material: [38;5;121m<gs.materials.Rigid>[0m[38;5;159m.[0m
[38;5;159m[Genesis] [14:24:08] [INFO] Adding [38;5;121m<gs.engine.entities.RigidEntity>[0m[38;5;159m. idx: [38;5;121m2[0m[38;5;159m, uid: [38;5;121m[3m<73e8f22>[0m[38;5;159m, morph: [38;5;121m<gs.morphs.Box>[0m[38;5;159m, material: [38;5;121m<gs.materials.Rigid>[0m[38;5;159m.[0m
[38;5;159m[Genesis] [14:24:08] [INFO] Adding [38;5;121m<gs.engine.entities.RigidEntity>[0m[38;5;159m. idx: [38;5;121m3[0m[38;5;159m, uid: [38;5;121m[3m<4bf94c8>[0m[38;5;159m, morph: [38;5;121m<gs.morphs.MJCF(file='/workspace/parcel-sorter-rocm/third_party/genesis-world/genesis/assets/xml/franka_emika_panda/panda.xml')>[0m[38;5;159m, material: [38;5;121m<gs.materials.Rigid>[0m[38;5;159m.[0m
[38;5;226m[Genesis] [14:24:09] [WARNING] (MJCF) Approximating tendon by joint actuator for `finger_joint1`[0m
[38;5;226m[Genesis] [14:24:09] [WARNING] (MJCF) Approximating tendon by joint actuator for `finger_joint2`[0m
[38;5;159m[Genesis] [14:24:09] [INFO] Adding [38;5;121m<gs.engine.entities.RigidEntity>[0m[38;5;159m. idx: [38;5;121m4[0m[38;5;159m, uid: [38;5;121m[3m<4543f2d>[0m[38;5;159m, morph: [38;5;121m<gs.morphs.Box>[0m[38;5;159m, material: [38;5;121m<gs.materials.Rigid>[0m[38;5;159m.[0m
[38;5;159m[Genesis] [14:24:09] [INFO] Building scene [38;5;121m[3m<99677b8>[0m[38;5;159m...[0m
[38;5;226m[Genesis] [14:24:09] [WARNING] Neutral robot position (qpos0) exceeds joint limits.[0m
[38;5;159m[Genesis] [14:24:09] [INFO] Preprocessing geom idx [38;5;121m[4m26[0m[38;5;159m.[0m
[38;5;226m[Genesis] [14:24:09] [WARNING] Constraint solver time constant should be greater than 2*substep_dt. timeconst is changed from `0.005` to `0.00833333`). Decrease simulation timestep or increase timeconst to avoid altering the original value.[0m
[38;5;226m[Genesis] [14:24:10] [WARNING] Filtered out geometry pairs causing self-collision for the neutral configuration (qpos0): (8, 13), (9, 13), (16, 23), (17, 22), (18, 25), (19, 24). Consider tuning Morph option 'decompose_robot_error_threshold' or specify dedicated collision meshes. This behavior can be disabled by setting Morph option 'enable_neutral_collision=True'.[0m
[38;5;159m[Genesis] [14:24:11] [INFO] Compiling simulation kernels...[0m
[38;5;159m[Genesis] [14:24:11] [INFO] Building visualizer...[0m
{"episode": 16100003, "profile": "electronics_box", "success": false, "stage": "abort", "retries": 2}
[38;5;159m[Genesis] [14:24:18] [INFO] Scene [38;5;121m[3m<6447fb9>[0m[38;5;159m created.[0m
[38;5;159m[Genesis] [14:24:18] [INFO] Adding [38;5;121m<gs.engine.entities.RigidEntity>[0m[38;5;159m. idx: [38;5;121m0[0m[38;5;159m, uid: [38;5;121m[3m<41bafed>[0m[38;5;159m, morph: [38;5;121m<gs.morphs.Plane>[0m[38;5;159m, material: [38;5;121m<gs.materials.Rigid>[0m[38;5;159m.[0m
[38;5;159m[Genesis] [14:24:18] [INFO] Adding [38;5;121m<gs.engine.entities.RigidEntity>[0m[38;5;159m. idx: [38;5;121m1[0m[38;5;159m, uid: [38;5;121m[3m<471ca64>[0m[38;5;159m, morph: [38;5;121m<gs.morphs.Box>[0m[38;5;159m, material: [38;5;121m<gs.materials.Rigid>[0m[38;5;159m.[0m
[38;5;159m[Genesis] [14:24:18] [INFO] Adding [38;5;121m<gs.engine.entities.RigidEntity>[0m[38;5;159m. idx: [38;5;121m2[0m[38;5;159m, uid: [38;5;121m[3m<05874a0>[0m[38;5;159m, morph: [38;5;121m<gs.morphs.Box>[0m[38;5;159m, material: [38;5;121m<gs.materials.Rigid>[0m[38;5;159m.[0m
[38;5;159m[Genesis] [14:24:18] [INFO] Adding [38;5;121m<gs.engine.entities.RigidEntity>[0m[38;5;159m. idx: [38;5;121m3[0m[38;5;159m, uid: [38;5;121m[3m<6f67a47>[0m[38;5;159m, morph: [38;5;121m<gs.morphs.MJCF(file='/workspace/parcel-sorter-rocm/third_party/genesis-world/genesis/assets/xml/franka_emika_panda/panda.xml')>[0m[38;5;159m, material: [38;5;121m<gs.materials.Rigid>[0m[38;5;159m.[0m
[38;5;226m[Genesis] [14:24:18] [WARNING] (MJCF) Approximating tendon by joint actuator for `finger_joint1`[0m
[38;5;226m[Genesis] [14:24:18] [WARNING] (MJCF) Approximating tendon by joint actuator for `finger_joint2`[0m
[38;5;159m[Genesis] [14:24:18] [INFO] Adding [38;5;121m<gs.engine.entities.RigidEntity>[0m[38;5;159m. idx: [38;5;121m4[0m[38;5;159m, uid: [38;5;121m[3m<83c155d>[0m[38;5;159m, morph: [38;5;121m<gs.morphs.Box>[0m[38;5;159m, material: [38;5;121m<gs.materials.Rigid>[0m[38;5;159m.[0m
[38;5;159m[Genesis] [14:24:18] [INFO] Building scene [38;5;121m[3m<6447fb9>[0m[38;5;159m...[0m
[38;5;226m[Genesis] [14:24:18] [WARNING] Neutral robot position (qpos0) exceeds joint limits.[0m
[38;5;159m[Genesis] [14:24:18] [INFO] Preprocessing geom idx [38;5;121m[4m26[0m[38;5;159m.[0m
[38;5;226m[Genesis] [14:24:18] [WARNING] Constraint solver time constant should be greater than 2*substep_dt. timeconst is changed from `0.005` to `0.00833333`). Decrease simulation timestep or increase timeconst to avoid altering the original value.[0m
[38;5;226m[Genesis] [14:24:20] [WARNING] Filtered out geometry pairs causing self-collision for the neutral configuration (qpos0): (8, 13), (9, 13), (16, 23), (17, 22), (18, 25), (19, 24). Consider tuning Morph option 'decompose_robot_error_threshold' or specify dedicated collision meshes. This behavior can be disabled by setting Morph option 'enable_neutral_collision=True'.[0m
[38;5;159m[Genesis] [14:24:21] [INFO] Compiling simulation kernels...[0m
[38;5;159m[Genesis] [14:24:21] [INFO] Building visualizer...[0m
{"episode": 16100004, "profile": "electronics_box", "success": false, "stage": "abort", "retries": 0}
{
  "episodes": 60,
  "successes": 36,
  "success_rate": 0.6,
  "success_rate_ci95_low": 0.4736605349204075,
  "success_rate_ci95_high": 0.7143050946511744,
  "first_attempt_successes": 32,
  "first_attempt_success_rate": 0.5333333333333333,
  "first_attempt_success_rate_ci95_low": 0.4089342702715789,
  "first_attempt_success_rate_ci95_high": 0.6537209395856151,
  "retry_episodes": 13,
  "recovered_episodes": 4,
  "recovery_success_rate": 0.3076923076923077,
  "recovery_success_rate_ci95_low": 0.12680703655710515,
  "recovery_success_rate_ci95_high": 0.5763065681945096,
  "dropped_episodes": 0,
  "drop_rate": 0.0,
  "drop_rate_ci95_low": 0.0,
  "drop_rate_ci95_high": 0.06017185214208986,
  "mean_duration_seconds": 6.392222222222221,
  "successful_parcels_per_hour": 337.91065531027294,
  "mean_inference_latency_ms": 0.02733767148045659,
  "p95_inference_latency_ms": 0.035769,
  "max_contact_force_n": 139.03369140625
}
[38;5;159m[Genesis] [14:24:28] [INFO] 💤 Exiting Genesis and caching compiled kernels...[0m
