[38;5;159m[Genesis] [14:24:35] [INFO] [38;5;121m╭───────────────────────────────────────────────╮[0m[38;5;159m[0m
[38;5;159m[Genesis] [14:24:35] [INFO] [38;5;121m│┈┉┈┉┈┉┈┉┈┉┈┉┈┉┈┉┈┉┈[0m[38;5;159m [38;5;121m[1m[3mGenesis[0m[38;5;159m [38;5;121m┈┉┈┉┈┉┈┉┈┉┈┉┈┉┈┉┈┉┈│[0m[38;5;159m[0m
[38;5;159m[Genesis] [14:24:35] [INFO] [38;5;121m╰───────────────────────────────────────────────╯[0m[38;5;159m[0m
[38;5;159m[Genesis] [14:24:36] [INFO] Running on [38;5;121m[4m[AMD Radeon Graphics][0m[38;5;159m with backend [38;5;121m[4mgs.amdgpu[0m[38;5;159m. Device memory: [38;5;121m[4m47.98[0m[38;5;159m GB.[0m
[38;5;159m[Genesis] [14:24:36] [INFO] 🚀 Genesis initialized. 🔖 version: [38;5;121m[4m1.2.3[0m[38;5;159m, 🎨 theme: [38;5;121m[4mdark[0m[38;5;159m, 🌱 seed: [38;5;121m[4m0[0m[38;5;159m, 🐛 debug: [38;5;121m[4mFalse[0m[38;5;159m, 📏 precision: [38;5;121m[4m32[0m[38;5;159m, 🔥 performance: [38;5;121m[4mFalse[0m[38;5;159m, 💬 verbose: [38;5;121m[4mINFO[0m[38;5;159m[0m
[38;5;159m[Genesis] [14:24:37] [INFO] Scene [38;5;121m[3m<8dafb3d>[0m[38;5;159m created.[0m
[38;5;159m[Genesis] [14:24:37] [INFO] Adding [38;5;121m<gs.engine.entities.RigidEntity>[0m[38;5;159m. idx: [38;5;121m0[0m[38;5;159m, uid: [38;5;121m[3m<c68c8ac>[0m[38;5;159m, morph: [38;5;121m<gs.morphs.Plane>[0m[38;5;159m, material: [38;5;121m<gs.materials.Rigid>[0m[38;5;159m.[0m
[38;5;159m[Genesis] [14:24:37] [INFO] Adding [38;5;121m<gs.engine.entities.RigidEntity>[0m[38;5;159m. idx: [38;5;121m1[0m[38;5;159m, uid: [38;5;121m[3m<cbaae5f>[0m[38;5;159m, morph: [38;5;121m<gs.morphs.Box>[0m[38;5;159m, material: [38;5;121m<gs.materials.Rigid>[0m[38;5;159m.[0m
[38;5;159m[Genesis] [14:24:37] [INFO] Adding [38;5;121m<gs.engine.entities.RigidEntity>[0m[38;5;159m. idx: [38;5;121m2[0m[38;5;159m, uid: [38;5;121m[3m<5b6e45c>[0m[38;5;159m, morph: [38;5;121m<gs.morphs.Box>[0m[38;5;159m, material: [38;5;121m<gs.materials.Rigid>[0m[38;5;159m.[0m
[38;5;159m[Genesis] [14:24:37] [INFO] Adding [38;5;121m<gs.engine.entities.RigidEntity>[0m[38;5;159m. idx: [38;5;121m3[0m[38;5;159m, uid: [38;5;121m[3m<ec68e14>[0m[38;5;159m, morph: [38;5;121m<gs.morphs.MJCF(file='/workspace/parcel-sorter-rocm/third_party/genesis-world/genesis/assets/xml/franka_emika_panda/panda.xml')>[0m[38;5;159m, material: [38;5;121m<gs.materials.Rigid>[0m[38;5;159m.[0m
[38;5;226m[Genesis] [14:24:38] [WARNING] (MJCF) Approximating tendon by joint actuator for `finger_joint1`[0m
[38;5;226m[Genesis] [14:24:38] [WARNING] (MJCF) Approximating tendon by joint actuator for `finger_joint2`[0m
[38;5;159m[Genesis] [14:24:38] [INFO] Adding [38;5;121m<gs.engine.entities.RigidEntity>[0m[38;5;159m. idx: [38;5;121m4[0m[38;5;159m, uid: [38;5;121m[3m<501d125>[0m[38;5;159m, morph: [38;5;121m<gs.morphs.Box>[0m[38;5;159m, material: [38;5;121m<gs.materials.Rigid>[0m[38;5;159m.[0m
[38;5;159m[Genesis] [14:24:38] [INFO] Building scene [38;5;121m[3m<8dafb3d>[0m[38;5;159m...[0m
[38;5;226m[Genesis] [14:24:39] [WARNING] Neutral robot position (qpos0) exceeds joint limits.[0m
[38;5;226m[Genesis] [14:24:39] [WARNING] Constraint solver time constant should be greater than 2*substep_dt. timeconst is changed from `0.005` to `0.00833333`). Decrease simulation timestep or increase timeconst to avoid altering the original value.[0m
[38;5;226m[Genesis] [14:24:41] [WARNING] Filtered out geometry pairs causing self-collision for the neutral configuration (qpos0): (8, 13), (9, 13), (16, 23), (17, 22), (18, 25), (19, 24). Consider tuning Morph option 'decompose_robot_error_threshold' or specify dedicated collision meshes. This behavior can be disabled by setting Morph option 'enable_neutral_collision=True'.[0m
[38;5;159m[Genesis] [14:24:42] [INFO] Compiling simulation kernels...[0m
[38;5;159m[Genesis] [14:24:52] [INFO] Building visualizer...[0m
{"episode": 100000, "profile": "micro_box", "success": true, "stage": "complete", "retries": 0}
[38;5;159m[Genesis] [14:24:59] [INFO] Scene [38;5;121m[3m<716b590>[0m[38;5;159m created.[0m
[38;5;159m[Genesis] [14:24:59] [INFO] Adding [38;5;121m<gs.engine.entities.RigidEntity>[0m[38;5;159m. idx: [38;5;121m0[0m[38;5;159m, uid: [38;5;121m[3m<f3adb72>[0m[38;5;159m, morph: [38;5;121m<gs.morphs.Plane>[0m[38;5;159m, material: [38;5;121m<gs.materials.Rigid>[0m[38;5;159m.[0m
[38;5;159m[Genesis] [14:24:59] [INFO] Adding [38;5;121m<gs.engine.entities.RigidEntity>[0m[38;5;159m. idx: [38;5;121m1[0m[38;5;159m, uid: [38;5;121m[3m<248a270>[0m[38;5;159m, morph: [38;5;121m<gs.morphs.Box>[0m[38;5;159m, material: [38;5;121m<gs.materials.Rigid>[0m[38;5;159m.[0m
[38;5;159m[Genesis] [14:24:59] [INFO] Adding [38;5;121m<gs.engine.entities.RigidEntity>[0m[38;5;159m. idx: [38;5;121m2[0m[38;5;159m, uid: [38;5;121m[3m<a923197>[0m[38;5;159m, morph: [38;5;121m<gs.morphs.Box>[0m[38;5;159m, material: [38;5;121m<gs.materials.Rigid>[0m[38;5;159m.[0m
[38;5;159m[Genesis] [14:24:59] [INFO] Adding [38;5;121m<gs.engine.entities.RigidEntity>[0m[38;5;159m. idx: [38;5;121m3[0m[38;5;159m, uid: [38;5;121m[3m<23646c7>[0m[38;5;159m, morph: [38;5;121m<gs.morphs.MJCF(file='/workspace/parcel-sorter-rocm/third_party/genesis-world/genesis/assets/xml/franka_emika_panda/panda.xml')>[0m[38;5;159m, material: [38;5;121m<gs.materials.Rigid>[0m[38;5;159m.[0m
[38;5;226m[Genesis] [14:24:59] [WARNING] (MJCF) Approximating tendon by joint actuator for `finger_joint1`[0m
[38;5;226m[Genesis] [14:24:59] [WARNING] (MJCF) Approximating tendon by joint actuator for `finger_joint2`[0m
[38;5;159m[Genesis] [14:24:59] [INFO] Adding [38;5;121m<gs.engine.entities.RigidEntity>[0m[38;5;159m. idx: [38;5;121m4[0m[38;5;159m, uid: [38;5;121m[3m<251b641>[0m[38;5;159m, morph: [38;5;121m<gs.morphs.Box>[0m[38;5;159m, material: [38;5;121m<gs.materials.Rigid>[0m[38;5;159m.[0m
[38;5;159m[Genesis] [14:24:59] [INFO] Building scene [38;5;121m[3m<716b590>[0m[38;5;159m...[0m
[38;5;226m[Genesis] [14:24:59] [WARNING] Neutral robot position (qpos0) exceeds joint limits.[0m
[38;5;226m[Genesis] [14:24:59] [WARNING] Constraint solver time constant should be greater than 2*substep_dt. timeconst is changed from `0.005` to `0.00833333`). Decrease simulation timestep or increase timeconst to avoid altering the original value.[0m
[38;5;226m[Genesis] [14:25:00] [WARNING] Filtered out geometry pairs causing self-collision for the neutral configuration (qpos0): (8, 13), (9, 13), (16, 23), (17, 22), (18, 25), (19, 24). Consider tuning Morph option 'decompose_robot_error_threshold' or specify dedicated collision meshes. This behavior can be disabled by setting Morph option 'enable_neutral_collision=True'.[0m
[38;5;159m[Genesis] [14:25:01] [INFO] Compiling simulation kernels...[0m
[38;5;159m[Genesis] [14:25:01] [INFO] Building visualizer...[0m
{"episode": 100001, "profile": "micro_box", "success": true, "stage": "complete", "retries": 0}
[38;5;159m[Genesis] [14:25:10] [INFO] Scene [38;5;121m[3m<f2ea75a>[0m[38;5;159m created.[0m
[38;5;159m[Genesis] [14:25:10] [INFO] Adding [38;5;121m<gs.engine.entities.RigidEntity>[0m[38;5;159m. idx: [38;5;121m0[0m[38;5;159m, uid: [38;5;121m[3m<425c6bb>[0m[38;5;159m, morph: [38;5;121m<gs.morphs.Plane>[0m[38;5;159m, material: [38;5;121m<gs.materials.Rigid>[0m[38;5;159m.[0m
[38;5;159m[Genesis] [14:25:10] [INFO] Adding [38;5;121m<gs.engine.entities.RigidEntity>[0m[38;5;159m. idx: [38;5;121m1[0m[38;5;159m, uid: [38;5;121m[3m<3a85500>[0m[38;5;159m, morph: [38;5;121m<gs.morphs.Box>[0m[38;5;159m, material: [38;5;121m<gs.materials.Rigid>[0m[38;5;159m.[0m
[38;5;159m[Genesis] [14:25:10] [INFO] Adding [38;5;121m<gs.engine.entities.RigidEntity>[0m[38;5;159m. idx: [38;5;121m2[0m[38;5;159m, uid: [38;5;121m[3m<29d27e1>[0m[38;5;159m, morph: [38;5;121m<gs.morphs.Box>[0m[38;5;159m, material: [38;5;121m<gs.materials.Rigid>[0m[38;5;159m.[0m
[38;5;159m[Genesis] [14:25:10] [INFO] Adding [38;5;121m<gs.engine.entities.RigidEntity>[0m[38;5;159m. idx: [38;5;121m3[0m[38;5;159m, uid: [38;5;121m[3m<3fb3329>[0m[38;5;159m, morph: [38;5;121m<gs.morphs.MJCF(file='/workspace/parcel-sorter-rocm/third_party/genesis-world/genesis/assets/xml/franka_emika_panda/panda.xml')>[0m[38;5;159m, material: [38;5;121m<gs.materials.Rigid>[0m[38;5;159m.[0m
[38;5;226m[Genesis] [14:25:10] [WARNING] (MJCF) Approximating tendon by joint actuator for `finger_joint1`[0m
[38;5;226m[Genesis] [14:25:10] [WARNING] (MJCF) Approximating tendon by joint actuator for `finger_joint2`[0m
[38;5;159m[Genesis] [14:25:10] [INFO] Adding [38;5;121m<gs.engine.entities.RigidEntity>[0m[38;5;159m. idx: [38;5;121m4[0m[38;5;159m, uid: [38;5;121m[3m<4973753>[0m[38;5;159m, morph: [38;5;121m<gs.morphs.Box>[0m[38;5;159m, material: [38;5;121m<gs.materials.Rigid>[0m[38;5;159m.[0m
[38;5;159m[Genesis] [14:25:10] [INFO] Building scene [38;5;121m[3m<f2ea75a>[0m[38;5;159m...[0m
[38;5;226m[Genesis] [14:25:10] [WARNING] Neutral robot position (qpos0) exceeds joint limits.[0m
[38;5;226m[Genesis] [14:25:10] [WARNING] Constraint solver time constant should be greater than 2*substep_dt. timeconst is changed from `0.005` to `0.00833333`). Decrease simulation timestep or increase timeconst to avoid altering the original value.[0m
[38;5;226m[Genesis] [14:25:11] [WARNING] Filtered out geometry pairs causing self-collision for the neutral configuration (qpos0): (8, 13), (9, 13), (16, 23), (17, 22), (18, 25), (19, 24). Consider tuning Morph option 'decompose_robot_error_threshold' or specify dedicated collision meshes. This behavior can be disabled by setting Morph option 'enable_neutral_collision=True'.[0m
[38;5;159m[Genesis] [14:25:12] [INFO] Compiling simulation kernels...[0m
[38;5;159m[Genesis] [14:25:12] [INFO] Building visualizer...[0m
{"episode": 100002, "profile": "micro_box", "success": true, "stage": "complete", "retries": 0}
[38;5;159m[Genesis] [14:25:19] [INFO] Scene [38;5;121m[3m<eb98143>[0m[38;5;159m created.[0m
[38;5;159m[Genesis] [14:25:19] [INFO] Adding [38;5;121m<gs.engine.entities.RigidEntity>[0m[38;5;159m. idx: [38;5;121m0[0m[38;5;159m, uid: [38;5;121m[3m<5eae9bc>[0m[38;5;159m, morph: [38;5;121m<gs.morphs.Plane>[0m[38;5;159m, material: [38;5;121m<gs.materials.Rigid>[0m[38;5;159m.[0m
[38;5;159m[Genesis] [14:25:19] [INFO] Adding [38;5;121m<gs.engine.entities.RigidEntity>[0m[38;5;159m. idx: [38;5;121m1[0m[38;5;159m, uid: [38;5;121m[3m<2638433>[0m[38;5;159m, morph: [38;5;121m<gs.morphs.Box>[0m[38;5;159m, material: [38;5;121m<gs.materials.Rigid>[0m[38;5;159m.[0m
[38;5;159m[Genesis] [14:25:19] [INFO] Adding [38;5;121m<gs.engine.entities.RigidEntity>[0m[38;5;159m. idx: [38;5;121m2[0m[38;5;159m, uid: [38;5;121m[3m<950d01b>[0m[38;5;159m, morph: [38;5;121m<gs.morphs.Box>[0m[38;5;159m, material: [38;5;121m<gs.materials.Rigid>[0m[38;5;159m.[0m
[38;5;159m[Genesis] [14:25:19] [INFO] Adding [38;5;121m<gs.engine.entities.RigidEntity>[0m[38;5;159m. idx: [38;5;121m3[0m[38;5;159m, uid: [38;5;121m[3m<e84554f>[0m[38;5;159m, morph: [38;5;121m<gs.morphs.MJCF(file='/workspace/parcel-sorter-rocm/third_party/genesis-world/genesis/assets/xml/franka_emika_panda/panda.xml')>[0m[38;5;159m, material: [38;5;121m<gs.materials.Rigid>[0m[38;5;159m.[0m
[38;5;226m[Genesis] [14:25:19] [WARNING] (MJCF) Approximating tendon by joint actuator for `finger_joint1`[0m
[38;5;226m[Genesis] [14:25:19] [WARNING] (MJCF) Approximating tendon by joint actuator for `finger_joint2`[0m
[38;5;159m[Genesis] [14:25:19] [INFO] Adding [38;5;121m<gs.engine.entities.RigidEntity>[0m[38;5;159m. idx: [38;5;121m4[0m[38;5;159m, uid: [38;5;121m[3m<9dd4856>[0m[38;5;159m, morph: [38;5;121m<gs.morphs.Box>[0m[38;5;159m, material: [38;5;121m<gs.materials.Rigid>[0m[38;5;159m.[0m
[38;5;159m[Genesis] [14:25:19] [INFO] Building scene [38;5;121m[3m<eb98143>[0m[38;5;159m...[0m
[38;5;226m[Genesis] [14:25:19] [WARNING] Neutral robot position (qpos0) exceeds joint limits.[0m
[38;5;226m[Genesis] [14:25:19] [WARNING] Constraint solver time constant should be greater than 2*substep_dt. timeconst is changed from `0.005` to `0.00833333`). Decrease simulation timestep or increase timeconst to avoid altering the original value.[0m
[38;5;226m[Genesis] [14:25:20] [WARNING] Filtered out geometry pairs causing self-collision for the neutral configuration (qpos0): (8, 13), (9, 13), (16, 23), (17, 22), (18, 25), (19, 24). Consider tuning Morph option 'decompose_robot_error_threshold' or specify dedicated collision meshes. This behavior can be disabled by setting Morph option 'enable_neutral_collision=True'.[0m
[38;5;159m[Genesis] [14:25:21] [INFO] Compiling simulation kernels...[0m
[38;5;159m[Genesis] [14:25:21] [INFO] Building visualizer...[0m
{"episode": 100003, "profile": "micro_box", "success": true, "stage": "complete", "retries": 0}
[38;5;159m[Genesis] [14:25:28] [INFO] Scene [38;5;121m[3m<0e392c2>[0m[38;5;159m created.[0m
[38;5;159m[Genesis] [14:25:28] [INFO] Adding [38;5;121m<gs.engine.entities.RigidEntity>[0m[38;5;159m. idx: [38;5;121m0[0m[38;5;159m, uid: [38;5;121m[3m<a0580ae>[0m[38;5;159m, morph: [38;5;121m<gs.morphs.Plane>[0m[38;5;159m, material: [38;5;121m<gs.materials.Rigid>[0m[38;5;159m.[0m
[38;5;159m[Genesis] [14:25:28] [INFO] Adding [38;5;121m<gs.engine.entities.RigidEntity>[0m[38;5;159m. idx: [38;5;121m1[0m[38;5;159m, uid: [38;5;121m[3m<d771a3d>[0m[38;5;159m, morph: [38;5;121m<gs.morphs.Box>[0m[38;5;159m, material: [38;5;121m<gs.materials.Rigid>[0m[38;5;159m.[0m
[38;5;159m[Genesis] [14:25:28] [INFO] Adding [38;5;121m<gs.engine.entities.RigidEntity>[0m[38;5;159m. idx: [38;5;121m2[0m[38;5;159m, uid: [38;5;121m[3m<5d4cc30>[0m[38;5;159m, morph: [38;5;121m<gs.morphs.Box>[0m[38;5;159m, material: [38;5;121m<gs.materials.Rigid>[0m[38;5;159m.[0m
[38;5;159m[Genesis] [14:25:28] [INFO] Adding [38;5;121m<gs.engine.entities.RigidEntity>[0m[38;5;159m. idx: [38;5;121m3[0m[38;5;159m, uid: [38;5;121m[3m<96992ad>[0m[38;5;159m, morph: [38;5;121m<gs.morphs.MJCF(file='/workspace/parcel-sorter-rocm/third_party/genesis-world/genesis/assets/xml/franka_emika_panda/panda.xml')>[0m[38;5;159m, material: [38;5;121m<gs.materials.Rigid>[0m[38;5;159m.[0m
[38;5;226m[Genesis] [14:25:28] [WARNING] (MJCF) Approximating tendon by joint actuator for `finger_joint1`[0m
[38;5;226m[Genesis] [14:25:28] [WARNING] (MJCF) Approximating tendon by joint actuator for `finger_joint2`[0m
[38;5;159m[Genesis] [14:25:28] [INFO] Adding [38;5;121m<gs.engine.entities.RigidEntity>[0m[38;5;159m. idx: [38;5;121m4[0m[38;5;159m, uid: [38;5;121m[3m<661d312>[0m[38;5;159m, morph: [38;5;121m<gs.morphs.Box>[0m[38;5;159m, material: [38;5;121m<gs.materials.Rigid>[0m[38;5;159m.[0m
[38;5;159m[Genesis] [14:25:28] [INFO] Building scene [38;5;121m[3m<0e392c2>[0m[38;5;159m...[0m
[38;5;226m[Genesis] [14:25:28] [WARNING] Neutral robot position (qpos0) exceeds joint limits.[0m
[38;5;226m[Genesis] [14:25:28] [WARNING] Constraint solver time constant should be greater than 2*substep_dt. timeconst is changed from `0.005` to `0.00833333`). Decrease simulation timestep or increase timeconst to avoid altering the original value.[0m
[38;5;226m[Genesis] [14:25:30] [WARNING] Filtered out geometry pairs causing self-collision for the neutral configuration (qpos0): (8, 13), (9, 13), (16, 23), (17, 22), (18, 25), (19, 24). Consider tuning Morph option 'decompose_robot_error_threshold' or specify dedicated collision meshes. This behavior can be disabled by setting Morph option 'enable_neutral_collision=True'.[0m
[38;5;159m[Genesis] [14:25:30] [INFO] Compiling simulation kernels...[0m
[38;5;159m[Genesis] [14:25:30] [INFO] Building visualizer...[0m
{"episode": 100004, "profile": "micro_box", "success": false, "stage": "abort", "retries": 2}
[38;5;159m[Genesis] [14:25:36] [INFO] Scene [38;5;121m[3m<f2346c5>[0m[38;5;159m created.[0m
[38;5;159m[Genesis] [14:25:36] [INFO] Adding [38;5;121m<gs.engine.entities.RigidEntity>[0m[38;5;159m. idx: [38;5;121m0[0m[38;5;159m, uid: [38;5;121m[3m<b8cdd92>[0m[38;5;159m, morph: [38;5;121m<gs.morphs.Plane>[0m[38;5;159m, material: [38;5;121m<gs.materials.Rigid>[0m[38;5;159m.[0m
[38;5;159m[Genesis] [14:25:36] [INFO] Adding [38;5;121m<gs.engine.entities.RigidEntity>[0m[38;5;159m. idx: [38;5;121m1[0m[38;5;159m, uid: [38;5;121m[3m<f032f10>[0m[38;5;159m, morph: [38;5;121m<gs.morphs.Box>[0m[38;5;159m, material: [38;5;121m<gs.materials.Rigid>[0m[38;5;159m.[0m
[38;5;159m[Genesis] [14:25:36] [INFO] Adding [38;5;121m<gs.engine.entities.RigidEntity>[0m[38;5;159m. idx: [38;5;121m2[0m[38;5;159m, uid: [38;5;121m[3m<94a3818>[0m[38;5;159m, morph: [38;5;121m<gs.morphs.Box>[0m[38;5;159m, material: [38;5;121m<gs.materials.Rigid>[0m[38;5;159m.[0m
[38;5;159m[Genesis] [14:25:36] [INFO] Adding [38;5;121m<gs.engine.entities.RigidEntity>[0m[38;5;159m. idx: [38;5;121m3[0m[38;5;159m, uid: [38;5;121m[3m<d20ff12>[0m[38;5;159m, morph: [38;5;121m<gs.morphs.MJCF(file='/workspace/parcel-sorter-rocm/third_party/genesis-world/genesis/assets/xml/franka_emika_panda/panda.xml')>[0m[38;5;159m, material: [38;5;121m<gs.materials.Rigid>[0m[38;5;159m.[0m
[38;5;226m[Genesis] [14:25:36] [WARNING] (MJCF) Approximating tendon by joint actuator for `finger_joint1`[0m
[38;5;226m[Genesis] [14:25:36] [WARNING] (MJCF) Approximating tendon by joint actuator for `finger_joint2`[0m
[38;5;159m[Genesis] [14:25:36] [INFO] Adding [38;5;121m<gs.engine.entities.RigidEntity>[0m[38;5;159m. idx: [38;5;121m4[0m[38;5;159m, uid: [38;5;121m[3m<5e9b499>[0m[38;5;159m, morph: [38;5;121m<gs.morphs.Box>[0m[38;5;159m, material: [38;5;121m<gs.materials.Rigid>[0m[38;5;159m.[0m
[38;5;159m[Genesis] [14:25:36] [INFO] Building scene [38;5;121m[3m<f2346c5>[0m[38;5;159m...[0m
[38;5;226m[Genesis] [14:25:36] [WARNING] Neutral robot position (qpos0) exceeds joint limits.[0m
[38;5;226m[Genesis] [14:25:36] [WARNING] Constraint solver time constant should be greater than 2*substep_dt. timeconst is changed from `0.005` to `0.00833333`). Decrease simulation timestep or increase timeconst to avoid altering the original value.[0m
[38;5;226m[Genesis] [14:25:38] [WARNING] Filtered out geometry pairs causing self-collision for the neutral configuration (qpos0): (8, 13), (9, 13), (16, 23), (17, 22), (18, 25), (19, 24). Consider tuning Morph option 'decompose_robot_error_threshold' or specify dedicated collision meshes. This behavior can be disabled by setting Morph option 'enable_neutral_collision=True'.[0m
[38;5;159m[Genesis] [14:25:38] [INFO] Compiling simulation kernels...[0m
[38;5;159m[Genesis] [14:25:38] [INFO] Building visualizer...[0m
{"episode": 1100000, "profile": "small_carton", "success": true, "stage": "complete", "retries": 0}
[38;5;159m[Genesis] [14:25:45] [INFO] Scene [38;5;121m[3m<ff0e165>[0m[38;5;159m created.[0m
[38;5;159m[Genesis] [14:25:45] [INFO] Adding [38;5;121m<gs.engine.entities.RigidEntity>[0m[38;5;159m. idx: [38;5;121m0[0m[38;5;159m, uid: [38;5;121m[3m<d7d8fbc>[0m[38;5;159m, morph: [38;5;121m<gs.morphs.Plane>[0m[38;5;159m, material: [38;5;121m<gs.materials.Rigid>[0m[38;5;159m.[0m
[38;5;159m[Genesis] [14:25:45] [INFO] Adding [38;5;121m<gs.engine.entities.RigidEntity>[0m[38;5;159m. idx: [38;5;121m1[0m[38;5;159m, uid: [38;5;121m[3m<e69bbbf>[0m[38;5;159m, morph: [38;5;121m<gs.morphs.Box>[0m[38;5;159m, material: [38;5;121m<gs.materials.Rigid>[0m[38;5;159m.[0m
[38;5;159m[Genesis] [14:25:45] [INFO] Adding [38;5;121m<gs.engine.entities.RigidEntity>[0m[38;5;159m. idx: [38;5;121m2[0m[38;5;159m, uid: [38;5;121m[3m<ff2a7a2>[0m[38;5;159m, morph: [38;5;121m<gs.morphs.Box>[0m[38;5;159m, material: [38;5;121m<gs.materials.Rigid>[0m[38;5;159m.[0m
[38;5;159m[Genesis] [14:25:45] [INFO] Adding [38;5;121m<gs.engine.entities.RigidEntity>[0m[38;5;159m. idx: [38;5;121m3[0m[38;5;159m, uid: [38;5;121m[3m<ebfc91f>[0m[38;5;159m, morph: [38;5;121m<gs.morphs.MJCF(file='/workspace/parcel-sorter-rocm/third_party/genesis-world/genesis/assets/xml/franka_emika_panda/panda.xml')>[0m[38;5;159m, material: [38;5;121m<gs.materials.Rigid>[0m[38;5;159m.[0m
[38;5;226m[Genesis] [14:25:45] [WARNING] (MJCF) Approximating tendon by joint actuator for `finger_joint1`[0m
[38;5;226m[Genesis] [14:25:45] [WARNING] (MJCF) Approximating tendon by joint actuator for `finger_joint2`[0m
[38;5;159m[Genesis] [14:25:45] [INFO] Adding [38;5;121m<gs.engine.entities.RigidEntity>[0m[38;5;159m. idx: [38;5;121m4[0m[38;5;159m, uid: [38;5;121m[3m<bb835d5>[0m[38;5;159m, morph: [38;5;121m<gs.morphs.Box>[0m[38;5;159m, material: [38;5;121m<gs.materials.Rigid>[0m[38;5;159m.[0m
[38;5;159m[Genesis] [14:25:45] [INFO] Building scene [38;5;121m[3m<ff0e165>[0m[38;5;159m...[0m
[38;5;226m[Genesis] [14:25:45] [WARNING] Neutral robot position (qpos0) exceeds joint limits.[0m
[38;5;226m[Genesis] [14:25:45] [WARNING] Constraint solver time constant should be greater than 2*substep_dt. timeconst is changed from `0.005` to `0.00833333`). Decrease simulation timestep or increase timeconst to avoid altering the original value.[0m
[38;5;226m[Genesis] [14:25:47] [WARNING] Filtered out geometry pairs causing self-collision for the neutral configuration (qpos0): (8, 13), (9, 13), (16, 23), (17, 22), (18, 25), (19, 24). Consider tuning Morph option 'decompose_robot_error_threshold' or specify dedicated collision meshes. This behavior can be disabled by setting Morph option 'enable_neutral_collision=True'.[0m
[38;5;159m[Genesis] [14:25:47] [INFO] Compiling simulation kernels...[0m
[38;5;159m[Genesis] [14:25:48] [INFO] Building visualizer...[0m
{"episode": 1100001, "profile": "small_carton", "success": true, "stage": "complete", "retries": 0}
[38;5;159m[Genesis] [14:25:54] [INFO] Scene [38;5;121m[3m<da7bc9f>[0m[38;5;159m created.[0m
[38;5;159m[Genesis] [14:25:54] [INFO] Adding [38;5;121m<gs.engine.entities.RigidEntity>[0m[38;5;159m. idx: [38;5;121m0[0m[38;5;159m, uid: [38;5;121m[3m<783ae7d>[0m[38;5;159m, morph: [38;5;121m<gs.morphs.Plane>[0m[38;5;159m, material: [38;5;121m<gs.materials.Rigid>[0m[38;5;159m.[0m
[38;5;159m[Genesis] [14:25:54] [INFO] Adding [38;5;121m<gs.engine.entities.RigidEntity>[0m[38;5;159m. idx: [38;5;121m1[0m[38;5;159m, uid: [38;5;121m[3m<1cdbaa4>[0m[38;5;159m, morph: [38;5;121m<gs.morphs.Box>[0m[38;5;159m, material: [38;5;121m<gs.materials.Rigid>[0m[38;5;159m.[0m
[38;5;159m[Genesis] [14:25:54] [INFO] Adding [38;5;121m<gs.engine.entities.RigidEntity>[0m[38;5;159m. idx: [38;5;121m2[0m[38;5;159m, uid: [38;5;121m[3m<8cdd28d>[0m[38;5;159m, morph: [38;5;121m<gs.morphs.Box>[0m[38;5;159m, material: [38;5;121m<gs.materials.Rigid>[0m[38;5;159m.[0m
[38;5;159m[Genesis] [14:25:54] [INFO] Adding [38;5;121m<gs.engine.entities.RigidEntity>[0m[38;5;159m. idx: [38;5;121m3[0m[38;5;159m, uid: [38;5;121m[3m<b144513>[0m[38;5;159m, morph: [38;5;121m<gs.morphs.MJCF(file='/workspace/parcel-sorter-rocm/third_party/genesis-world/genesis/assets/xml/franka_emika_panda/panda.xml')>[0m[38;5;159m, material: [38;5;121m<gs.materials.Rigid>[0m[38;5;159m.[0m
[38;5;226m[Genesis] [14:25:55] [WARNING] (MJCF) Approximating tendon by joint actuator for `finger_joint1`[0m
[38;5;226m[Genesis] [14:25:55] [WARNING] (MJCF) Approximating tendon by joint actuator for `finger_joint2`[0m
[38;5;159m[Genesis] [14:25:55] [INFO] Adding [38;5;121m<gs.engine.entities.RigidEntity>[0m[38;5;159m. idx: [38;5;121m4[0m[38;5;159m, uid: [38;5;121m[3m<df1d054>[0m[38;5;159m, morph: [38;5;121m<gs.morphs.Box>[0m[38;5;159m, material: [38;5;121m<gs.materials.Rigid>[0m[38;5;159m.[0m
[38;5;159m[Genesis] [14:25:55] [INFO] Building scene [38;5;121m[3m<da7bc9f>[0m[38;5;159m...[0m
[38;5;226m[Genesis] [14:25:55] [WARNING] Neutral robot position (qpos0) exceeds joint limits.[0m
[38;5;226m[Genesis] [14:25:55] [WARNING] Constraint solver time constant should be greater than 2*substep_dt. timeconst is changed from `0.005` to `0.00833333`). Decrease simulation timestep or increase timeconst to avoid altering the original value.[0m
[38;5;226m[Genesis] [14:25:56] [WARNING] Filtered out geometry pairs causing self-collision for the neutral configuration (qpos0): (8, 13), (9, 13), (16, 23), (17, 22), (18, 25), (19, 24). Consider tuning Morph option 'decompose_robot_error_threshold' or specify dedicated collision meshes. This behavior can be disabled by setting Morph option 'enable_neutral_collision=True'.[0m
[38;5;159m[Genesis] [14:25:56] [INFO] Compiling simulation kernels...[0m
[38;5;159m[Genesis] [14:25:57] [INFO] Building visualizer...[0m
{"episode": 1100002, "profile": "small_carton", "success": true, "stage": "complete", "retries": 0}
[38;5;159m[Genesis] [14:26:03] [INFO] Scene [38;5;121m[3m<5028477>[0m[38;5;159m created.[0m
[38;5;159m[Genesis] [14:26:03] [INFO] Adding [38;5;121m<gs.engine.entities.RigidEntity>[0m[38;5;159m. idx: [38;5;121m0[0m[38;5;159m, uid: [38;5;121m[3m<5122744>[0m[38;5;159m, morph: [38;5;121m<gs.morphs.Plane>[0m[38;5;159m, material: [38;5;121m<gs.materials.Rigid>[0m[38;5;159m.[0m
[38;5;159m[Genesis] [14:26:03] [INFO] Adding [38;5;121m<gs.engine.entities.RigidEntity>[0m[38;5;159m. idx: [38;5;121m1[0m[38;5;159m, uid: [38;5;121m[3m<6ce746f>[0m[38;5;159m, morph: [38;5;121m<gs.morphs.Box>[0m[38;5;159m, material: [38;5;121m<gs.materials.Rigid>[0m[38;5;159m.[0m
[38;5;159m[Genesis] [14:26:03] [INFO] Adding [38;5;121m<gs.engine.entities.RigidEntity>[0m[38;5;159m. idx: [38;5;121m2[0m[38;5;159m, uid: [38;5;121m[3m<70dcea0>[0m[38;5;159m, morph: [38;5;121m<gs.morphs.Box>[0m[38;5;159m, material: [38;5;121m<gs.materials.Rigid>[0m[38;5;159m.[0m
[38;5;159m[Genesis] [14:26:03] [INFO] Adding [38;5;121m<gs.engine.entities.RigidEntity>[0m[38;5;159m. idx: [38;5;121m3[0m[38;5;159m, uid: [38;5;121m[3m<f966b71>[0m[38;5;159m, morph: [38;5;121m<gs.morphs.MJCF(file='/workspace/parcel-sorter-rocm/third_party/genesis-world/genesis/assets/xml/franka_emika_panda/panda.xml')>[0m[38;5;159m, material: [38;5;121m<gs.materials.Rigid>[0m[38;5;159m.[0m
[38;5;226m[Genesis] [14:26:03] [WARNING] (MJCF) Approximating tendon by joint actuator for `finger_joint1`[0m
[38;5;226m[Genesis] [14:26:03] [WARNING] (MJCF) Approximating tendon by joint actuator for `finger_joint2`[0m
[38;5;159m[Genesis] [14:26:03] [INFO] Adding [38;5;121m<gs.engine.entities.RigidEntity>[0m[38;5;159m. idx: [38;5;121m4[0m[38;5;159m, uid: [38;5;121m[3m<f053ea4>[0m[38;5;159m, morph: [38;5;121m<gs.morphs.Box>[0m[38;5;159m, material: [38;5;121m<gs.materials.Rigid>[0m[38;5;159m.[0m
[38;5;159m[Genesis] [14:26:03] [INFO] Building scene [38;5;121m[3m<5028477>[0m[38;5;159m...[0m
[38;5;226m[Genesis] [14:26:04] [WARNING] Neutral robot position (qpos0) exceeds joint limits.[0m
[38;5;226m[Genesis] [14:26:04] [WARNING] Constraint solver time constant should be greater than 2*substep_dt. timeconst is changed from `0.005` to `0.00833333`). Decrease simulation timestep or increase timeconst to avoid altering the original value.[0m
[38;5;226m[Genesis] [14:26:05] [WARNING] Filtered out geometry pairs causing self-collision for the neutral configuration (qpos0): (8, 13), (9, 13), (16, 23), (17, 22), (18, 25), (19, 24). Consider tuning Morph option 'decompose_robot_error_threshold' or specify dedicated collision meshes. This behavior can be disabled by setting Morph option 'enable_neutral_collision=True'.[0m
[38;5;159m[Genesis] [14:26:05] [INFO] Compiling simulation kernels...[0m
[38;5;159m[Genesis] [14:26:05] [INFO] Building visualizer...[0m
{"episode": 1100003, "profile": "small_carton", "success": true, "stage": "complete", "retries": 0}
[38;5;159m[Genesis] [14:26:13] [INFO] Scene [38;5;121m[3m<4ec4ed0>[0m[38;5;159m created.[0m
[38;5;159m[Genesis] [14:26:13] [INFO] Adding [38;5;121m<gs.engine.entities.RigidEntity>[0m[38;5;159m. idx: [38;5;121m0[0m[38;5;159m, uid: [38;5;121m[3m<2cf5670>[0m[38;5;159m, morph: [38;5;121m<gs.morphs.Plane>[0m[38;5;159m, material: [38;5;121m<gs.materials.Rigid>[0m[38;5;159m.[0m
[38;5;159m[Genesis] [14:26:13] [INFO] Adding [38;5;121m<gs.engine.entities.RigidEntity>[0m[38;5;159m. idx: [38;5;121m1[0m[38;5;159m, uid: [38;5;121m[3m<997d054>[0m[38;5;159m, morph: [38;5;121m<gs.morphs.Box>[0m[38;5;159m, material: [38;5;121m<gs.materials.Rigid>[0m[38;5;159m.[0m
[38;5;159m[Genesis] [14:26:13] [INFO] Adding [38;5;121m<gs.engine.entities.RigidEntity>[0m[38;5;159m. idx: [38;5;121m2[0m[38;5;159m, uid: [38;5;121m[3m<9701294>[0m[38;5;159m, morph: [38;5;121m<gs.morphs.Box>[0m[38;5;159m, material: [38;5;121m<gs.materials.Rigid>[0m[38;5;159m.[0m
[38;5;159m[Genesis] [14:26:13] [INFO] Adding [38;5;121m<gs.engine.entities.RigidEntity>[0m[38;5;159m. idx: [38;5;121m3[0m[38;5;159m, uid: [38;5;121m[3m<0d51b69>[0m[38;5;159m, morph: [38;5;121m<gs.morphs.MJCF(file='/workspace/parcel-sorter-rocm/third_party/genesis-world/genesis/assets/xml/franka_emika_panda/panda.xml')>[0m[38;5;159m, material: [38;5;121m<gs.materials.Rigid>[0m[38;5;159m.[0m
[38;5;226m[Genesis] [14:26:13] [WARNING] (MJCF) Approximating tendon by joint actuator for `finger_joint1`[0m
[38;5;226m[Genesis] [14:26:13] [WARNING] (MJCF) Approximating tendon by joint actuator for `finger_joint2`[0m
[38;5;159m[Genesis] [14:26:13] [INFO] Adding [38;5;121m<gs.engine.entities.RigidEntity>[0m[38;5;159m. idx: [38;5;121m4[0m[38;5;159m, uid: [38;5;121m[3m<f18f4f9>[0m[38;5;159m, morph: [38;5;121m<gs.morphs.Box>[0m[38;5;159m, material: [38;5;121m<gs.materials.Rigid>[0m[38;5;159m.[0m
[38;5;159m[Genesis] [14:26:13] [INFO] Building scene [38;5;121m[3m<4ec4ed0>[0m[38;5;159m...[0m
[38;5;226m[Genesis] [14:26:13] [WARNING] Neutral robot position (qpos0) exceeds joint limits.[0m
[38;5;226m[Genesis] [14:26:13] [WARNING] Constraint solver time constant should be greater than 2*substep_dt. timeconst is changed from `0.005` to `0.00833333`). Decrease simulation timestep or increase timeconst to avoid altering the original value.[0m
[38;5;226m[Genesis] [14:26:14] [WARNING] Filtered out geometry pairs causing self-collision for the neutral configuration (qpos0): (8, 13), (9, 13), (16, 23), (17, 22), (18, 25), (19, 24). Consider tuning Morph option 'decompose_robot_error_threshold' or specify dedicated collision meshes. This behavior can be disabled by setting Morph option 'enable_neutral_collision=True'.[0m
[38;5;159m[Genesis] [14:26:15] [INFO] Compiling simulation kernels...[0m
[38;5;159m[Genesis] [14:26:15] [INFO] Building visualizer...[0m
{"episode": 1100004, "profile": "small_carton", "success": true, "stage": "complete", "retries": 0}
[38;5;159m[Genesis] [14:26:21] [INFO] Scene [38;5;121m[3m<4ae2801>[0m[38;5;159m created.[0m
[38;5;159m[Genesis] [14:26:21] [INFO] Adding [38;5;121m<gs.engine.entities.RigidEntity>[0m[38;5;159m. idx: [38;5;121m0[0m[38;5;159m, uid: [38;5;121m[3m<bf2d87d>[0m[38;5;159m, morph: [38;5;121m<gs.morphs.Plane>[0m[38;5;159m, material: [38;5;121m<gs.materials.Rigid>[0m[38;5;159m.[0m
[38;5;159m[Genesis] [14:26:21] [INFO] Adding [38;5;121m<gs.engine.entities.RigidEntity>[0m[38;5;159m. idx: [38;5;121m1[0m[38;5;159m, uid: [38;5;121m[3m<fa81b54>[0m[38;5;159m, morph: [38;5;121m<gs.morphs.Box>[0m[38;5;159m, material: [38;5;121m<gs.materials.Rigid>[0m[38;5;159m.[0m
[38;5;159m[Genesis] [14:26:21] [INFO] Adding [38;5;121m<gs.engine.entities.RigidEntity>[0m[38;5;159m. idx: [38;5;121m2[0m[38;5;159m, uid: [38;5;121m[3m<0d2a5ae>[0m[38;5;159m, morph: [38;5;121m<gs.morphs.Box>[0m[38;5;159m, material: [38;5;121m<gs.materials.Rigid>[0m[38;5;159m.[0m
[38;5;159m[Genesis] [14:26:21] [INFO] Adding [38;5;121m<gs.engine.entities.RigidEntity>[0m[38;5;159m. idx: [38;5;121m3[0m[38;5;159m, uid: [38;5;121m[3m<ca1f01f>[0m[38;5;159m, morph: [38;5;121m<gs.morphs.MJCF(file='/workspace/parcel-sorter-rocm/third_party/genesis-world/genesis/assets/xml/franka_emika_panda/panda.xml')>[0m[38;5;159m, material: [38;5;121m<gs.materials.Rigid>[0m[38;5;159m.[0m
[38;5;226m[Genesis] [14:26:22] [WARNING] (MJCF) Approximating tendon by joint actuator for `finger_joint1`[0m
[38;5;226m[Genesis] [14:26:22] [WARNING] (MJCF) Approximating tendon by joint actuator for `finger_joint2`[0m
[38;5;159m[Genesis] [14:26:22] [INFO] Adding [38;5;121m<gs.engine.entities.RigidEntity>[0m[38;5;159m. idx: [38;5;121m4[0m[38;5;159m, uid: [38;5;121m[3m<d11f415>[0m[38;5;159m, morph: [38;5;121m<gs.morphs.Box>[0m[38;5;159m, material: [38;5;121m<gs.materials.Rigid>[0m[38;5;159m.[0m
[38;5;159m[Genesis] [14:26:22] [INFO] Building scene [38;5;121m[3m<4ae2801>[0m[38;5;159m...[0m
[38;5;226m[Genesis] [14:26:22] [WARNING] Neutral robot position (qpos0) exceeds joint limits.[0m
[38;5;226m[Genesis] [14:26:22] [WARNING] Constraint solver time constant should be greater than 2*substep_dt. timeconst is changed from `0.005` to `0.00833333`). Decrease simulation timestep or increase timeconst to avoid altering the original value.[0m
[38;5;226m[Genesis] [14:26:23] [WARNING] Filtered out geometry pairs causing self-collision for the neutral configuration (qpos0): (8, 13), (9, 13), (16, 23), (17, 22), (18, 25), (19, 24). Consider tuning Morph option 'decompose_robot_error_threshold' or specify dedicated collision meshes. This behavior can be disabled by setting Morph option 'enable_neutral_collision=True'.[0m
[38;5;159m[Genesis] [14:26:23] [INFO] Compiling simulation kernels...[0m
[38;5;159m[Genesis] [14:26:24] [INFO] Building visualizer...[0m
{"episode": 2100000, "profile": "flat_mailer", "success": true, "stage": "complete", "retries": 1}
[38;5;159m[Genesis] [14:26:34] [INFO] Scene [38;5;121m[3m<b735990>[0m[38;5;159m created.[0m
[38;5;159m[Genesis] [14:26:34] [INFO] Adding [38;5;121m<gs.engine.entities.RigidEntity>[0m[38;5;159m. idx: [38;5;121m0[0m[38;5;159m, uid: [38;5;121m[3m<1e892b0>[0m[38;5;159m, morph: [38;5;121m<gs.morphs.Plane>[0m[38;5;159m, material: [38;5;121m<gs.materials.Rigid>[0m[38;5;159m.[0m
[38;5;159m[Genesis] [14:26:34] [INFO] Adding [38;5;121m<gs.engine.entities.RigidEntity>[0m[38;5;159m. idx: [38;5;121m1[0m[38;5;159m, uid: [38;5;121m[3m<1329302>[0m[38;5;159m, morph: [38;5;121m<gs.morphs.Box>[0m[38;5;159m, material: [38;5;121m<gs.materials.Rigid>[0m[38;5;159m.[0m
[38;5;159m[Genesis] [14:26:34] [INFO] Adding [38;5;121m<gs.engine.entities.RigidEntity>[0m[38;5;159m. idx: [38;5;121m2[0m[38;5;159m, uid: [38;5;121m[3m<9b26dcb>[0m[38;5;159m, morph: [38;5;121m<gs.morphs.Box>[0m[38;5;159m, material: [38;5;121m<gs.materials.Rigid>[0m[38;5;159m.[0m
[38;5;159m[Genesis] [14:26:34] [INFO] Adding [38;5;121m<gs.engine.entities.RigidEntity>[0m[38;5;159m. idx: [38;5;121m3[0m[38;5;159m, uid: [38;5;121m[3m<efa2afb>[0m[38;5;159m, morph: [38;5;121m<gs.morphs.MJCF(file='/workspace/parcel-sorter-rocm/third_party/genesis-world/genesis/assets/xml/franka_emika_panda/panda.xml')>[0m[38;5;159m, material: [38;5;121m<gs.materials.Rigid>[0m[38;5;159m.[0m
[38;5;226m[Genesis] [14:26:34] [WARNING] (MJCF) Approximating tendon by joint actuator for `finger_joint1`[0m
[38;5;226m[Genesis] [14:26:34] [WARNING] (MJCF) Approximating tendon by joint actuator for `finger_joint2`[0m
[38;5;159m[Genesis] [14:26:34] [INFO] Adding [38;5;121m<gs.engine.entities.RigidEntity>[0m[38;5;159m. idx: [38;5;121m4[0m[38;5;159m, uid: [38;5;121m[3m<134c9b2>[0m[38;5;159m, morph: [38;5;121m<gs.morphs.Box>[0m[38;5;159m, material: [38;5;121m<gs.materials.Rigid>[0m[38;5;159m.[0m
[38;5;159m[Genesis] [14:26:34] [INFO] Building scene [38;5;121m[3m<b735990>[0m[38;5;159m...[0m
[38;5;226m[Genesis] [14:26:34] [WARNING] Neutral robot position (qpos0) exceeds joint limits.[0m
[38;5;226m[Genesis] [14:26:34] [WARNING] Constraint solver time constant should be greater than 2*substep_dt. timeconst is changed from `0.005` to `0.00833333`). Decrease simulation timestep or increase timeconst to avoid altering the original value.[0m
[38;5;226m[Genesis] [14:26:35] [WARNING] Filtered out geometry pairs causing self-collision for the neutral configuration (qpos0): (8, 13), (9, 13), (16, 23), (17, 22), (18, 25), (19, 24). Consider tuning Morph option 'decompose_robot_error_threshold' or specify dedicated collision meshes. This behavior can be disabled by setting Morph option 'enable_neutral_collision=True'.[0m
[38;5;159m[Genesis] [14:26:36] [INFO] Compiling simulation kernels...[0m
[38;5;159m[Genesis] [14:26:36] [INFO] Building visualizer...[0m
{"episode": 2100001, "profile": "flat_mailer", "success": true, "stage": "complete", "retries": 0}
[38;5;159m[Genesis] [14:26:43] [INFO] Scene [38;5;121m[3m<db7e593>[0m[38;5;159m created.[0m
[38;5;159m[Genesis] [14:26:43] [INFO] Adding [38;5;121m<gs.engine.entities.RigidEntity>[0m[38;5;159m. idx: [38;5;121m0[0m[38;5;159m, uid: [38;5;121m[3m<c7c5a70>[0m[38;5;159m, morph: [38;5;121m<gs.morphs.Plane>[0m[38;5;159m, material: [38;5;121m<gs.materials.Rigid>[0m[38;5;159m.[0m
[38;5;159m[Genesis] [14:26:43] [INFO] Adding [38;5;121m<gs.engine.entities.RigidEntity>[0m[38;5;159m. idx: [38;5;121m1[0m[38;5;159m, uid: [38;5;121m[3m<8c10a6c>[0m[38;5;159m, morph: [38;5;121m<gs.morphs.Box>[0m[38;5;159m, material: [38;5;121m<gs.materials.Rigid>[0m[38;5;159m.[0m
[38;5;159m[Genesis] [14:26:43] [INFO] Adding [38;5;121m<gs.engine.entities.RigidEntity>[0m[38;5;159m. idx: [38;5;121m2[0m[38;5;159m, uid: [38;5;121m[3m<7a15915>[0m[38;5;159m, morph: [38;5;121m<gs.morphs.Box>[0m[38;5;159m, material: [38;5;121m<gs.materials.Rigid>[0m[38;5;159m.[0m
[38;5;159m[Genesis] [14:26:43] [INFO] Adding [38;5;121m<gs.engine.entities.RigidEntity>[0m[38;5;159m. idx: [38;5;121m3[0m[38;5;159m, uid: [38;5;121m[3m<ab40f81>[0m[38;5;159m, morph: [38;5;121m<gs.morphs.MJCF(file='/workspace/parcel-sorter-rocm/third_party/genesis-world/genesis/assets/xml/franka_emika_panda/panda.xml')>[0m[38;5;159m, material: [38;5;121m<gs.materials.Rigid>[0m[38;5;159m.[0m
[38;5;226m[Genesis] [14:26:43] [WARNING] (MJCF) Approximating tendon by joint actuator for `finger_joint1`[0m
[38;5;226m[Genesis] [14:26:43] [WARNING] (MJCF) Approximating tendon by joint actuator for `finger_joint2`[0m
[38;5;159m[Genesis] [14:26:43] [INFO] Adding [38;5;121m<gs.engine.entities.RigidEntity>[0m[38;5;159m. idx: [38;5;121m4[0m[38;5;159m, uid: [38;5;121m[3m<5eef9a8>[0m[38;5;159m, morph: [38;5;121m<gs.morphs.Box>[0m[38;5;159m, material: [38;5;121m<gs.materials.Rigid>[0m[38;5;159m.[0m
[38;5;159m[Genesis] [14:26:43] [INFO] Building scene [38;5;121m[3m<db7e593>[0m[38;5;159m...[0m
[38;5;226m[Genesis] [14:26:43] [WARNING] Neutral robot position (qpos0) exceeds joint limits.[0m
[38;5;226m[Genesis] [14:26:43] [WARNING] Constraint solver time constant should be greater than 2*substep_dt. timeconst is changed from `0.005` to `0.00833333`). Decrease simulation timestep or increase timeconst to avoid altering the original value.[0m
[38;5;226m[Genesis] [14:26:45] [WARNING] Filtered out geometry pairs causing self-collision for the neutral configuration (qpos0): (8, 13), (9, 13), (16, 23), (17, 22), (18, 25), (19, 24). Consider tuning Morph option 'decompose_robot_error_threshold' or specify dedicated collision meshes. This behavior can be disabled by setting Morph option 'enable_neutral_collision=True'.[0m
[38;5;159m[Genesis] [14:26:45] [INFO] Compiling simulation kernels...[0m
[38;5;159m[Genesis] [14:26:45] [INFO] Building visualizer...[0m
{"episode": 2100002, "profile": "flat_mailer", "success": true, "stage": "complete", "retries": 0}
[38;5;159m[Genesis] [14:26:52] [INFO] Scene [38;5;121m[3m<3f1ae03>[0m[38;5;159m created.[0m
[38;5;159m[Genesis] [14:26:52] [INFO] Adding [38;5;121m<gs.engine.entities.RigidEntity>[0m[38;5;159m. idx: [38;5;121m0[0m[38;5;159m, uid: [38;5;121m[3m<58a6303>[0m[38;5;159m, morph: [38;5;121m<gs.morphs.Plane>[0m[38;5;159m, material: [38;5;121m<gs.materials.Rigid>[0m[38;5;159m.[0m
[38;5;159m[Genesis] [14:26:52] [INFO] Adding [38;5;121m<gs.engine.entities.RigidEntity>[0m[38;5;159m. idx: [38;5;121m1[0m[38;5;159m, uid: [38;5;121m[3m<2e8a32f>[0m[38;5;159m, morph: [38;5;121m<gs.morphs.Box>[0m[38;5;159m, material: [38;5;121m<gs.materials.Rigid>[0m[38;5;159m.[0m
[38;5;159m[Genesis] [14:26:52] [INFO] Adding [38;5;121m<gs.engine.entities.RigidEntity>[0m[38;5;159m. idx: [38;5;121m2[0m[38;5;159m, uid: [38;5;121m[3m<1f782c8>[0m[38;5;159m, morph: [38;5;121m<gs.morphs.Box>[0m[38;5;159m, material: [38;5;121m<gs.materials.Rigid>[0m[38;5;159m.[0m
[38;5;159m[Genesis] [14:26:52] [INFO] Adding [38;5;121m<gs.engine.entities.RigidEntity>[0m[38;5;159m. idx: [38;5;121m3[0m[38;5;159m, uid: [38;5;121m[3m<e4bffeb>[0m[38;5;159m, morph: [38;5;121m<gs.morphs.MJCF(file='/workspace/parcel-sorter-rocm/third_party/genesis-world/genesis/assets/xml/franka_emika_panda/panda.xml')>[0m[38;5;159m, material: [38;5;121m<gs.materials.Rigid>[0m[38;5;159m.[0m
[38;5;226m[Genesis] [14:26:53] [WARNING] (MJCF) Approximating tendon by joint actuator for `finger_joint1`[0m
[38;5;226m[Genesis] [14:26:53] [WARNING] (MJCF) Approximating tendon by joint actuator for `finger_joint2`[0m
[38;5;159m[Genesis] [14:26:53] [INFO] Adding [38;5;121m<gs.engine.entities.RigidEntity>[0m[38;5;159m. idx: [38;5;121m4[0m[38;5;159m, uid: [38;5;121m[3m<784860e>[0m[38;5;159m, morph: [38;5;121m<gs.morphs.Box>[0m[38;5;159m, material: [38;5;121m<gs.materials.Rigid>[0m[38;5;159m.[0m
[38;5;159m[Genesis] [14:26:53] [INFO] Building scene [38;5;121m[3m<3f1ae03>[0m[38;5;159m...[0m
[38;5;226m[Genesis] [14:26:53] [WARNING] Neutral robot position (qpos0) exceeds joint limits.[0m
[38;5;226m[Genesis] [14:26:53] [WARNING] Constraint solver time constant should be greater than 2*substep_dt. timeconst is changed from `0.005` to `0.00833333`). Decrease simulation timestep or increase timeconst to avoid altering the original value.[0m
[38;5;226m[Genesis] [14:26:54] [WARNING] Filtered out geometry pairs causing self-collision for the neutral configuration (qpos0): (8, 13), (9, 13), (16, 23), (17, 22), (18, 25), (19, 24). Consider tuning Morph option 'decompose_robot_error_threshold' or specify dedicated collision meshes. This behavior can be disabled by setting Morph option 'enable_neutral_collision=True'.[0m
[38;5;159m[Genesis] [14:26:54] [INFO] Compiling simulation kernels...[0m
[38;5;159m[Genesis] [14:26:55] [INFO] Building visualizer...[0m
{"episode": 2100003, "profile": "flat_mailer", "success": true, "stage": "complete", "retries": 0}
[38;5;159m[Genesis] [14:27:01] [INFO] Scene [38;5;121m[3m<8d9e545>[0m[38;5;159m created.[0m
[38;5;159m[Genesis] [14:27:01] [INFO] Adding [38;5;121m<gs.engine.entities.RigidEntity>[0m[38;5;159m. idx: [38;5;121m0[0m[38;5;159m, uid: [38;5;121m[3m<ef5455d>[0m[38;5;159m, morph: [38;5;121m<gs.morphs.Plane>[0m[38;5;159m, material: [38;5;121m<gs.materials.Rigid>[0m[38;5;159m.[0m
[38;5;159m[Genesis] [14:27:01] [INFO] Adding [38;5;121m<gs.engine.entities.RigidEntity>[0m[38;5;159m. idx: [38;5;121m1[0m[38;5;159m, uid: [38;5;121m[3m<6c47cd9>[0m[38;5;159m, morph: [38;5;121m<gs.morphs.Box>[0m[38;5;159m, material: [38;5;121m<gs.materials.Rigid>[0m[38;5;159m.[0m
[38;5;159m[Genesis] [14:27:01] [INFO] Adding [38;5;121m<gs.engine.entities.RigidEntity>[0m[38;5;159m. idx: [38;5;121m2[0m[38;5;159m, uid: [38;5;121m[3m<5a8d004>[0m[38;5;159m, morph: [38;5;121m<gs.morphs.Box>[0m[38;5;159m, material: [38;5;121m<gs.materials.Rigid>[0m[38;5;159m.[0m
[38;5;159m[Genesis] [14:27:01] [INFO] Adding [38;5;121m<gs.engine.entities.RigidEntity>[0m[38;5;159m. idx: [38;5;121m3[0m[38;5;159m, uid: [38;5;121m[3m<e445817>[0m[38;5;159m, morph: [38;5;121m<gs.morphs.MJCF(file='/workspace/parcel-sorter-rocm/third_party/genesis-world/genesis/assets/xml/franka_emika_panda/panda.xml')>[0m[38;5;159m, material: [38;5;121m<gs.materials.Rigid>[0m[38;5;159m.[0m
[38;5;226m[Genesis] [14:27:01] [WARNING] (MJCF) Approximating tendon by joint actuator for `finger_joint1`[0m
[38;5;226m[Genesis] [14:27:01] [WARNING] (MJCF) Approximating tendon by joint actuator for `finger_joint2`[0m
[38;5;159m[Genesis] [14:27:01] [INFO] Adding [38;5;121m<gs.engine.entities.RigidEntity>[0m[38;5;159m. idx: [38;5;121m4[0m[38;5;159m, uid: [38;5;121m[3m<a12ea42>[0m[38;5;159m, morph: [38;5;121m<gs.morphs.Box>[0m[38;5;159m, material: [38;5;121m<gs.materials.Rigid>[0m[38;5;159m.[0m
[38;5;159m[Genesis] [14:27:01] [INFO] Building scene [38;5;121m[3m<8d9e545>[0m[38;5;159m...[0m
[38;5;226m[Genesis] [14:27:01] [WARNING] Neutral robot position (qpos0) exceeds joint limits.[0m
[38;5;226m[Genesis] [14:27:01] [WARNING] Constraint solver time constant should be greater than 2*substep_dt. timeconst is changed from `0.005` to `0.00833333`). Decrease simulation timestep or increase timeconst to avoid altering the original value.[0m
[38;5;226m[Genesis] [14:27:02] [WARNING] Filtered out geometry pairs causing self-collision for the neutral configuration (qpos0): (8, 13), (9, 13), (16, 23), (17, 22), (18, 25), (19, 24). Consider tuning Morph option 'decompose_robot_error_threshold' or specify dedicated collision meshes. This behavior can be disabled by setting Morph option 'enable_neutral_collision=True'.[0m
[38;5;159m[Genesis] [14:27:03] [INFO] Compiling simulation kernels...[0m
[38;5;159m[Genesis] [14:27:03] [INFO] Building visualizer...[0m
{"episode": 2100004, "profile": "flat_mailer", "success": false, "stage": "abort", "retries": 2}
[38;5;159m[Genesis] [14:27:09] [INFO] Scene [38;5;121m[3m<7d233df>[0m[38;5;159m created.[0m
[38;5;159m[Genesis] [14:27:09] [INFO] Adding [38;5;121m<gs.engine.entities.RigidEntity>[0m[38;5;159m. idx: [38;5;121m0[0m[38;5;159m, uid: [38;5;121m[3m<e095504>[0m[38;5;159m, morph: [38;5;121m<gs.morphs.Plane>[0m[38;5;159m, material: [38;5;121m<gs.materials.Rigid>[0m[38;5;159m.[0m
[38;5;159m[Genesis] [14:27:09] [INFO] Adding [38;5;121m<gs.engine.entities.RigidEntity>[0m[38;5;159m. idx: [38;5;121m1[0m[38;5;159m, uid: [38;5;121m[3m<57dea9d>[0m[38;5;159m, morph: [38;5;121m<gs.morphs.Box>[0m[38;5;159m, material: [38;5;121m<gs.materials.Rigid>[0m[38;5;159m.[0m
[38;5;159m[Genesis] [14:27:09] [INFO] Adding [38;5;121m<gs.engine.entities.RigidEntity>[0m[38;5;159m. idx: [38;5;121m2[0m[38;5;159m, uid: [38;5;121m[3m<9e552dc>[0m[38;5;159m, morph: [38;5;121m<gs.morphs.Box>[0m[38;5;159m, material: [38;5;121m<gs.materials.Rigid>[0m[38;5;159m.[0m
[38;5;159m[Genesis] [14:27:09] [INFO] Adding [38;5;121m<gs.engine.entities.RigidEntity>[0m[38;5;159m. idx: [38;5;121m3[0m[38;5;159m, uid: [38;5;121m[3m<e50c9cf>[0m[38;5;159m, morph: [38;5;121m<gs.morphs.MJCF(file='/workspace/parcel-sorter-rocm/third_party/genesis-world/genesis/assets/xml/franka_emika_panda/panda.xml')>[0m[38;5;159m, material: [38;5;121m<gs.materials.Rigid>[0m[38;5;159m.[0m
[38;5;226m[Genesis] [14:27:09] [WARNING] (MJCF) Approximating tendon by joint actuator for `finger_joint1`[0m
[38;5;226m[Genesis] [14:27:09] [WARNING] (MJCF) Approximating tendon by joint actuator for `finger_joint2`[0m
[38;5;159m[Genesis] [14:27:09] [INFO] Adding [38;5;121m<gs.engine.entities.RigidEntity>[0m[38;5;159m. idx: [38;5;121m4[0m[38;5;159m, uid: [38;5;121m[3m<a917781>[0m[38;5;159m, morph: [38;5;121m<gs.morphs.Box>[0m[38;5;159m, material: [38;5;121m<gs.materials.Rigid>[0m[38;5;159m.[0m
[38;5;159m[Genesis] [14:27:09] [INFO] Building scene [38;5;121m[3m<7d233df>[0m[38;5;159m...[0m
[38;5;226m[Genesis] [14:27:09] [WARNING] Neutral robot position (qpos0) exceeds joint limits.[0m
[38;5;226m[Genesis] [14:27:09] [WARNING] Constraint solver time constant should be greater than 2*substep_dt. timeconst is changed from `0.005` to `0.00833333`). Decrease simulation timestep or increase timeconst to avoid altering the original value.[0m
[38;5;226m[Genesis] [14:27:10] [WARNING] Filtered out geometry pairs causing self-collision for the neutral configuration (qpos0): (8, 13), (9, 13), (16, 23), (17, 22), (18, 25), (19, 24). Consider tuning Morph option 'decompose_robot_error_threshold' or specify dedicated collision meshes. This behavior can be disabled by setting Morph option 'enable_neutral_collision=True'.[0m
[38;5;159m[Genesis] [14:27:11] [INFO] Compiling simulation kernels...[0m
[38;5;159m[Genesis] [14:27:11] [INFO] Building visualizer...[0m
{"episode": 3100000, "profile": "book_box", "success": true, "stage": "complete", "retries": 0}
[38;5;159m[Genesis] [14:27:17] [INFO] Scene [38;5;121m[3m<2aea037>[0m[38;5;159m created.[0m
[38;5;159m[Genesis] [14:27:17] [INFO] Adding [38;5;121m<gs.engine.entities.RigidEntity>[0m[38;5;159m. idx: [38;5;121m0[0m[38;5;159m, uid: [38;5;121m[3m<ca78f8d>[0m[38;5;159m, morph: [38;5;121m<gs.morphs.Plane>[0m[38;5;159m, material: [38;5;121m<gs.materials.Rigid>[0m[38;5;159m.[0m
[38;5;159m[Genesis] [14:27:17] [INFO] Adding [38;5;121m<gs.engine.entities.RigidEntity>[0m[38;5;159m. idx: [38;5;121m1[0m[38;5;159m, uid: [38;5;121m[3m<eb94ecf>[0m[38;5;159m, morph: [38;5;121m<gs.morphs.Box>[0m[38;5;159m, material: [38;5;121m<gs.materials.Rigid>[0m[38;5;159m.[0m
[38;5;159m[Genesis] [14:27:17] [INFO] Adding [38;5;121m<gs.engine.entities.RigidEntity>[0m[38;5;159m. idx: [38;5;121m2[0m[38;5;159m, uid: [38;5;121m[3m<f44339e>[0m[38;5;159m, morph: [38;5;121m<gs.morphs.Box>[0m[38;5;159m, material: [38;5;121m<gs.materials.Rigid>[0m[38;5;159m.[0m
[38;5;159m[Genesis] [14:27:17] [INFO] Adding [38;5;121m<gs.engine.entities.RigidEntity>[0m[38;5;159m. idx: [38;5;121m3[0m[38;5;159m, uid: [38;5;121m[3m<2141ca2>[0m[38;5;159m, morph: [38;5;121m<gs.morphs.MJCF(file='/workspace/parcel-sorter-rocm/third_party/genesis-world/genesis/assets/xml/franka_emika_panda/panda.xml')>[0m[38;5;159m, material: [38;5;121m<gs.materials.Rigid>[0m[38;5;159m.[0m
[38;5;226m[Genesis] [14:27:18] [WARNING] (MJCF) Approximating tendon by joint actuator for `finger_joint1`[0m
[38;5;226m[Genesis] [14:27:18] [WARNING] (MJCF) Approximating tendon by joint actuator for `finger_joint2`[0m
[38;5;159m[Genesis] [14:27:18] [INFO] Adding [38;5;121m<gs.engine.entities.RigidEntity>[0m[38;5;159m. idx: [38;5;121m4[0m[38;5;159m, uid: [38;5;121m[3m<2a86fb0>[0m[38;5;159m, morph: [38;5;121m<gs.morphs.Box>[0m[38;5;159m, material: [38;5;121m<gs.materials.Rigid>[0m[38;5;159m.[0m
[38;5;159m[Genesis] [14:27:18] [INFO] Building scene [38;5;121m[3m<2aea037>[0m[38;5;159m...[0m
[38;5;226m[Genesis] [14:27:18] [WARNING] Neutral robot position (qpos0) exceeds joint limits.[0m
[38;5;226m[Genesis] [14:27:18] [WARNING] Constraint solver time constant should be greater than 2*substep_dt. timeconst is changed from `0.005` to `0.00833333`). Decrease simulation timestep or increase timeconst to avoid altering the original value.[0m
[38;5;226m[Genesis] [14:27:19] [WARNING] Filtered out geometry pairs causing self-collision for the neutral configuration (qpos0): (8, 13), (9, 13), (16, 23), (17, 22), (18, 25), (19, 24). Consider tuning Morph option 'decompose_robot_error_threshold' or specify dedicated collision meshes. This behavior can be disabled by setting Morph option 'enable_neutral_collision=True'.[0m
[38;5;159m[Genesis] [14:27:20] [INFO] Compiling simulation kernels...[0m
[38;5;159m[Genesis] [14:27:20] [INFO] Building visualizer...[0m
{"episode": 3100001, "profile": "book_box", "success": false, "stage": "abort", "retries": 2}
[38;5;159m[Genesis] [14:27:24] [INFO] Scene [38;5;121m[3m<1705b08>[0m[38;5;159m created.[0m
[38;5;159m[Genesis] [14:27:24] [INFO] Adding [38;5;121m<gs.engine.entities.RigidEntity>[0m[38;5;159m. idx: [38;5;121m0[0m[38;5;159m, uid: [38;5;121m[3m<498a4c2>[0m[38;5;159m, morph: [38;5;121m<gs.morphs.Plane>[0m[38;5;159m, material: [38;5;121m<gs.materials.Rigid>[0m[38;5;159m.[0m
[38;5;159m[Genesis] [14:27:24] [INFO] Adding [38;5;121m<gs.engine.entities.RigidEntity>[0m[38;5;159m. idx: [38;5;121m1[0m[38;5;159m, uid: [38;5;121m[3m<fbdb582>[0m[38;5;159m, morph: [38;5;121m<gs.morphs.Box>[0m[38;5;159m, material: [38;5;121m<gs.materials.Rigid>[0m[38;5;159m.[0m
[38;5;159m[Genesis] [14:27:24] [INFO] Adding [38;5;121m<gs.engine.entities.RigidEntity>[0m[38;5;159m. idx: [38;5;121m2[0m[38;5;159m, uid: [38;5;121m[3m<ab9d6ce>[0m[38;5;159m, morph: [38;5;121m<gs.morphs.Box>[0m[38;5;159m, material: [38;5;121m<gs.materials.Rigid>[0m[38;5;159m.[0m
[38;5;159m[Genesis] [14:27:24] [INFO] Adding [38;5;121m<gs.engine.entities.RigidEntity>[0m[38;5;159m. idx: [38;5;121m3[0m[38;5;159m, uid: [38;5;121m[3m<b3e03cd>[0m[38;5;159m, morph: [38;5;121m<gs.morphs.MJCF(file='/workspace/parcel-sorter-rocm/third_party/genesis-world/genesis/assets/xml/franka_emika_panda/panda.xml')>[0m[38;5;159m, material: [38;5;121m<gs.materials.Rigid>[0m[38;5;159m.[0m
[38;5;226m[Genesis] [14:27:25] [WARNING] (MJCF) Approximating tendon by joint actuator for `finger_joint1`[0m
[38;5;226m[Genesis] [14:27:25] [WARNING] (MJCF) Approximating tendon by joint actuator for `finger_joint2`[0m
[38;5;159m[Genesis] [14:27:25] [INFO] Adding [38;5;121m<gs.engine.entities.RigidEntity>[0m[38;5;159m. idx: [38;5;121m4[0m[38;5;159m, uid: [38;5;121m[3m<bea5307>[0m[38;5;159m, morph: [38;5;121m<gs.morphs.Box>[0m[38;5;159m, material: [38;5;121m<gs.materials.Rigid>[0m[38;5;159m.[0m
[38;5;159m[Genesis] [14:27:25] [INFO] Building scene [38;5;121m[3m<1705b08>[0m[38;5;159m...[0m
[38;5;226m[Genesis] [14:27:25] [WARNING] Neutral robot position (qpos0) exceeds joint limits.[0m
[38;5;226m[Genesis] [14:27:25] [WARNING] Constraint solver time constant should be greater than 2*substep_dt. timeconst is changed from `0.005` to `0.00833333`). Decrease simulation timestep or increase timeconst to avoid altering the original value.[0m
[38;5;226m[Genesis] [14:27:26] [WARNING] Filtered out geometry pairs causing self-collision for the neutral configuration (qpos0): (8, 13), (9, 13), (16, 23), (17, 22), (18, 25), (19, 24). Consider tuning Morph option 'decompose_robot_error_threshold' or specify dedicated collision meshes. This behavior can be disabled by setting Morph option 'enable_neutral_collision=True'.[0m
[38;5;159m[Genesis] [14:27:26] [INFO] Compiling simulation kernels...[0m
[38;5;159m[Genesis] [14:27:27] [INFO] Building visualizer...[0m
{"episode": 3100002, "profile": "book_box", "success": true, "stage": "complete", "retries": 0}
[38;5;159m[Genesis] [14:27:33] [INFO] Scene [38;5;121m[3m<cdf9f35>[0m[38;5;159m created.[0m
[38;5;159m[Genesis] [14:27:33] [INFO] Adding [38;5;121m<gs.engine.entities.RigidEntity>[0m[38;5;159m. idx: [38;5;121m0[0m[38;5;159m, uid: [38;5;121m[3m<b17a3eb>[0m[38;5;159m, morph: [38;5;121m<gs.morphs.Plane>[0m[38;5;159m, material: [38;5;121m<gs.materials.Rigid>[0m[38;5;159m.[0m
[38;5;159m[Genesis] [14:27:33] [INFO] Adding [38;5;121m<gs.engine.entities.RigidEntity>[0m[38;5;159m. idx: [38;5;121m1[0m[38;5;159m, uid: [38;5;121m[3m<8922ff2>[0m[38;5;159m, morph: [38;5;121m<gs.morphs.Box>[0m[38;5;159m, material: [38;5;121m<gs.materials.Rigid>[0m[38;5;159m.[0m
[38;5;159m[Genesis] [14:27:33] [INFO] Adding [38;5;121m<gs.engine.entities.RigidEntity>[0m[38;5;159m. idx: [38;5;121m2[0m[38;5;159m, uid: [38;5;121m[3m<ba734e2>[0m[38;5;159m, morph: [38;5;121m<gs.morphs.Box>[0m[38;5;159m, material: [38;5;121m<gs.materials.Rigid>[0m[38;5;159m.[0m
[38;5;159m[Genesis] [14:27:33] [INFO] Adding [38;5;121m<gs.engine.entities.RigidEntity>[0m[38;5;159m. idx: [38;5;121m3[0m[38;5;159m, uid: [38;5;121m[3m<aca0522>[0m[38;5;159m, morph: [38;5;121m<gs.morphs.MJCF(file='/workspace/parcel-sorter-rocm/third_party/genesis-world/genesis/assets/xml/franka_emika_panda/panda.xml')>[0m[38;5;159m, material: [38;5;121m<gs.materials.Rigid>[0m[38;5;159m.[0m
[38;5;226m[Genesis] [14:27:34] [WARNING] (MJCF) Approximating tendon by joint actuator for `finger_joint1`[0m
[38;5;226m[Genesis] [14:27:34] [WARNING] (MJCF) Approximating tendon by joint actuator for `finger_joint2`[0m
[38;5;159m[Genesis] [14:27:34] [INFO] Adding [38;5;121m<gs.engine.entities.RigidEntity>[0m[38;5;159m. idx: [38;5;121m4[0m[38;5;159m, uid: [38;5;121m[3m<1b7c240>[0m[38;5;159m, morph: [38;5;121m<gs.morphs.Box>[0m[38;5;159m, material: [38;5;121m<gs.materials.Rigid>[0m[38;5;159m.[0m
[38;5;159m[Genesis] [14:27:34] [INFO] Building scene [38;5;121m[3m<cdf9f35>[0m[38;5;159m...[0m
[38;5;226m[Genesis] [14:27:34] [WARNING] Neutral robot position (qpos0) exceeds joint limits.[0m
[38;5;226m[Genesis] [14:27:34] [WARNING] Constraint solver time constant should be greater than 2*substep_dt. timeconst is changed from `0.005` to `0.00833333`). Decrease simulation timestep or increase timeconst to avoid altering the original value.[0m
[38;5;226m[Genesis] [14:27:35] [WARNING] Filtered out geometry pairs causing self-collision for the neutral configuration (qpos0): (8, 13), (9, 13), (16, 23), (17, 22), (18, 25), (19, 24). Consider tuning Morph option 'decompose_robot_error_threshold' or specify dedicated collision meshes. This behavior can be disabled by setting Morph option 'enable_neutral_collision=True'.[0m
[38;5;159m[Genesis] [14:27:36] [INFO] Compiling simulation kernels...[0m
[38;5;159m[Genesis] [14:27:36] [INFO] Building visualizer...[0m
{"episode": 3100003, "profile": "book_box", "success": true, "stage": "complete", "retries": 0}
[38;5;159m[Genesis] [14:27:42] [INFO] Scene [38;5;121m[3m<921acf8>[0m[38;5;159m created.[0m
[38;5;159m[Genesis] [14:27:42] [INFO] Adding [38;5;121m<gs.engine.entities.RigidEntity>[0m[38;5;159m. idx: [38;5;121m0[0m[38;5;159m, uid: [38;5;121m[3m<b3c3e07>[0m[38;5;159m, morph: [38;5;121m<gs.morphs.Plane>[0m[38;5;159m, material: [38;5;121m<gs.materials.Rigid>[0m[38;5;159m.[0m
[38;5;159m[Genesis] [14:27:42] [INFO] Adding [38;5;121m<gs.engine.entities.RigidEntity>[0m[38;5;159m. idx: [38;5;121m1[0m[38;5;159m, uid: [38;5;121m[3m<88ddf5c>[0m[38;5;159m, morph: [38;5;121m<gs.morphs.Box>[0m[38;5;159m, material: [38;5;121m<gs.materials.Rigid>[0m[38;5;159m.[0m
[38;5;159m[Genesis] [14:27:42] [INFO] Adding [38;5;121m<gs.engine.entities.RigidEntity>[0m[38;5;159m. idx: [38;5;121m2[0m[38;5;159m, uid: [38;5;121m[3m<4bee0d9>[0m[38;5;159m, morph: [38;5;121m<gs.morphs.Box>[0m[38;5;159m, material: [38;5;121m<gs.materials.Rigid>[0m[38;5;159m.[0m
[38;5;159m[Genesis] [14:27:42] [INFO] Adding [38;5;121m<gs.engine.entities.RigidEntity>[0m[38;5;159m. idx: [38;5;121m3[0m[38;5;159m, uid: [38;5;121m[3m<a0e9281>[0m[38;5;159m, morph: [38;5;121m<gs.morphs.MJCF(file='/workspace/parcel-sorter-rocm/third_party/genesis-world/genesis/assets/xml/franka_emika_panda/panda.xml')>[0m[38;5;159m, material: [38;5;121m<gs.materials.Rigid>[0m[38;5;159m.[0m
[38;5;226m[Genesis] [14:27:43] [WARNING] (MJCF) Approximating tendon by joint actuator for `finger_joint1`[0m
[38;5;226m[Genesis] [14:27:43] [WARNING] (MJCF) Approximating tendon by joint actuator for `finger_joint2`[0m
[38;5;159m[Genesis] [14:27:43] [INFO] Adding [38;5;121m<gs.engine.entities.RigidEntity>[0m[38;5;159m. idx: [38;5;121m4[0m[38;5;159m, uid: [38;5;121m[3m<71d72d6>[0m[38;5;159m, morph: [38;5;121m<gs.morphs.Box>[0m[38;5;159m, material: [38;5;121m<gs.materials.Rigid>[0m[38;5;159m.[0m
[38;5;159m[Genesis] [14:27:43] [INFO] Building scene [38;5;121m[3m<921acf8>[0m[38;5;159m...[0m
[38;5;226m[Genesis] [14:27:43] [WARNING] Neutral robot position (qpos0) exceeds joint limits.[0m
[38;5;226m[Genesis] [14:27:43] [WARNING] Constraint solver time constant should be greater than 2*substep_dt. timeconst is changed from `0.005` to `0.00833333`). Decrease simulation timestep or increase timeconst to avoid altering the original value.[0m
[38;5;226m[Genesis] [14:27:44] [WARNING] Filtered out geometry pairs causing self-collision for the neutral configuration (qpos0): (8, 13), (9, 13), (16, 23), (17, 22), (18, 25), (19, 24). Consider tuning Morph option 'decompose_robot_error_threshold' or specify dedicated collision meshes. This behavior can be disabled by setting Morph option 'enable_neutral_collision=True'.[0m
[38;5;159m[Genesis] [14:27:44] [INFO] Compiling simulation kernels...[0m
[38;5;159m[Genesis] [14:27:45] [INFO] Building visualizer...[0m
{"episode": 3100004, "profile": "book_box", "success": false, "stage": "abort", "retries": 1}
[38;5;159m[Genesis] [14:28:06] [INFO] Scene [38;5;121m[3m<45a8473>[0m[38;5;159m created.[0m
[38;5;159m[Genesis] [14:28:06] [INFO] Adding [38;5;121m<gs.engine.entities.RigidEntity>[0m[38;5;159m. idx: [38;5;121m0[0m[38;5;159m, uid: [38;5;121m[3m<634e719>[0m[38;5;159m, morph: [38;5;121m<gs.morphs.Plane>[0m[38;5;159m, material: [38;5;121m<gs.materials.Rigid>[0m[38;5;159m.[0m
[38;5;159m[Genesis] [14:28:06] [INFO] Adding [38;5;121m<gs.engine.entities.RigidEntity>[0m[38;5;159m. idx: [38;5;121m1[0m[38;5;159m, uid: [38;5;121m[3m<b282829>[0m[38;5;159m, morph: [38;5;121m<gs.morphs.Box>[0m[38;5;159m, material: [38;5;121m<gs.materials.Rigid>[0m[38;5;159m.[0m
[38;5;159m[Genesis] [14:28:06] [INFO] Adding [38;5;121m<gs.engine.entities.RigidEntity>[0m[38;5;159m. idx: [38;5;121m2[0m[38;5;159m, uid: [38;5;121m[3m<650eb2b>[0m[38;5;159m, morph: [38;5;121m<gs.morphs.Box>[0m[38;5;159m, material: [38;5;121m<gs.materials.Rigid>[0m[38;5;159m.[0m
[38;5;159m[Genesis] [14:28:06] [INFO] Adding [38;5;121m<gs.engine.entities.RigidEntity>[0m[38;5;159m. idx: [38;5;121m3[0m[38;5;159m, uid: [38;5;121m[3m<f85f027>[0m[38;5;159m, morph: [38;5;121m<gs.morphs.MJCF(file='/workspace/parcel-sorter-rocm/third_party/genesis-world/genesis/assets/xml/franka_emika_panda/panda.xml')>[0m[38;5;159m, material: [38;5;121m<gs.materials.Rigid>[0m[38;5;159m.[0m
[38;5;226m[Genesis] [14:28:06] [WARNING] (MJCF) Approximating tendon by joint actuator for `finger_joint1`[0m
[38;5;226m[Genesis] [14:28:06] [WARNING] (MJCF) Approximating tendon by joint actuator for `finger_joint2`[0m
[38;5;159m[Genesis] [14:28:06] [INFO] Adding [38;5;121m<gs.engine.entities.RigidEntity>[0m[38;5;159m. idx: [38;5;121m4[0m[38;5;159m, uid: [38;5;121m[3m<ddfa7c1>[0m[38;5;159m, morph: [38;5;121m<gs.morphs.Box>[0m[38;5;159m, material: [38;5;121m<gs.materials.Rigid>[0m[38;5;159m.[0m
[38;5;159m[Genesis] [14:28:06] [INFO] Building scene [38;5;121m[3m<45a8473>[0m[38;5;159m...[0m
[38;5;226m[Genesis] [14:28:07] [WARNING] Neutral robot position (qpos0) exceeds joint limits.[0m
[38;5;226m[Genesis] [14:28:07] [WARNING] Constraint solver time constant should be greater than 2*substep_dt. timeconst is changed from `0.005` to `0.00833333`). Decrease simulation timestep or increase timeconst to avoid altering the original value.[0m
[38;5;226m[Genesis] [14:28:08] [WARNING] Filtered out geometry pairs causing self-collision for the neutral configuration (qpos0): (8, 13), (9, 13), (16, 23), (17, 22), (18, 25), (19, 24). Consider tuning Morph option 'decompose_robot_error_threshold' or specify dedicated collision meshes. This behavior can be disabled by setting Morph option 'enable_neutral_collision=True'.[0m
[38;5;159m[Genesis] [14:28:09] [INFO] Compiling simulation kernels...[0m
[38;5;159m[Genesis] [14:28:09] [INFO] Building visualizer...[0m
{"episode": 4100000, "profile": "medium_carton", "success": true, "stage": "complete", "retries": 0}
[38;5;159m[Genesis] [14:28:17] [INFO] Scene [38;5;121m[3m<9dbf4f0>[0m[38;5;159m created.[0m
[38;5;159m[Genesis] [14:28:17] [INFO] Adding [38;5;121m<gs.engine.entities.RigidEntity>[0m[38;5;159m. idx: [38;5;121m0[0m[38;5;159m, uid: [38;5;121m[3m<e0e701a>[0m[38;5;159m, morph: [38;5;121m<gs.morphs.Plane>[0m[38;5;159m, material: [38;5;121m<gs.materials.Rigid>[0m[38;5;159m.[0m
[38;5;159m[Genesis] [14:28:17] [INFO] Adding [38;5;121m<gs.engine.entities.RigidEntity>[0m[38;5;159m. idx: [38;5;121m1[0m[38;5;159m, uid: [38;5;121m[3m<50b95e7>[0m[38;5;159m, morph: [38;5;121m<gs.morphs.Box>[0m[38;5;159m, material: [38;5;121m<gs.materials.Rigid>[0m[38;5;159m.[0m
[38;5;159m[Genesis] [14:28:17] [INFO] Adding [38;5;121m<gs.engine.entities.RigidEntity>[0m[38;5;159m. idx: [38;5;121m2[0m[38;5;159m, uid: [38;5;121m[3m<185a29c>[0m[38;5;159m, morph: [38;5;121m<gs.morphs.Box>[0m[38;5;159m, material: [38;5;121m<gs.materials.Rigid>[0m[38;5;159m.[0m
[38;5;159m[Genesis] [14:28:17] [INFO] Adding [38;5;121m<gs.engine.entities.RigidEntity>[0m[38;5;159m. idx: [38;5;121m3[0m[38;5;159m, uid: [38;5;121m[3m<040fd21>[0m[38;5;159m, morph: [38;5;121m<gs.morphs.MJCF(file='/workspace/parcel-sorter-rocm/third_party/genesis-world/genesis/assets/xml/franka_emika_panda/panda.xml')>[0m[38;5;159m, material: [38;5;121m<gs.materials.Rigid>[0m[38;5;159m.[0m
[38;5;226m[Genesis] [14:28:17] [WARNING] (MJCF) Approximating tendon by joint actuator for `finger_joint1`[0m
[38;5;226m[Genesis] [14:28:17] [WARNING] (MJCF) Approximating tendon by joint actuator for `finger_joint2`[0m
[38;5;159m[Genesis] [14:28:18] [INFO] Adding [38;5;121m<gs.engine.entities.RigidEntity>[0m[38;5;159m. idx: [38;5;121m4[0m[38;5;159m, uid: [38;5;121m[3m<368552d>[0m[38;5;159m, morph: [38;5;121m<gs.morphs.Box>[0m[38;5;159m, material: [38;5;121m<gs.materials.Rigid>[0m[38;5;159m.[0m
[38;5;159m[Genesis] [14:28:18] [INFO] Building scene [38;5;121m[3m<9dbf4f0>[0m[38;5;159m...[0m
[38;5;226m[Genesis] [14:28:18] [WARNING] Neutral robot position (qpos0) exceeds joint limits.[0m
[38;5;226m[Genesis] [14:28:18] [WARNING] Constraint solver time constant should be greater than 2*substep_dt. timeconst is changed from `0.005` to `0.00833333`). Decrease simulation timestep or increase timeconst to avoid altering the original value.[0m
[38;5;226m[Genesis] [14:28:19] [WARNING] Filtered out geometry pairs causing self-collision for the neutral configuration (qpos0): (8, 13), (9, 13), (16, 23), (17, 22), (18, 25), (19, 24). Consider tuning Morph option 'decompose_robot_error_threshold' or specify dedicated collision meshes. This behavior can be disabled by setting Morph option 'enable_neutral_collision=True'.[0m
[38;5;159m[Genesis] [14:28:20] [INFO] Compiling simulation kernels...[0m
[38;5;159m[Genesis] [14:28:20] [INFO] Building visualizer...[0m
{"episode": 4100001, "profile": "medium_carton", "success": true, "stage": "complete", "retries": 0}
[38;5;159m[Genesis] [14:28:27] [INFO] Scene [38;5;121m[3m<bbdfd5f>[0m[38;5;159m created.[0m
[38;5;159m[Genesis] [14:28:27] [INFO] Adding [38;5;121m<gs.engine.entities.RigidEntity>[0m[38;5;159m. idx: [38;5;121m0[0m[38;5;159m, uid: [38;5;121m[3m<eddaed1>[0m[38;5;159m, morph: [38;5;121m<gs.morphs.Plane>[0m[38;5;159m, material: [38;5;121m<gs.materials.Rigid>[0m[38;5;159m.[0m
[38;5;159m[Genesis] [14:28:27] [INFO] Adding [38;5;121m<gs.engine.entities.RigidEntity>[0m[38;5;159m. idx: [38;5;121m1[0m[38;5;159m, uid: [38;5;121m[3m<ecfd99b>[0m[38;5;159m, morph: [38;5;121m<gs.morphs.Box>[0m[38;5;159m, material: [38;5;121m<gs.materials.Rigid>[0m[38;5;159m.[0m
[38;5;159m[Genesis] [14:28:27] [INFO] Adding [38;5;121m<gs.engine.entities.RigidEntity>[0m[38;5;159m. idx: [38;5;121m2[0m[38;5;159m, uid: [38;5;121m[3m<cd13ce5>[0m[38;5;159m, morph: [38;5;121m<gs.morphs.Box>[0m[38;5;159m, material: [38;5;121m<gs.materials.Rigid>[0m[38;5;159m.[0m
[38;5;159m[Genesis] [14:28:27] [INFO] Adding [38;5;121m<gs.engine.entities.RigidEntity>[0m[38;5;159m. idx: [38;5;121m3[0m[38;5;159m, uid: [38;5;121m[3m<22460c5>[0m[38;5;159m, morph: [38;5;121m<gs.morphs.MJCF(file='/workspace/parcel-sorter-rocm/third_party/genesis-world/genesis/assets/xml/franka_emika_panda/panda.xml')>[0m[38;5;159m, material: [38;5;121m<gs.materials.Rigid>[0m[38;5;159m.[0m
[38;5;226m[Genesis] [14:28:27] [WARNING] (MJCF) Approximating tendon by joint actuator for `finger_joint1`[0m
[38;5;226m[Genesis] [14:28:27] [WARNING] (MJCF) Approximating tendon by joint actuator for `finger_joint2`[0m
[38;5;159m[Genesis] [14:28:27] [INFO] Adding [38;5;121m<gs.engine.entities.RigidEntity>[0m[38;5;159m. idx: [38;5;121m4[0m[38;5;159m, uid: [38;5;121m[3m<da3a7d3>[0m[38;5;159m, morph: [38;5;121m<gs.morphs.Box>[0m[38;5;159m, material: [38;5;121m<gs.materials.Rigid>[0m[38;5;159m.[0m
[38;5;159m[Genesis] [14:28:27] [INFO] Building scene [38;5;121m[3m<bbdfd5f>[0m[38;5;159m...[0m
[38;5;226m[Genesis] [14:28:27] [WARNING] Neutral robot position (qpos0) exceeds joint limits.[0m
[38;5;226m[Genesis] [14:28:27] [WARNING] Constraint solver time constant should be greater than 2*substep_dt. timeconst is changed from `0.005` to `0.00833333`). Decrease simulation timestep or increase timeconst to avoid altering the original value.[0m
[38;5;226m[Genesis] [14:28:28] [WARNING] Filtered out geometry pairs causing self-collision for the neutral configuration (qpos0): (8, 13), (9, 13), (16, 23), (17, 22), (18, 25), (19, 24). Consider tuning Morph option 'decompose_robot_error_threshold' or specify dedicated collision meshes. This behavior can be disabled by setting Morph option 'enable_neutral_collision=True'.[0m
[38;5;159m[Genesis] [14:28:29] [INFO] Compiling simulation kernels...[0m
[38;5;159m[Genesis] [14:28:29] [INFO] Building visualizer...[0m
{"episode": 4100002, "profile": "medium_carton", "success": true, "stage": "complete", "retries": 0}
[38;5;159m[Genesis] [14:28:38] [INFO] Scene [38;5;121m[3m<6ea28c9>[0m[38;5;159m created.[0m
[38;5;159m[Genesis] [14:28:38] [INFO] Adding [38;5;121m<gs.engine.entities.RigidEntity>[0m[38;5;159m. idx: [38;5;121m0[0m[38;5;159m, uid: [38;5;121m[3m<bd32e15>[0m[38;5;159m, morph: [38;5;121m<gs.morphs.Plane>[0m[38;5;159m, material: [38;5;121m<gs.materials.Rigid>[0m[38;5;159m.[0m
[38;5;159m[Genesis] [14:28:38] [INFO] Adding [38;5;121m<gs.engine.entities.RigidEntity>[0m[38;5;159m. idx: [38;5;121m1[0m[38;5;159m, uid: [38;5;121m[3m<9ba61f0>[0m[38;5;159m, morph: [38;5;121m<gs.morphs.Box>[0m[38;5;159m, material: [38;5;121m<gs.materials.Rigid>[0m[38;5;159m.[0m
[38;5;159m[Genesis] [14:28:38] [INFO] Adding [38;5;121m<gs.engine.entities.RigidEntity>[0m[38;5;159m. idx: [38;5;121m2[0m[38;5;159m, uid: [38;5;121m[3m<83b3b9e>[0m[38;5;159m, morph: [38;5;121m<gs.morphs.Box>[0m[38;5;159m, material: [38;5;121m<gs.materials.Rigid>[0m[38;5;159m.[0m
[38;5;159m[Genesis] [14:28:38] [INFO] Adding [38;5;121m<gs.engine.entities.RigidEntity>[0m[38;5;159m. idx: [38;5;121m3[0m[38;5;159m, uid: [38;5;121m[3m<a755317>[0m[38;5;159m, morph: [38;5;121m<gs.morphs.MJCF(file='/workspace/parcel-sorter-rocm/third_party/genesis-world/genesis/assets/xml/franka_emika_panda/panda.xml')>[0m[38;5;159m, material: [38;5;121m<gs.materials.Rigid>[0m[38;5;159m.[0m
[38;5;226m[Genesis] [14:28:39] [WARNING] (MJCF) Approximating tendon by joint actuator for `finger_joint1`[0m
[38;5;226m[Genesis] [14:28:39] [WARNING] (MJCF) Approximating tendon by joint actuator for `finger_joint2`[0m
[38;5;159m[Genesis] [14:28:39] [INFO] Adding [38;5;121m<gs.engine.entities.RigidEntity>[0m[38;5;159m. idx: [38;5;121m4[0m[38;5;159m, uid: [38;5;121m[3m<dd5a64d>[0m[38;5;159m, morph: [38;5;121m<gs.morphs.Box>[0m[38;5;159m, material: [38;5;121m<gs.materials.Rigid>[0m[38;5;159m.[0m
[38;5;159m[Genesis] [14:28:39] [INFO] Building scene [38;5;121m[3m<6ea28c9>[0m[38;5;159m...[0m
[38;5;226m[Genesis] [14:28:39] [WARNING] Neutral robot position (qpos0) exceeds joint limits.[0m
[38;5;226m[Genesis] [14:28:39] [WARNING] Constraint solver time constant should be greater than 2*substep_dt. timeconst is changed from `0.005` to `0.00833333`). Decrease simulation timestep or increase timeconst to avoid altering the original value.[0m
[38;5;226m[Genesis] [14:28:40] [WARNING] Filtered out geometry pairs causing self-collision for the neutral configuration (qpos0): (8, 13), (9, 13), (16, 23), (17, 22), (18, 25), (19, 24). Consider tuning Morph option 'decompose_robot_error_threshold' or specify dedicated collision meshes. This behavior can be disabled by setting Morph option 'enable_neutral_collision=True'.[0m
[38;5;159m[Genesis] [14:28:41] [INFO] Compiling simulation kernels...[0m
[38;5;159m[Genesis] [14:28:41] [INFO] Building visualizer...[0m
{"episode": 4100003, "profile": "medium_carton", "success": true, "stage": "complete", "retries": 0}
[38;5;159m[Genesis] [14:28:47] [INFO] Scene [38;5;121m[3m<7382a37>[0m[38;5;159m created.[0m
[38;5;159m[Genesis] [14:28:47] [INFO] Adding [38;5;121m<gs.engine.entities.RigidEntity>[0m[38;5;159m. idx: [38;5;121m0[0m[38;5;159m, uid: [38;5;121m[3m<6bc65ae>[0m[38;5;159m, morph: [38;5;121m<gs.morphs.Plane>[0m[38;5;159m, material: [38;5;121m<gs.materials.Rigid>[0m[38;5;159m.[0m
[38;5;159m[Genesis] [14:28:47] [INFO] Adding [38;5;121m<gs.engine.entities.RigidEntity>[0m[38;5;159m. idx: [38;5;121m1[0m[38;5;159m, uid: [38;5;121m[3m<7b2f2cf>[0m[38;5;159m, morph: [38;5;121m<gs.morphs.Box>[0m[38;5;159m, material: [38;5;121m<gs.materials.Rigid>[0m[38;5;159m.[0m
[38;5;159m[Genesis] [14:28:47] [INFO] Adding [38;5;121m<gs.engine.entities.RigidEntity>[0m[38;5;159m. idx: [38;5;121m2[0m[38;5;159m, uid: [38;5;121m[3m<4aae40e>[0m[38;5;159m, morph: [38;5;121m<gs.morphs.Box>[0m[38;5;159m, material: [38;5;121m<gs.materials.Rigid>[0m[38;5;159m.[0m
[38;5;159m[Genesis] [14:28:47] [INFO] Adding [38;5;121m<gs.engine.entities.RigidEntity>[0m[38;5;159m. idx: [38;5;121m3[0m[38;5;159m, uid: [38;5;121m[3m<24df8c9>[0m[38;5;159m, morph: [38;5;121m<gs.morphs.MJCF(file='/workspace/parcel-sorter-rocm/third_party/genesis-world/genesis/assets/xml/franka_emika_panda/panda.xml')>[0m[38;5;159m, material: [38;5;121m<gs.materials.Rigid>[0m[38;5;159m.[0m
[38;5;226m[Genesis] [14:28:47] [WARNING] (MJCF) Approximating tendon by joint actuator for `finger_joint1`[0m
[38;5;226m[Genesis] [14:28:47] [WARNING] (MJCF) Approximating tendon by joint actuator for `finger_joint2`[0m
[38;5;159m[Genesis] [14:28:47] [INFO] Adding [38;5;121m<gs.engine.entities.RigidEntity>[0m[38;5;159m. idx: [38;5;121m4[0m[38;5;159m, uid: [38;5;121m[3m<a6001cd>[0m[38;5;159m, morph: [38;5;121m<gs.morphs.Box>[0m[38;5;159m, material: [38;5;121m<gs.materials.Rigid>[0m[38;5;159m.[0m
[38;5;159m[Genesis] [14:28:47] [INFO] Building scene [38;5;121m[3m<7382a37>[0m[38;5;159m...[0m
[38;5;226m[Genesis] [14:28:47] [WARNING] Neutral robot position (qpos0) exceeds joint limits.[0m
[38;5;226m[Genesis] [14:28:47] [WARNING] Constraint solver time constant should be greater than 2*substep_dt. timeconst is changed from `0.005` to `0.00833333`). Decrease simulation timestep or increase timeconst to avoid altering the original value.[0m
[38;5;226m[Genesis] [14:28:48] [WARNING] Filtered out geometry pairs causing self-collision for the neutral configuration (qpos0): (8, 13), (9, 13), (16, 23), (17, 22), (18, 25), (19, 24). Consider tuning Morph option 'decompose_robot_error_threshold' or specify dedicated collision meshes. This behavior can be disabled by setting Morph option 'enable_neutral_collision=True'.[0m
[38;5;159m[Genesis] [14:28:49] [INFO] Compiling simulation kernels...[0m
[38;5;159m[Genesis] [14:28:49] [INFO] Building visualizer...[0m
{"episode": 4100004, "profile": "medium_carton", "success": true, "stage": "complete", "retries": 0}
[38;5;159m[Genesis] [14:28:56] [INFO] Scene [38;5;121m[3m<1ad078e>[0m[38;5;159m created.[0m
[38;5;159m[Genesis] [14:28:56] [INFO] Adding [38;5;121m<gs.engine.entities.RigidEntity>[0m[38;5;159m. idx: [38;5;121m0[0m[38;5;159m, uid: [38;5;121m[3m<9c13394>[0m[38;5;159m, morph: [38;5;121m<gs.morphs.Plane>[0m[38;5;159m, material: [38;5;121m<gs.materials.Rigid>[0m[38;5;159m.[0m
[38;5;159m[Genesis] [14:28:56] [INFO] Adding [38;5;121m<gs.engine.entities.RigidEntity>[0m[38;5;159m. idx: [38;5;121m1[0m[38;5;159m, uid: [38;5;121m[3m<26fbfa4>[0m[38;5;159m, morph: [38;5;121m<gs.morphs.Box>[0m[38;5;159m, material: [38;5;121m<gs.materials.Rigid>[0m[38;5;159m.[0m
[38;5;159m[Genesis] [14:28:56] [INFO] Adding [38;5;121m<gs.engine.entities.RigidEntity>[0m[38;5;159m. idx: [38;5;121m2[0m[38;5;159m, uid: [38;5;121m[3m<6ca5570>[0m[38;5;159m, morph: [38;5;121m<gs.morphs.Box>[0m[38;5;159m, material: [38;5;121m<gs.materials.Rigid>[0m[38;5;159m.[0m
[38;5;159m[Genesis] [14:28:56] [INFO] Adding [38;5;121m<gs.engine.entities.RigidEntity>[0m[38;5;159m. idx: [38;5;121m3[0m[38;5;159m, uid: [38;5;121m[3m<92bedfb>[0m[38;5;159m, morph: [38;5;121m<gs.morphs.MJCF(file='/workspace/parcel-sorter-rocm/third_party/genesis-world/genesis/assets/xml/franka_emika_panda/panda.xml')>[0m[38;5;159m, material: [38;5;121m<gs.materials.Rigid>[0m[38;5;159m.[0m
[38;5;226m[Genesis] [14:28:57] [WARNING] (MJCF) Approximating tendon by joint actuator for `finger_joint1`[0m
[38;5;226m[Genesis] [14:28:57] [WARNING] (MJCF) Approximating tendon by joint actuator for `finger_joint2`[0m
[38;5;159m[Genesis] [14:28:57] [INFO] Adding [38;5;121m<gs.engine.entities.RigidEntity>[0m[38;5;159m. idx: [38;5;121m4[0m[38;5;159m, uid: [38;5;121m[3m<406bed0>[0m[38;5;159m, morph: [38;5;121m<gs.morphs.Box>[0m[38;5;159m, material: [38;5;121m<gs.materials.Rigid>[0m[38;5;159m.[0m
[38;5;159m[Genesis] [14:28:57] [INFO] Building scene [38;5;121m[3m<1ad078e>[0m[38;5;159m...[0m
[38;5;226m[Genesis] [14:28:57] [WARNING] Neutral robot position (qpos0) exceeds joint limits.[0m
[38;5;226m[Genesis] [14:28:57] [WARNING] Constraint solver time constant should be greater than 2*substep_dt. timeconst is changed from `0.005` to `0.00833333`). Decrease simulation timestep or increase timeconst to avoid altering the original value.[0m
[38;5;226m[Genesis] [14:28:58] [WARNING] Filtered out geometry pairs causing self-collision for the neutral configuration (qpos0): (8, 13), (9, 13), (16, 23), (17, 22), (18, 25), (19, 24). Consider tuning Morph option 'decompose_robot_error_threshold' or specify dedicated collision meshes. This behavior can be disabled by setting Morph option 'enable_neutral_collision=True'.[0m
[38;5;159m[Genesis] [14:28:59] [INFO] Compiling simulation kernels...[0m
[38;5;159m[Genesis] [14:28:59] [INFO] Building visualizer...[0m
{"episode": 5100000, "profile": "shoe_box_proxy", "success": true, "stage": "complete", "retries": 1}
[38;5;159m[Genesis] [14:29:07] [INFO] Scene [38;5;121m[3m<98f1bdf>[0m[38;5;159m created.[0m
[38;5;159m[Genesis] [14:29:07] [INFO] Adding [38;5;121m<gs.engine.entities.RigidEntity>[0m[38;5;159m. idx: [38;5;121m0[0m[38;5;159m, uid: [38;5;121m[3m<1c14468>[0m[38;5;159m, morph: [38;5;121m<gs.morphs.Plane>[0m[38;5;159m, material: [38;5;121m<gs.materials.Rigid>[0m[38;5;159m.[0m
[38;5;159m[Genesis] [14:29:07] [INFO] Adding [38;5;121m<gs.engine.entities.RigidEntity>[0m[38;5;159m. idx: [38;5;121m1[0m[38;5;159m, uid: [38;5;121m[3m<94428a1>[0m[38;5;159m, morph: [38;5;121m<gs.morphs.Box>[0m[38;5;159m, material: [38;5;121m<gs.materials.Rigid>[0m[38;5;159m.[0m
[38;5;159m[Genesis] [14:29:07] [INFO] Adding [38;5;121m<gs.engine.entities.RigidEntity>[0m[38;5;159m. idx: [38;5;121m2[0m[38;5;159m, uid: [38;5;121m[3m<507ffab>[0m[38;5;159m, morph: [38;5;121m<gs.morphs.Box>[0m[38;5;159m, material: [38;5;121m<gs.materials.Rigid>[0m[38;5;159m.[0m
[38;5;159m[Genesis] [14:29:07] [INFO] Adding [38;5;121m<gs.engine.entities.RigidEntity>[0m[38;5;159m. idx: [38;5;121m3[0m[38;5;159m, uid: [38;5;121m[3m<eb75af7>[0m[38;5;159m, morph: [38;5;121m<gs.morphs.MJCF(file='/workspace/parcel-sorter-rocm/third_party/genesis-world/genesis/assets/xml/franka_emika_panda/panda.xml')>[0m[38;5;159m, material: [38;5;121m<gs.materials.Rigid>[0m[38;5;159m.[0m
[38;5;226m[Genesis] [14:29:07] [WARNING] (MJCF) Approximating tendon by joint actuator for `finger_joint1`[0m
[38;5;226m[Genesis] [14:29:07] [WARNING] (MJCF) Approximating tendon by joint actuator for `finger_joint2`[0m
[38;5;159m[Genesis] [14:29:07] [INFO] Adding [38;5;121m<gs.engine.entities.RigidEntity>[0m[38;5;159m. idx: [38;5;121m4[0m[38;5;159m, uid: [38;5;121m[3m<c9f225b>[0m[38;5;159m, morph: [38;5;121m<gs.morphs.Box>[0m[38;5;159m, material: [38;5;121m<gs.materials.Rigid>[0m[38;5;159m.[0m
[38;5;159m[Genesis] [14:29:07] [INFO] Building scene [38;5;121m[3m<98f1bdf>[0m[38;5;159m...[0m
[38;5;226m[Genesis] [14:29:07] [WARNING] Neutral robot position (qpos0) exceeds joint limits.[0m
[38;5;226m[Genesis] [14:29:07] [WARNING] Constraint solver time constant should be greater than 2*substep_dt. timeconst is changed from `0.005` to `0.00833333`). Decrease simulation timestep or increase timeconst to avoid altering the original value.[0m
[38;5;226m[Genesis] [14:29:08] [WARNING] Filtered out geometry pairs causing self-collision for the neutral configuration (qpos0): (8, 13), (9, 13), (16, 23), (17, 22), (18, 25), (19, 24). Consider tuning Morph option 'decompose_robot_error_threshold' or specify dedicated collision meshes. This behavior can be disabled by setting Morph option 'enable_neutral_collision=True'.[0m
[38;5;159m[Genesis] [14:29:09] [INFO] Compiling simulation kernels...[0m
[38;5;159m[Genesis] [14:29:09] [INFO] Building visualizer...[0m
{"episode": 5100001, "profile": "shoe_box_proxy", "success": true, "stage": "complete", "retries": 0}
[38;5;159m[Genesis] [14:29:14] [INFO] Scene [38;5;121m[3m<f5966f6>[0m[38;5;159m created.[0m
[38;5;159m[Genesis] [14:29:14] [INFO] Adding [38;5;121m<gs.engine.entities.RigidEntity>[0m[38;5;159m. idx: [38;5;121m0[0m[38;5;159m, uid: [38;5;121m[3m<a2ee12b>[0m[38;5;159m, morph: [38;5;121m<gs.morphs.Plane>[0m[38;5;159m, material: [38;5;121m<gs.materials.Rigid>[0m[38;5;159m.[0m
[38;5;159m[Genesis] [14:29:14] [INFO] Adding [38;5;121m<gs.engine.entities.RigidEntity>[0m[38;5;159m. idx: [38;5;121m1[0m[38;5;159m, uid: [38;5;121m[3m<413e4f5>[0m[38;5;159m, morph: [38;5;121m<gs.morphs.Box>[0m[38;5;159m, material: [38;5;121m<gs.materials.Rigid>[0m[38;5;159m.[0m
[38;5;159m[Genesis] [14:29:14] [INFO] Adding [38;5;121m<gs.engine.entities.RigidEntity>[0m[38;5;159m. idx: [38;5;121m2[0m[38;5;159m, uid: [38;5;121m[3m<f4b4dac>[0m[38;5;159m, morph: [38;5;121m<gs.morphs.Box>[0m[38;5;159m, material: [38;5;121m<gs.materials.Rigid>[0m[38;5;159m.[0m
[38;5;159m[Genesis] [14:29:14] [INFO] Adding [38;5;121m<gs.engine.entities.RigidEntity>[0m[38;5;159m. idx: [38;5;121m3[0m[38;5;159m, uid: [38;5;121m[3m<b591f3a>[0m[38;5;159m, morph: [38;5;121m<gs.morphs.MJCF(file='/workspace/parcel-sorter-rocm/third_party/genesis-world/genesis/assets/xml/franka_emika_panda/panda.xml')>[0m[38;5;159m, material: [38;5;121m<gs.materials.Rigid>[0m[38;5;159m.[0m
[38;5;226m[Genesis] [14:29:15] [WARNING] (MJCF) Approximating tendon by joint actuator for `finger_joint1`[0m
[38;5;226m[Genesis] [14:29:15] [WARNING] (MJCF) Approximating tendon by joint actuator for `finger_joint2`[0m
[38;5;159m[Genesis] [14:29:15] [INFO] Adding [38;5;121m<gs.engine.entities.RigidEntity>[0m[38;5;159m. idx: [38;5;121m4[0m[38;5;159m, uid: [38;5;121m[3m<3a432ec>[0m[38;5;159m, morph: [38;5;121m<gs.morphs.Box>[0m[38;5;159m, material: [38;5;121m<gs.materials.Rigid>[0m[38;5;159m.[0m
[38;5;159m[Genesis] [14:29:15] [INFO] Building scene [38;5;121m[3m<f5966f6>[0m[38;5;159m...[0m
[38;5;226m[Genesis] [14:29:15] [WARNING] Neutral robot position (qpos0) exceeds joint limits.[0m
[38;5;226m[Genesis] [14:29:15] [WARNING] Constraint solver time constant should be greater than 2*substep_dt. timeconst is changed from `0.005` to `0.00833333`). Decrease simulation timestep or increase timeconst to avoid altering the original value.[0m
[38;5;226m[Genesis] [14:29:16] [WARNING] Filtered out geometry pairs causing self-collision for the neutral configuration (qpos0): (8, 13), (9, 13), (16, 23), (17, 22), (18, 25), (19, 24). Consider tuning Morph option 'decompose_robot_error_threshold' or specify dedicated collision meshes. This behavior can be disabled by setting Morph option 'enable_neutral_collision=True'.[0m
[38;5;159m[Genesis] [14:29:17] [INFO] Compiling simulation kernels...[0m
[38;5;159m[Genesis] [14:29:17] [INFO] Building visualizer...[0m
{"episode": 5100002, "profile": "shoe_box_proxy", "success": false, "stage": "abort", "retries": 1}
[38;5;159m[Genesis] [14:29:26] [INFO] Scene [38;5;121m[3m<7abc02f>[0m[38;5;159m created.[0m
[38;5;159m[Genesis] [14:29:26] [INFO] Adding [38;5;121m<gs.engine.entities.RigidEntity>[0m[38;5;159m. idx: [38;5;121m0[0m[38;5;159m, uid: [38;5;121m[3m<f3bae12>[0m[38;5;159m, morph: [38;5;121m<gs.morphs.Plane>[0m[38;5;159m, material: [38;5;121m<gs.materials.Rigid>[0m[38;5;159m.[0m
[38;5;159m[Genesis] [14:29:26] [INFO] Adding [38;5;121m<gs.engine.entities.RigidEntity>[0m[38;5;159m. idx: [38;5;121m1[0m[38;5;159m, uid: [38;5;121m[3m<5296e59>[0m[38;5;159m, morph: [38;5;121m<gs.morphs.Box>[0m[38;5;159m, material: [38;5;121m<gs.materials.Rigid>[0m[38;5;159m.[0m
[38;5;159m[Genesis] [14:29:26] [INFO] Adding [38;5;121m<gs.engine.entities.RigidEntity>[0m[38;5;159m. idx: [38;5;121m2[0m[38;5;159m, uid: [38;5;121m[3m<690b690>[0m[38;5;159m, morph: [38;5;121m<gs.morphs.Box>[0m[38;5;159m, material: [38;5;121m<gs.materials.Rigid>[0m[38;5;159m.[0m
[38;5;159m[Genesis] [14:29:26] [INFO] Adding [38;5;121m<gs.engine.entities.RigidEntity>[0m[38;5;159m. idx: [38;5;121m3[0m[38;5;159m, uid: [38;5;121m[3m<703c636>[0m[38;5;159m, morph: [38;5;121m<gs.morphs.MJCF(file='/workspace/parcel-sorter-rocm/third_party/genesis-world/genesis/assets/xml/franka_emika_panda/panda.xml')>[0m[38;5;159m, material: [38;5;121m<gs.materials.Rigid>[0m[38;5;159m.[0m
[38;5;226m[Genesis] [14:29:26] [WARNING] (MJCF) Approximating tendon by joint actuator for `finger_joint1`[0m
[38;5;226m[Genesis] [14:29:26] [WARNING] (MJCF) Approximating tendon by joint actuator for `finger_joint2`[0m
[38;5;159m[Genesis] [14:29:26] [INFO] Adding [38;5;121m<gs.engine.entities.RigidEntity>[0m[38;5;159m. idx: [38;5;121m4[0m[38;5;159m, uid: [38;5;121m[3m<5914e94>[0m[38;5;159m, morph: [38;5;121m<gs.morphs.Box>[0m[38;5;159m, material: [38;5;121m<gs.materials.Rigid>[0m[38;5;159m.[0m
[38;5;159m[Genesis] [14:29:26] [INFO] Building scene [38;5;121m[3m<7abc02f>[0m[38;5;159m...[0m
[38;5;226m[Genesis] [14:29:26] [WARNING] Neutral robot position (qpos0) exceeds joint limits.[0m
[38;5;226m[Genesis] [14:29:26] [WARNING] Constraint solver time constant should be greater than 2*substep_dt. timeconst is changed from `0.005` to `0.00833333`). Decrease simulation timestep or increase timeconst to avoid altering the original value.[0m
[38;5;226m[Genesis] [14:29:27] [WARNING] Filtered out geometry pairs causing self-collision for the neutral configuration (qpos0): (8, 13), (9, 13), (16, 23), (17, 22), (18, 25), (19, 24). Consider tuning Morph option 'decompose_robot_error_threshold' or specify dedicated collision meshes. This behavior can be disabled by setting Morph option 'enable_neutral_collision=True'.[0m
[38;5;159m[Genesis] [14:29:28] [INFO] Compiling simulation kernels...[0m
[38;5;159m[Genesis] [14:29:28] [INFO] Building visualizer...[0m
{"episode": 5100003, "profile": "shoe_box_proxy", "success": true, "stage": "complete", "retries": 2}
[38;5;159m[Genesis] [14:29:36] [INFO] Scene [38;5;121m[3m<31f302d>[0m[38;5;159m created.[0m
[38;5;159m[Genesis] [14:29:36] [INFO] Adding [38;5;121m<gs.engine.entities.RigidEntity>[0m[38;5;159m. idx: [38;5;121m0[0m[38;5;159m, uid: [38;5;121m[3m<983023f>[0m[38;5;159m, morph: [38;5;121m<gs.morphs.Plane>[0m[38;5;159m, material: [38;5;121m<gs.materials.Rigid>[0m[38;5;159m.[0m
[38;5;159m[Genesis] [14:29:36] [INFO] Adding [38;5;121m<gs.engine.entities.RigidEntity>[0m[38;5;159m. idx: [38;5;121m1[0m[38;5;159m, uid: [38;5;121m[3m<e915d74>[0m[38;5;159m, morph: [38;5;121m<gs.morphs.Box>[0m[38;5;159m, material: [38;5;121m<gs.materials.Rigid>[0m[38;5;159m.[0m
[38;5;159m[Genesis] [14:29:36] [INFO] Adding [38;5;121m<gs.engine.entities.RigidEntity>[0m[38;5;159m. idx: [38;5;121m2[0m[38;5;159m, uid: [38;5;121m[3m<0663bc4>[0m[38;5;159m, morph: [38;5;121m<gs.morphs.Box>[0m[38;5;159m, material: [38;5;121m<gs.materials.Rigid>[0m[38;5;159m.[0m
[38;5;159m[Genesis] [14:29:36] [INFO] Adding [38;5;121m<gs.engine.entities.RigidEntity>[0m[38;5;159m. idx: [38;5;121m3[0m[38;5;159m, uid: [38;5;121m[3m<7a112fd>[0m[38;5;159m, morph: [38;5;121m<gs.morphs.MJCF(file='/workspace/parcel-sorter-rocm/third_party/genesis-world/genesis/assets/xml/franka_emika_panda/panda.xml')>[0m[38;5;159m, material: [38;5;121m<gs.materials.Rigid>[0m[38;5;159m.[0m
[38;5;226m[Genesis] [14:29:37] [WARNING] (MJCF) Approximating tendon by joint actuator for `finger_joint1`[0m
[38;5;226m[Genesis] [14:29:37] [WARNING] (MJCF) Approximating tendon by joint actuator for `finger_joint2`[0m
[38;5;159m[Genesis] [14:29:37] [INFO] Adding [38;5;121m<gs.engine.entities.RigidEntity>[0m[38;5;159m. idx: [38;5;121m4[0m[38;5;159m, uid: [38;5;121m[3m<b282721>[0m[38;5;159m, morph: [38;5;121m<gs.morphs.Box>[0m[38;5;159m, material: [38;5;121m<gs.materials.Rigid>[0m[38;5;159m.[0m
[38;5;159m[Genesis] [14:29:37] [INFO] Building scene [38;5;121m[3m<31f302d>[0m[38;5;159m...[0m
[38;5;226m[Genesis] [14:29:37] [WARNING] Neutral robot position (qpos0) exceeds joint limits.[0m
[38;5;226m[Genesis] [14:29:37] [WARNING] Constraint solver time constant should be greater than 2*substep_dt. timeconst is changed from `0.005` to `0.00833333`). Decrease simulation timestep or increase timeconst to avoid altering the original value.[0m
[38;5;226m[Genesis] [14:29:38] [WARNING] Filtered out geometry pairs causing self-collision for the neutral configuration (qpos0): (8, 13), (9, 13), (16, 23), (17, 22), (18, 25), (19, 24). Consider tuning Morph option 'decompose_robot_error_threshold' or specify dedicated collision meshes. This behavior can be disabled by setting Morph option 'enable_neutral_collision=True'.[0m
[38;5;159m[Genesis] [14:29:39] [INFO] Compiling simulation kernels...[0m
[38;5;159m[Genesis] [14:29:39] [INFO] Building visualizer...[0m
{"episode": 5100004, "profile": "shoe_box_proxy", "success": true, "stage": "complete", "retries": 0}
[38;5;159m[Genesis] [14:29:46] [INFO] Scene [38;5;121m[3m<639ac20>[0m[38;5;159m created.[0m
[38;5;159m[Genesis] [14:29:46] [INFO] Adding [38;5;121m<gs.engine.entities.RigidEntity>[0m[38;5;159m. idx: [38;5;121m0[0m[38;5;159m, uid: [38;5;121m[3m<99c3ad6>[0m[38;5;159m, morph: [38;5;121m<gs.morphs.Plane>[0m[38;5;159m, material: [38;5;121m<gs.materials.Rigid>[0m[38;5;159m.[0m
[38;5;159m[Genesis] [14:29:46] [INFO] Adding [38;5;121m<gs.engine.entities.RigidEntity>[0m[38;5;159m. idx: [38;5;121m1[0m[38;5;159m, uid: [38;5;121m[3m<e5a7ad2>[0m[38;5;159m, morph: [38;5;121m<gs.morphs.Box>[0m[38;5;159m, material: [38;5;121m<gs.materials.Rigid>[0m[38;5;159m.[0m
[38;5;159m[Genesis] [14:29:46] [INFO] Adding [38;5;121m<gs.engine.entities.RigidEntity>[0m[38;5;159m. idx: [38;5;121m2[0m[38;5;159m, uid: [38;5;121m[3m<032852b>[0m[38;5;159m, morph: [38;5;121m<gs.morphs.Box>[0m[38;5;159m, material: [38;5;121m<gs.materials.Rigid>[0m[38;5;159m.[0m
[38;5;159m[Genesis] [14:29:46] [INFO] Adding [38;5;121m<gs.engine.entities.RigidEntity>[0m[38;5;159m. idx: [38;5;121m3[0m[38;5;159m, uid: [38;5;121m[3m<f62892f>[0m[38;5;159m, morph: [38;5;121m<gs.morphs.MJCF(file='/workspace/parcel-sorter-rocm/third_party/genesis-world/genesis/assets/xml/franka_emika_panda/panda.xml')>[0m[38;5;159m, material: [38;5;121m<gs.materials.Rigid>[0m[38;5;159m.[0m
[38;5;226m[Genesis] [14:29:46] [WARNING] (MJCF) Approximating tendon by joint actuator for `finger_joint1`[0m
[38;5;226m[Genesis] [14:29:46] [WARNING] (MJCF) Approximating tendon by joint actuator for `finger_joint2`[0m
[38;5;159m[Genesis] [14:29:46] [INFO] Adding [38;5;121m<gs.engine.entities.RigidEntity>[0m[38;5;159m. idx: [38;5;121m4[0m[38;5;159m, uid: [38;5;121m[3m<ad8e139>[0m[38;5;159m, morph: [38;5;121m<gs.morphs.Box>[0m[38;5;159m, material: [38;5;121m<gs.materials.Rigid>[0m[38;5;159m.[0m
[38;5;159m[Genesis] [14:29:46] [INFO] Building scene [38;5;121m[3m<639ac20>[0m[38;5;159m...[0m
[38;5;226m[Genesis] [14:29:46] [WARNING] Neutral robot position (qpos0) exceeds joint limits.[0m
[38;5;226m[Genesis] [14:29:46] [WARNING] Constraint solver time constant should be greater than 2*substep_dt. timeconst is changed from `0.005` to `0.00833333`). Decrease simulation timestep or increase timeconst to avoid altering the original value.[0m
[38;5;226m[Genesis] [14:29:47] [WARNING] Filtered out geometry pairs causing self-collision for the neutral configuration (qpos0): (8, 13), (9, 13), (16, 23), (17, 22), (18, 25), (19, 24). Consider tuning Morph option 'decompose_robot_error_threshold' or specify dedicated collision meshes. This behavior can be disabled by setting Morph option 'enable_neutral_collision=True'.[0m
[38;5;159m[Genesis] [14:29:48] [INFO] Compiling simulation kernels...[0m
[38;5;159m[Genesis] [14:29:49] [INFO] Building visualizer...[0m
{"episode": 6100000, "profile": "long_carton", "success": true, "stage": "complete", "retries": 0}
[38;5;159m[Genesis] [14:29:55] [INFO] Scene [38;5;121m[3m<9c2a6fd>[0m[38;5;159m created.[0m
[38;5;159m[Genesis] [14:29:55] [INFO] Adding [38;5;121m<gs.engine.entities.RigidEntity>[0m[38;5;159m. idx: [38;5;121m0[0m[38;5;159m, uid: [38;5;121m[3m<e8c3ca0>[0m[38;5;159m, morph: [38;5;121m<gs.morphs.Plane>[0m[38;5;159m, material: [38;5;121m<gs.materials.Rigid>[0m[38;5;159m.[0m
[38;5;159m[Genesis] [14:29:55] [INFO] Adding [38;5;121m<gs.engine.entities.RigidEntity>[0m[38;5;159m. idx: [38;5;121m1[0m[38;5;159m, uid: [38;5;121m[3m<25ed87b>[0m[38;5;159m, morph: [38;5;121m<gs.morphs.Box>[0m[38;5;159m, material: [38;5;121m<gs.materials.Rigid>[0m[38;5;159m.[0m
[38;5;159m[Genesis] [14:29:55] [INFO] Adding [38;5;121m<gs.engine.entities.RigidEntity>[0m[38;5;159m. idx: [38;5;121m2[0m[38;5;159m, uid: [38;5;121m[3m<432afd6>[0m[38;5;159m, morph: [38;5;121m<gs.morphs.Box>[0m[38;5;159m, material: [38;5;121m<gs.materials.Rigid>[0m[38;5;159m.[0m
[38;5;159m[Genesis] [14:29:55] [INFO] Adding [38;5;121m<gs.engine.entities.RigidEntity>[0m[38;5;159m. idx: [38;5;121m3[0m[38;5;159m, uid: [38;5;121m[3m<1197d6f>[0m[38;5;159m, morph: [38;5;121m<gs.morphs.MJCF(file='/workspace/parcel-sorter-rocm/third_party/genesis-world/genesis/assets/xml/franka_emika_panda/panda.xml')>[0m[38;5;159m, material: [38;5;121m<gs.materials.Rigid>[0m[38;5;159m.[0m
[38;5;226m[Genesis] [14:29:56] [WARNING] (MJCF) Approximating tendon by joint actuator for `finger_joint1`[0m
[38;5;226m[Genesis] [14:29:56] [WARNING] (MJCF) Approximating tendon by joint actuator for `finger_joint2`[0m
[38;5;159m[Genesis] [14:29:56] [INFO] Adding [38;5;121m<gs.engine.entities.RigidEntity>[0m[38;5;159m. idx: [38;5;121m4[0m[38;5;159m, uid: [38;5;121m[3m<c1c88c6>[0m[38;5;159m, morph: [38;5;121m<gs.morphs.Box>[0m[38;5;159m, material: [38;5;121m<gs.materials.Rigid>[0m[38;5;159m.[0m
[38;5;159m[Genesis] [14:29:56] [INFO] Building scene [38;5;121m[3m<9c2a6fd>[0m[38;5;159m...[0m
[38;5;226m[Genesis] [14:29:56] [WARNING] Neutral robot position (qpos0) exceeds joint limits.[0m
[38;5;226m[Genesis] [14:29:56] [WARNING] Constraint solver time constant should be greater than 2*substep_dt. timeconst is changed from `0.005` to `0.00833333`). Decrease simulation timestep or increase timeconst to avoid altering the original value.[0m
[38;5;226m[Genesis] [14:29:57] [WARNING] Filtered out geometry pairs causing self-collision for the neutral configuration (qpos0): (8, 13), (9, 13), (16, 23), (17, 22), (18, 25), (19, 24). Consider tuning Morph option 'decompose_robot_error_threshold' or specify dedicated collision meshes. This behavior can be disabled by setting Morph option 'enable_neutral_collision=True'.[0m
[38;5;159m[Genesis] [14:29:58] [INFO] Compiling simulation kernels...[0m
[38;5;159m[Genesis] [14:29:59] [INFO] Building visualizer...[0m
{"episode": 6100001, "profile": "long_carton", "success": false, "stage": "abort", "retries": 0}
[38;5;159m[Genesis] [14:30:02] [INFO] Scene [38;5;121m[3m<3ecd139>[0m[38;5;159m created.[0m
[38;5;159m[Genesis] [14:30:02] [INFO] Adding [38;5;121m<gs.engine.entities.RigidEntity>[0m[38;5;159m. idx: [38;5;121m0[0m[38;5;159m, uid: [38;5;121m[3m<d0e9565>[0m[38;5;159m, morph: [38;5;121m<gs.morphs.Plane>[0m[38;5;159m, material: [38;5;121m<gs.materials.Rigid>[0m[38;5;159m.[0m
[38;5;159m[Genesis] [14:30:03] [INFO] Adding [38;5;121m<gs.engine.entities.RigidEntity>[0m[38;5;159m. idx: [38;5;121m1[0m[38;5;159m, uid: [38;5;121m[3m<02a4464>[0m[38;5;159m, morph: [38;5;121m<gs.morphs.Box>[0m[38;5;159m, material: [38;5;121m<gs.materials.Rigid>[0m[38;5;159m.[0m
[38;5;159m[Genesis] [14:30:03] [INFO] Adding [38;5;121m<gs.engine.entities.RigidEntity>[0m[38;5;159m. idx: [38;5;121m2[0m[38;5;159m, uid: [38;5;121m[3m<0dcef68>[0m[38;5;159m, morph: [38;5;121m<gs.morphs.Box>[0m[38;5;159m, material: [38;5;121m<gs.materials.Rigid>[0m[38;5;159m.[0m
[38;5;159m[Genesis] [14:30:03] [INFO] Adding [38;5;121m<gs.engine.entities.RigidEntity>[0m[38;5;159m. idx: [38;5;121m3[0m[38;5;159m, uid: [38;5;121m[3m<670140e>[0m[38;5;159m, morph: [38;5;121m<gs.morphs.MJCF(file='/workspace/parcel-sorter-rocm/third_party/genesis-world/genesis/assets/xml/franka_emika_panda/panda.xml')>[0m[38;5;159m, material: [38;5;121m<gs.materials.Rigid>[0m[38;5;159m.[0m
[38;5;226m[Genesis] [14:30:03] [WARNING] (MJCF) Approximating tendon by joint actuator for `finger_joint1`[0m
[38;5;226m[Genesis] [14:30:03] [WARNING] (MJCF) Approximating tendon by joint actuator for `finger_joint2`[0m
[38;5;159m[Genesis] [14:30:03] [INFO] Adding [38;5;121m<gs.engine.entities.RigidEntity>[0m[38;5;159m. idx: [38;5;121m4[0m[38;5;159m, uid: [38;5;121m[3m<1cc1331>[0m[38;5;159m, morph: [38;5;121m<gs.morphs.Box>[0m[38;5;159m, material: [38;5;121m<gs.materials.Rigid>[0m[38;5;159m.[0m
[38;5;159m[Genesis] [14:30:03] [INFO] Building scene [38;5;121m[3m<3ecd139>[0m[38;5;159m...[0m
[38;5;226m[Genesis] [14:30:03] [WARNING] Neutral robot position (qpos0) exceeds joint limits.[0m
[38;5;226m[Genesis] [14:30:03] [WARNING] Constraint solver time constant should be greater than 2*substep_dt. timeconst is changed from `0.005` to `0.00833333`). Decrease simulation timestep or increase timeconst to avoid altering the original value.[0m
[38;5;226m[Genesis] [14:30:04] [WARNING] Filtered out geometry pairs causing self-collision for the neutral configuration (qpos0): (8, 13), (9, 13), (16, 23), (17, 22), (18, 25), (19, 24). Consider tuning Morph option 'decompose_robot_error_threshold' or specify dedicated collision meshes. This behavior can be disabled by setting Morph option 'enable_neutral_collision=True'.[0m
[38;5;159m[Genesis] [14:30:05] [INFO] Compiling simulation kernels...[0m
[38;5;159m[Genesis] [14:30:05] [INFO] Building visualizer...[0m
{"episode": 6100002, "profile": "long_carton", "success": false, "stage": "abort", "retries": 0}
[38;5;159m[Genesis] [14:30:10] [INFO] Scene [38;5;121m[3m<f8f1fc9>[0m[38;5;159m created.[0m
[38;5;159m[Genesis] [14:30:10] [INFO] Adding [38;5;121m<gs.engine.entities.RigidEntity>[0m[38;5;159m. idx: [38;5;121m0[0m[38;5;159m, uid: [38;5;121m[3m<10ec415>[0m[38;5;159m, morph: [38;5;121m<gs.morphs.Plane>[0m[38;5;159m, material: [38;5;121m<gs.materials.Rigid>[0m[38;5;159m.[0m
[38;5;159m[Genesis] [14:30:10] [INFO] Adding [38;5;121m<gs.engine.entities.RigidEntity>[0m[38;5;159m. idx: [38;5;121m1[0m[38;5;159m, uid: [38;5;121m[3m<9b9399c>[0m[38;5;159m, morph: [38;5;121m<gs.morphs.Box>[0m[38;5;159m, material: [38;5;121m<gs.materials.Rigid>[0m[38;5;159m.[0m
[38;5;159m[Genesis] [14:30:10] [INFO] Adding [38;5;121m<gs.engine.entities.RigidEntity>[0m[38;5;159m. idx: [38;5;121m2[0m[38;5;159m, uid: [38;5;121m[3m<55c3f94>[0m[38;5;159m, morph: [38;5;121m<gs.morphs.Box>[0m[38;5;159m, material: [38;5;121m<gs.materials.Rigid>[0m[38;5;159m.[0m
[38;5;159m[Genesis] [14:30:10] [INFO] Adding [38;5;121m<gs.engine.entities.RigidEntity>[0m[38;5;159m. idx: [38;5;121m3[0m[38;5;159m, uid: [38;5;121m[3m<5d081a4>[0m[38;5;159m, morph: [38;5;121m<gs.morphs.MJCF(file='/workspace/parcel-sorter-rocm/third_party/genesis-world/genesis/assets/xml/franka_emika_panda/panda.xml')>[0m[38;5;159m, material: [38;5;121m<gs.materials.Rigid>[0m[38;5;159m.[0m
[38;5;226m[Genesis] [14:30:10] [WARNING] (MJCF) Approximating tendon by joint actuator for `finger_joint1`[0m
[38;5;226m[Genesis] [14:30:10] [WARNING] (MJCF) Approximating tendon by joint actuator for `finger_joint2`[0m
[38;5;159m[Genesis] [14:30:10] [INFO] Adding [38;5;121m<gs.engine.entities.RigidEntity>[0m[38;5;159m. idx: [38;5;121m4[0m[38;5;159m, uid: [38;5;121m[3m<3ae2938>[0m[38;5;159m, morph: [38;5;121m<gs.morphs.Box>[0m[38;5;159m, material: [38;5;121m<gs.materials.Rigid>[0m[38;5;159m.[0m
[38;5;159m[Genesis] [14:30:10] [INFO] Building scene [38;5;121m[3m<f8f1fc9>[0m[38;5;159m...[0m
[38;5;226m[Genesis] [14:30:10] [WARNING] Neutral robot position (qpos0) exceeds joint limits.[0m
[38;5;226m[Genesis] [14:30:10] [WARNING] Constraint solver time constant should be greater than 2*substep_dt. timeconst is changed from `0.005` to `0.00833333`). Decrease simulation timestep or increase timeconst to avoid altering the original value.[0m
[38;5;226m[Genesis] [14:30:11] [WARNING] Filtered out geometry pairs causing self-collision for the neutral configuration (qpos0): (8, 13), (9, 13), (16, 23), (17, 22), (18, 25), (19, 24). Consider tuning Morph option 'decompose_robot_error_threshold' or specify dedicated collision meshes. This behavior can be disabled by setting Morph option 'enable_neutral_collision=True'.[0m
[38;5;159m[Genesis] [14:30:12] [INFO] Compiling simulation kernels...[0m
[38;5;159m[Genesis] [14:30:12] [INFO] Building visualizer...[0m
{"episode": 6100003, "profile": "long_carton", "success": true, "stage": "complete", "retries": 0}
[38;5;159m[Genesis] [14:30:19] [INFO] Scene [38;5;121m[3m<d030342>[0m[38;5;159m created.[0m
[38;5;159m[Genesis] [14:30:19] [INFO] Adding [38;5;121m<gs.engine.entities.RigidEntity>[0m[38;5;159m. idx: [38;5;121m0[0m[38;5;159m, uid: [38;5;121m[3m<ffcb5c4>[0m[38;5;159m, morph: [38;5;121m<gs.morphs.Plane>[0m[38;5;159m, material: [38;5;121m<gs.materials.Rigid>[0m[38;5;159m.[0m
[38;5;159m[Genesis] [14:30:19] [INFO] Adding [38;5;121m<gs.engine.entities.RigidEntity>[0m[38;5;159m. idx: [38;5;121m1[0m[38;5;159m, uid: [38;5;121m[3m<a8f562d>[0m[38;5;159m, morph: [38;5;121m<gs.morphs.Box>[0m[38;5;159m, material: [38;5;121m<gs.materials.Rigid>[0m[38;5;159m.[0m
[38;5;159m[Genesis] [14:30:19] [INFO] Adding [38;5;121m<gs.engine.entities.RigidEntity>[0m[38;5;159m. idx: [38;5;121m2[0m[38;5;159m, uid: [38;5;121m[3m<6573918>[0m[38;5;159m, morph: [38;5;121m<gs.morphs.Box>[0m[38;5;159m, material: [38;5;121m<gs.materials.Rigid>[0m[38;5;159m.[0m
[38;5;159m[Genesis] [14:30:19] [INFO] Adding [38;5;121m<gs.engine.entities.RigidEntity>[0m[38;5;159m. idx: [38;5;121m3[0m[38;5;159m, uid: [38;5;121m[3m<830486d>[0m[38;5;159m, morph: [38;5;121m<gs.morphs.MJCF(file='/workspace/parcel-sorter-rocm/third_party/genesis-world/genesis/assets/xml/franka_emika_panda/panda.xml')>[0m[38;5;159m, material: [38;5;121m<gs.materials.Rigid>[0m[38;5;159m.[0m
[38;5;226m[Genesis] [14:30:19] [WARNING] (MJCF) Approximating tendon by joint actuator for `finger_joint1`[0m
[38;5;226m[Genesis] [14:30:19] [WARNING] (MJCF) Approximating tendon by joint actuator for `finger_joint2`[0m
[38;5;159m[Genesis] [14:30:19] [INFO] Adding [38;5;121m<gs.engine.entities.RigidEntity>[0m[38;5;159m. idx: [38;5;121m4[0m[38;5;159m, uid: [38;5;121m[3m<d36564d>[0m[38;5;159m, morph: [38;5;121m<gs.morphs.Box>[0m[38;5;159m, material: [38;5;121m<gs.materials.Rigid>[0m[38;5;159m.[0m
[38;5;159m[Genesis] [14:30:19] [INFO] Building scene [38;5;121m[3m<d030342>[0m[38;5;159m...[0m
[38;5;226m[Genesis] [14:30:19] [WARNING] Neutral robot position (qpos0) exceeds joint limits.[0m
[38;5;226m[Genesis] [14:30:19] [WARNING] Constraint solver time constant should be greater than 2*substep_dt. timeconst is changed from `0.005` to `0.00833333`). Decrease simulation timestep or increase timeconst to avoid altering the original value.[0m
[38;5;226m[Genesis] [14:30:20] [WARNING] Filtered out geometry pairs causing self-collision for the neutral configuration (qpos0): (8, 13), (9, 13), (16, 23), (17, 22), (18, 25), (19, 24). Consider tuning Morph option 'decompose_robot_error_threshold' or specify dedicated collision meshes. This behavior can be disabled by setting Morph option 'enable_neutral_collision=True'.[0m
[38;5;159m[Genesis] [14:30:21] [INFO] Compiling simulation kernels...[0m
[38;5;159m[Genesis] [14:30:21] [INFO] Building visualizer...[0m
{"episode": 6100004, "profile": "long_carton", "success": true, "stage": "complete", "retries": 0}
[38;5;159m[Genesis] [14:30:27] [INFO] Scene [38;5;121m[3m<22014c2>[0m[38;5;159m created.[0m
[38;5;159m[Genesis] [14:30:27] [INFO] Adding [38;5;121m<gs.engine.entities.RigidEntity>[0m[38;5;159m. idx: [38;5;121m0[0m[38;5;159m, uid: [38;5;121m[3m<49baf7e>[0m[38;5;159m, morph: [38;5;121m<gs.morphs.Plane>[0m[38;5;159m, material: [38;5;121m<gs.materials.Rigid>[0m[38;5;159m.[0m
[38;5;159m[Genesis] [14:30:27] [INFO] Adding [38;5;121m<gs.engine.entities.RigidEntity>[0m[38;5;159m. idx: [38;5;121m1[0m[38;5;159m, uid: [38;5;121m[3m<d581f40>[0m[38;5;159m, morph: [38;5;121m<gs.morphs.Box>[0m[38;5;159m, material: [38;5;121m<gs.materials.Rigid>[0m[38;5;159m.[0m
[38;5;159m[Genesis] [14:30:27] [INFO] Adding [38;5;121m<gs.engine.entities.RigidEntity>[0m[38;5;159m. idx: [38;5;121m2[0m[38;5;159m, uid: [38;5;121m[3m<acc38b4>[0m[38;5;159m, morph: [38;5;121m<gs.morphs.Box>[0m[38;5;159m, material: [38;5;121m<gs.materials.Rigid>[0m[38;5;159m.[0m
[38;5;159m[Genesis] [14:30:27] [INFO] Adding [38;5;121m<gs.engine.entities.RigidEntity>[0m[38;5;159m. idx: [38;5;121m3[0m[38;5;159m, uid: [38;5;121m[3m<53e9610>[0m[38;5;159m, morph: [38;5;121m<gs.morphs.MJCF(file='/workspace/parcel-sorter-rocm/third_party/genesis-world/genesis/assets/xml/franka_emika_panda/panda.xml')>[0m[38;5;159m, material: [38;5;121m<gs.materials.Rigid>[0m[38;5;159m.[0m
[38;5;226m[Genesis] [14:30:28] [WARNING] (MJCF) Approximating tendon by joint actuator for `finger_joint1`[0m
[38;5;226m[Genesis] [14:30:28] [WARNING] (MJCF) Approximating tendon by joint actuator for `finger_joint2`[0m
[38;5;159m[Genesis] [14:30:28] [INFO] Adding [38;5;121m<gs.engine.entities.RigidEntity>[0m[38;5;159m. idx: [38;5;121m4[0m[38;5;159m, uid: [38;5;121m[3m<7964f6e>[0m[38;5;159m, morph: [38;5;121m<gs.morphs.Box>[0m[38;5;159m, material: [38;5;121m<gs.materials.Rigid>[0m[38;5;159m.[0m
[38;5;159m[Genesis] [14:30:28] [INFO] Building scene [38;5;121m[3m<22014c2>[0m[38;5;159m...[0m
[38;5;226m[Genesis] [14:30:28] [WARNING] Neutral robot position (qpos0) exceeds joint limits.[0m
[38;5;226m[Genesis] [14:30:28] [WARNING] Constraint solver time constant should be greater than 2*substep_dt. timeconst is changed from `0.005` to `0.00833333`). Decrease simulation timestep or increase timeconst to avoid altering the original value.[0m
[38;5;226m[Genesis] [14:30:29] [WARNING] Filtered out geometry pairs causing self-collision for the neutral configuration (qpos0): (8, 13), (9, 13), (16, 23), (17, 22), (18, 25), (19, 24). Consider tuning Morph option 'decompose_robot_error_threshold' or specify dedicated collision meshes. This behavior can be disabled by setting Morph option 'enable_neutral_collision=True'.[0m
[38;5;159m[Genesis] [14:30:30] [INFO] Compiling simulation kernels...[0m
[38;5;159m[Genesis] [14:30:30] [INFO] Building visualizer...[0m
{"episode": 7100000, "profile": "large_narrow_carton", "success": false, "stage": "abort", "retries": 0}
[38;5;159m[Genesis] [14:30:33] [INFO] Scene [38;5;121m[3m<17f8c00>[0m[38;5;159m created.[0m
[38;5;159m[Genesis] [14:30:33] [INFO] Adding [38;5;121m<gs.engine.entities.RigidEntity>[0m[38;5;159m. idx: [38;5;121m0[0m[38;5;159m, uid: [38;5;121m[3m<550ba59>[0m[38;5;159m, morph: [38;5;121m<gs.morphs.Plane>[0m[38;5;159m, material: [38;5;121m<gs.materials.Rigid>[0m[38;5;159m.[0m
[38;5;159m[Genesis] [14:30:33] [INFO] Adding [38;5;121m<gs.engine.entities.RigidEntity>[0m[38;5;159m. idx: [38;5;121m1[0m[38;5;159m, uid: [38;5;121m[3m<d0969b2>[0m[38;5;159m, morph: [38;5;121m<gs.morphs.Box>[0m[38;5;159m, material: [38;5;121m<gs.materials.Rigid>[0m[38;5;159m.[0m
[38;5;159m[Genesis] [14:30:33] [INFO] Adding [38;5;121m<gs.engine.entities.RigidEntity>[0m[38;5;159m. idx: [38;5;121m2[0m[38;5;159m, uid: [38;5;121m[3m<3e79b82>[0m[38;5;159m, morph: [38;5;121m<gs.morphs.Box>[0m[38;5;159m, material: [38;5;121m<gs.materials.Rigid>[0m[38;5;159m.[0m
[38;5;159m[Genesis] [14:30:33] [INFO] Adding [38;5;121m<gs.engine.entities.RigidEntity>[0m[38;5;159m. idx: [38;5;121m3[0m[38;5;159m, uid: [38;5;121m[3m<e2d5c81>[0m[38;5;159m, morph: [38;5;121m<gs.morphs.MJCF(file='/workspace/parcel-sorter-rocm/third_party/genesis-world/genesis/assets/xml/franka_emika_panda/panda.xml')>[0m[38;5;159m, material: [38;5;121m<gs.materials.Rigid>[0m[38;5;159m.[0m
[38;5;226m[Genesis] [14:30:33] [WARNING] (MJCF) Approximating tendon by joint actuator for `finger_joint1`[0m
[38;5;226m[Genesis] [14:30:33] [WARNING] (MJCF) Approximating tendon by joint actuator for `finger_joint2`[0m
[38;5;159m[Genesis] [14:30:33] [INFO] Adding [38;5;121m<gs.engine.entities.RigidEntity>[0m[38;5;159m. idx: [38;5;121m4[0m[38;5;159m, uid: [38;5;121m[3m<00186e2>[0m[38;5;159m, morph: [38;5;121m<gs.morphs.Box>[0m[38;5;159m, material: [38;5;121m<gs.materials.Rigid>[0m[38;5;159m.[0m
[38;5;159m[Genesis] [14:30:33] [INFO] Building scene [38;5;121m[3m<17f8c00>[0m[38;5;159m...[0m
[38;5;226m[Genesis] [14:30:34] [WARNING] Neutral robot position (qpos0) exceeds joint limits.[0m
[38;5;226m[Genesis] [14:30:34] [WARNING] Constraint solver time constant should be greater than 2*substep_dt. timeconst is changed from `0.005` to `0.00833333`). Decrease simulation timestep or increase timeconst to avoid altering the original value.[0m
[38;5;226m[Genesis] [14:30:35] [WARNING] Filtered out geometry pairs causing self-collision for the neutral configuration (qpos0): (8, 13), (9, 13), (16, 23), (17, 22), (18, 25), (19, 24). Consider tuning Morph option 'decompose_robot_error_threshold' or specify dedicated collision meshes. This behavior can be disabled by setting Morph option 'enable_neutral_collision=True'.[0m
[38;5;159m[Genesis] [14:30:36] [INFO] Compiling simulation kernels...[0m
[38;5;159m[Genesis] [14:30:36] [INFO] Building visualizer...[0m
{"episode": 7100001, "profile": "large_narrow_carton", "success": true, "stage": "complete", "retries": 0}
[38;5;159m[Genesis] [14:30:43] [INFO] Scene [38;5;121m[3m<23f3407>[0m[38;5;159m created.[0m
[38;5;159m[Genesis] [14:30:43] [INFO] Adding [38;5;121m<gs.engine.entities.RigidEntity>[0m[38;5;159m. idx: [38;5;121m0[0m[38;5;159m, uid: [38;5;121m[3m<0d9a6b8>[0m[38;5;159m, morph: [38;5;121m<gs.morphs.Plane>[0m[38;5;159m, material: [38;5;121m<gs.materials.Rigid>[0m[38;5;159m.[0m
[38;5;159m[Genesis] [14:30:43] [INFO] Adding [38;5;121m<gs.engine.entities.RigidEntity>[0m[38;5;159m. idx: [38;5;121m1[0m[38;5;159m, uid: [38;5;121m[3m<56c1162>[0m[38;5;159m, morph: [38;5;121m<gs.morphs.Box>[0m[38;5;159m, material: [38;5;121m<gs.materials.Rigid>[0m[38;5;159m.[0m
[38;5;159m[Genesis] [14:30:43] [INFO] Adding [38;5;121m<gs.engine.entities.RigidEntity>[0m[38;5;159m. idx: [38;5;121m2[0m[38;5;159m, uid: [38;5;121m[3m<5dfb3c4>[0m[38;5;159m, morph: [38;5;121m<gs.morphs.Box>[0m[38;5;159m, material: [38;5;121m<gs.materials.Rigid>[0m[38;5;159m.[0m
[38;5;159m[Genesis] [14:30:43] [INFO] Adding [38;5;121m<gs.engine.entities.RigidEntity>[0m[38;5;159m. idx: [38;5;121m3[0m[38;5;159m, uid: [38;5;121m[3m<0defa28>[0m[38;5;159m, morph: [38;5;121m<gs.morphs.MJCF(file='/workspace/parcel-sorter-rocm/third_party/genesis-world/genesis/assets/xml/franka_emika_panda/panda.xml')>[0m[38;5;159m, material: [38;5;121m<gs.materials.Rigid>[0m[38;5;159m.[0m
[38;5;226m[Genesis] [14:30:44] [WARNING] (MJCF) Approximating tendon by joint actuator for `finger_joint1`[0m
[38;5;226m[Genesis] [14:30:44] [WARNING] (MJCF) Approximating tendon by joint actuator for `finger_joint2`[0m
[38;5;159m[Genesis] [14:30:44] [INFO] Adding [38;5;121m<gs.engine.entities.RigidEntity>[0m[38;5;159m. idx: [38;5;121m4[0m[38;5;159m, uid: [38;5;121m[3m<ae36927>[0m[38;5;159m, morph: [38;5;121m<gs.morphs.Box>[0m[38;5;159m, material: [38;5;121m<gs.materials.Rigid>[0m[38;5;159m.[0m
[38;5;159m[Genesis] [14:30:44] [INFO] Building scene [38;5;121m[3m<23f3407>[0m[38;5;159m...[0m
[38;5;226m[Genesis] [14:30:44] [WARNING] Neutral robot position (qpos0) exceeds joint limits.[0m
[38;5;226m[Genesis] [14:30:44] [WARNING] Constraint solver time constant should be greater than 2*substep_dt. timeconst is changed from `0.005` to `0.00833333`). Decrease simulation timestep or increase timeconst to avoid altering the original value.[0m
[38;5;226m[Genesis] [14:30:45] [WARNING] Filtered out geometry pairs causing self-collision for the neutral configuration (qpos0): (8, 13), (9, 13), (16, 23), (17, 22), (18, 25), (19, 24). Consider tuning Morph option 'decompose_robot_error_threshold' or specify dedicated collision meshes. This behavior can be disabled by setting Morph option 'enable_neutral_collision=True'.[0m
[38;5;159m[Genesis] [14:30:46] [INFO] Compiling simulation kernels...[0m
[38;5;159m[Genesis] [14:30:47] [INFO] Building visualizer...[0m
{"episode": 7100002, "profile": "large_narrow_carton", "success": false, "stage": "abort", "retries": 1}
[38;5;159m[Genesis] [14:31:00] [INFO] Scene [38;5;121m[3m<c31c192>[0m[38;5;159m created.[0m
[38;5;159m[Genesis] [14:31:00] [INFO] Adding [38;5;121m<gs.engine.entities.RigidEntity>[0m[38;5;159m. idx: [38;5;121m0[0m[38;5;159m, uid: [38;5;121m[3m<4eca1e7>[0m[38;5;159m, morph: [38;5;121m<gs.morphs.Plane>[0m[38;5;159m, material: [38;5;121m<gs.materials.Rigid>[0m[38;5;159m.[0m
[38;5;159m[Genesis] [14:31:00] [INFO] Adding [38;5;121m<gs.engine.entities.RigidEntity>[0m[38;5;159m. idx: [38;5;121m1[0m[38;5;159m, uid: [38;5;121m[3m<7592748>[0m[38;5;159m, morph: [38;5;121m<gs.morphs.Box>[0m[38;5;159m, material: [38;5;121m<gs.materials.Rigid>[0m[38;5;159m.[0m
[38;5;159m[Genesis] [14:31:00] [INFO] Adding [38;5;121m<gs.engine.entities.RigidEntity>[0m[38;5;159m. idx: [38;5;121m2[0m[38;5;159m, uid: [38;5;121m[3m<f014bc6>[0m[38;5;159m, morph: [38;5;121m<gs.morphs.Box>[0m[38;5;159m, material: [38;5;121m<gs.materials.Rigid>[0m[38;5;159m.[0m
[38;5;159m[Genesis] [14:31:00] [INFO] Adding [38;5;121m<gs.engine.entities.RigidEntity>[0m[38;5;159m. idx: [38;5;121m3[0m[38;5;159m, uid: [38;5;121m[3m<121d27d>[0m[38;5;159m, morph: [38;5;121m<gs.morphs.MJCF(file='/workspace/parcel-sorter-rocm/third_party/genesis-world/genesis/assets/xml/franka_emika_panda/panda.xml')>[0m[38;5;159m, material: [38;5;121m<gs.materials.Rigid>[0m[38;5;159m.[0m
[38;5;226m[Genesis] [14:31:00] [WARNING] (MJCF) Approximating tendon by joint actuator for `finger_joint1`[0m
[38;5;226m[Genesis] [14:31:00] [WARNING] (MJCF) Approximating tendon by joint actuator for `finger_joint2`[0m
[38;5;159m[Genesis] [14:31:00] [INFO] Adding [38;5;121m<gs.engine.entities.RigidEntity>[0m[38;5;159m. idx: [38;5;121m4[0m[38;5;159m, uid: [38;5;121m[3m<e46cac4>[0m[38;5;159m, morph: [38;5;121m<gs.morphs.Box>[0m[38;5;159m, material: [38;5;121m<gs.materials.Rigid>[0m[38;5;159m.[0m
[38;5;159m[Genesis] [14:31:00] [INFO] Building scene [38;5;121m[3m<c31c192>[0m[38;5;159m...[0m
[38;5;226m[Genesis] [14:31:00] [WARNING] Neutral robot position (qpos0) exceeds joint limits.[0m
[38;5;226m[Genesis] [14:31:00] [WARNING] Constraint solver time constant should be greater than 2*substep_dt. timeconst is changed from `0.005` to `0.00833333`). Decrease simulation timestep or increase timeconst to avoid altering the original value.[0m
[38;5;226m[Genesis] [14:31:02] [WARNING] Filtered out geometry pairs causing self-collision for the neutral configuration (qpos0): (8, 13), (9, 13), (16, 23), (17, 22), (18, 25), (19, 24). Consider tuning Morph option 'decompose_robot_error_threshold' or specify dedicated collision meshes. This behavior can be disabled by setting Morph option 'enable_neutral_collision=True'.[0m
[38;5;159m[Genesis] [14:31:02] [INFO] Compiling simulation kernels...[0m
[38;5;159m[Genesis] [14:31:03] [INFO] Building visualizer...[0m
{"episode": 7100003, "profile": "large_narrow_carton", "success": false, "stage": "abort", "retries": 0}
[38;5;159m[Genesis] [14:31:06] [INFO] Scene [38;5;121m[3m<3f88689>[0m[38;5;159m created.[0m
[38;5;159m[Genesis] [14:31:06] [INFO] Adding [38;5;121m<gs.engine.entities.RigidEntity>[0m[38;5;159m. idx: [38;5;121m0[0m[38;5;159m, uid: [38;5;121m[3m<f954ac3>[0m[38;5;159m, morph: [38;5;121m<gs.morphs.Plane>[0m[38;5;159m, material: [38;5;121m<gs.materials.Rigid>[0m[38;5;159m.[0m
[38;5;159m[Genesis] [14:31:06] [INFO] Adding [38;5;121m<gs.engine.entities.RigidEntity>[0m[38;5;159m. idx: [38;5;121m1[0m[38;5;159m, uid: [38;5;121m[3m<6868c73>[0m[38;5;159m, morph: [38;5;121m<gs.morphs.Box>[0m[38;5;159m, material: [38;5;121m<gs.materials.Rigid>[0m[38;5;159m.[0m
[38;5;159m[Genesis] [14:31:06] [INFO] Adding [38;5;121m<gs.engine.entities.RigidEntity>[0m[38;5;159m. idx: [38;5;121m2[0m[38;5;159m, uid: [38;5;121m[3m<4b322e3>[0m[38;5;159m, morph: [38;5;121m<gs.morphs.Box>[0m[38;5;159m, material: [38;5;121m<gs.materials.Rigid>[0m[38;5;159m.[0m
[38;5;159m[Genesis] [14:31:06] [INFO] Adding [38;5;121m<gs.engine.entities.RigidEntity>[0m[38;5;159m. idx: [38;5;121m3[0m[38;5;159m, uid: [38;5;121m[3m<88ff5ea>[0m[38;5;159m, morph: [38;5;121m<gs.morphs.MJCF(file='/workspace/parcel-sorter-rocm/third_party/genesis-world/genesis/assets/xml/franka_emika_panda/panda.xml')>[0m[38;5;159m, material: [38;5;121m<gs.materials.Rigid>[0m[38;5;159m.[0m
[38;5;226m[Genesis] [14:31:06] [WARNING] (MJCF) Approximating tendon by joint actuator for `finger_joint1`[0m
[38;5;226m[Genesis] [14:31:06] [WARNING] (MJCF) Approximating tendon by joint actuator for `finger_joint2`[0m
[38;5;159m[Genesis] [14:31:06] [INFO] Adding [38;5;121m<gs.engine.entities.RigidEntity>[0m[38;5;159m. idx: [38;5;121m4[0m[38;5;159m, uid: [38;5;121m[3m<afbbc2c>[0m[38;5;159m, morph: [38;5;121m<gs.morphs.Box>[0m[38;5;159m, material: [38;5;121m<gs.materials.Rigid>[0m[38;5;159m.[0m
[38;5;159m[Genesis] [14:31:06] [INFO] Building scene [38;5;121m[3m<3f88689>[0m[38;5;159m...[0m
[38;5;226m[Genesis] [14:31:06] [WARNING] Neutral robot position (qpos0) exceeds joint limits.[0m
[38;5;226m[Genesis] [14:31:06] [WARNING] Constraint solver time constant should be greater than 2*substep_dt. timeconst is changed from `0.005` to `0.00833333`). Decrease simulation timestep or increase timeconst to avoid altering the original value.[0m
[38;5;226m[Genesis] [14:31:08] [WARNING] Filtered out geometry pairs causing self-collision for the neutral configuration (qpos0): (8, 13), (9, 13), (16, 23), (17, 22), (18, 25), (19, 24). Consider tuning Morph option 'decompose_robot_error_threshold' or specify dedicated collision meshes. This behavior can be disabled by setting Morph option 'enable_neutral_collision=True'.[0m
[38;5;159m[Genesis] [14:31:09] [INFO] Compiling simulation kernels...[0m
[38;5;159m[Genesis] [14:31:09] [INFO] Building visualizer...[0m
{"episode": 7100004, "profile": "large_narrow_carton", "success": false, "stage": "abort", "retries": 0}
[38;5;159m[Genesis] [14:31:18] [INFO] Scene [38;5;121m[3m<25c7a2e>[0m[38;5;159m created.[0m
[38;5;159m[Genesis] [14:31:18] [INFO] Adding [38;5;121m<gs.engine.entities.RigidEntity>[0m[38;5;159m. idx: [38;5;121m0[0m[38;5;159m, uid: [38;5;121m[3m<8aeb15b>[0m[38;5;159m, morph: [38;5;121m<gs.morphs.Plane>[0m[38;5;159m, material: [38;5;121m<gs.materials.Rigid>[0m[38;5;159m.[0m
[38;5;159m[Genesis] [14:31:18] [INFO] Adding [38;5;121m<gs.engine.entities.RigidEntity>[0m[38;5;159m. idx: [38;5;121m1[0m[38;5;159m, uid: [38;5;121m[3m<5011bbd>[0m[38;5;159m, morph: [38;5;121m<gs.morphs.Box>[0m[38;5;159m, material: [38;5;121m<gs.materials.Rigid>[0m[38;5;159m.[0m
[38;5;159m[Genesis] [14:31:18] [INFO] Adding [38;5;121m<gs.engine.entities.RigidEntity>[0m[38;5;159m. idx: [38;5;121m2[0m[38;5;159m, uid: [38;5;121m[3m<fe5f42c>[0m[38;5;159m, morph: [38;5;121m<gs.morphs.Box>[0m[38;5;159m, material: [38;5;121m<gs.materials.Rigid>[0m[38;5;159m.[0m
[38;5;159m[Genesis] [14:31:18] [INFO] Adding [38;5;121m<gs.engine.entities.RigidEntity>[0m[38;5;159m. idx: [38;5;121m3[0m[38;5;159m, uid: [38;5;121m[3m<2bbd2d0>[0m[38;5;159m, morph: [38;5;121m<gs.morphs.MJCF(file='/workspace/parcel-sorter-rocm/third_party/genesis-world/genesis/assets/xml/franka_emika_panda/panda.xml')>[0m[38;5;159m, material: [38;5;121m<gs.materials.Rigid>[0m[38;5;159m.[0m
[38;5;226m[Genesis] [14:31:18] [WARNING] (MJCF) Approximating tendon by joint actuator for `finger_joint1`[0m
[38;5;226m[Genesis] [14:31:18] [WARNING] (MJCF) Approximating tendon by joint actuator for `finger_joint2`[0m
[38;5;159m[Genesis] [14:31:18] [INFO] Adding [38;5;121m<gs.engine.entities.RigidEntity>[0m[38;5;159m. idx: [38;5;121m4[0m[38;5;159m, uid: [38;5;121m[3m<13a759d>[0m[38;5;159m, morph: [38;5;121m<gs.morphs.Cylinder>[0m[38;5;159m, material: [38;5;121m<gs.materials.Rigid>[0m[38;5;159m.[0m
[38;5;159m[Genesis] [14:31:18] [INFO] Building scene [38;5;121m[3m<25c7a2e>[0m[38;5;159m...[0m
[38;5;226m[Genesis] [14:31:18] [WARNING] Neutral robot position (qpos0) exceeds joint limits.[0m
[38;5;226m[Genesis] [14:31:18] [WARNING] Constraint solver time constant should be greater than 2*substep_dt. timeconst is changed from `0.005` to `0.00833333`). Decrease simulation timestep or increase timeconst to avoid altering the original value.[0m
[38;5;226m[Genesis] [14:31:19] [WARNING] Filtered out geometry pairs causing self-collision for the neutral configuration (qpos0): (8, 13), (9, 13), (16, 23), (17, 22), (18, 25), (19, 24). Consider tuning Morph option 'decompose_robot_error_threshold' or specify dedicated collision meshes. This behavior can be disabled by setting Morph option 'enable_neutral_collision=True'.[0m
[38;5;159m[Genesis] [14:31:20] [INFO] Compiling simulation kernels...[0m
[38;5;159m[Genesis] [14:31:20] [INFO] Building visualizer...[0m
{"episode": 8100000, "profile": "upright_canister", "success": true, "stage": "complete", "retries": 0}
[38;5;159m[Genesis] [14:31:26] [INFO] Scene [38;5;121m[3m<73a7c1d>[0m[38;5;159m created.[0m
[38;5;159m[Genesis] [14:31:26] [INFO] Adding [38;5;121m<gs.engine.entities.RigidEntity>[0m[38;5;159m. idx: [38;5;121m0[0m[38;5;159m, uid: [38;5;121m[3m<9e1ff8e>[0m[38;5;159m, morph: [38;5;121m<gs.morphs.Plane>[0m[38;5;159m, material: [38;5;121m<gs.materials.Rigid>[0m[38;5;159m.[0m
[38;5;159m[Genesis] [14:31:26] [INFO] Adding [38;5;121m<gs.engine.entities.RigidEntity>[0m[38;5;159m. idx: [38;5;121m1[0m[38;5;159m, uid: [38;5;121m[3m<f8cafa8>[0m[38;5;159m, morph: [38;5;121m<gs.morphs.Box>[0m[38;5;159m, material: [38;5;121m<gs.materials.Rigid>[0m[38;5;159m.[0m
[38;5;159m[Genesis] [14:31:26] [INFO] Adding [38;5;121m<gs.engine.entities.RigidEntity>[0m[38;5;159m. idx: [38;5;121m2[0m[38;5;159m, uid: [38;5;121m[3m<be729f1>[0m[38;5;159m, morph: [38;5;121m<gs.morphs.Box>[0m[38;5;159m, material: [38;5;121m<gs.materials.Rigid>[0m[38;5;159m.[0m
[38;5;159m[Genesis] [14:31:26] [INFO] Adding [38;5;121m<gs.engine.entities.RigidEntity>[0m[38;5;159m. idx: [38;5;121m3[0m[38;5;159m, uid: [38;5;121m[3m<6be5c16>[0m[38;5;159m, morph: [38;5;121m<gs.morphs.MJCF(file='/workspace/parcel-sorter-rocm/third_party/genesis-world/genesis/assets/xml/franka_emika_panda/panda.xml')>[0m[38;5;159m, material: [38;5;121m<gs.materials.Rigid>[0m[38;5;159m.[0m
[38;5;226m[Genesis] [14:31:27] [WARNING] (MJCF) Approximating tendon by joint actuator for `finger_joint1`[0m
[38;5;226m[Genesis] [14:31:27] [WARNING] (MJCF) Approximating tendon by joint actuator for `finger_joint2`[0m
[38;5;159m[Genesis] [14:31:27] [INFO] Adding [38;5;121m<gs.engine.entities.RigidEntity>[0m[38;5;159m. idx: [38;5;121m4[0m[38;5;159m, uid: [38;5;121m[3m<30afd1a>[0m[38;5;159m, morph: [38;5;121m<gs.morphs.Cylinder>[0m[38;5;159m, material: [38;5;121m<gs.materials.Rigid>[0m[38;5;159m.[0m
[38;5;159m[Genesis] [14:31:27] [INFO] Building scene [38;5;121m[3m<73a7c1d>[0m[38;5;159m...[0m
[38;5;226m[Genesis] [14:31:27] [WARNING] Neutral robot position (qpos0) exceeds joint limits.[0m
[38;5;226m[Genesis] [14:31:27] [WARNING] Constraint solver time constant should be greater than 2*substep_dt. timeconst is changed from `0.005` to `0.00833333`). Decrease simulation timestep or increase timeconst to avoid altering the original value.[0m
[38;5;226m[Genesis] [14:31:28] [WARNING] Filtered out geometry pairs causing self-collision for the neutral configuration (qpos0): (8, 13), (9, 13), (16, 23), (17, 22), (18, 25), (19, 24). Consider tuning Morph option 'decompose_robot_error_threshold' or specify dedicated collision meshes. This behavior can be disabled by setting Morph option 'enable_neutral_collision=True'.[0m
[38;5;159m[Genesis] [14:31:29] [INFO] Compiling simulation kernels...[0m
[38;5;159m[Genesis] [14:31:29] [INFO] Building visualizer...[0m
{"episode": 8100001, "profile": "upright_canister", "success": true, "stage": "complete", "retries": 0}
[38;5;159m[Genesis] [14:31:35] [INFO] Scene [38;5;121m[3m<7ea5cdd>[0m[38;5;159m created.[0m
[38;5;159m[Genesis] [14:31:35] [INFO] Adding [38;5;121m<gs.engine.entities.RigidEntity>[0m[38;5;159m. idx: [38;5;121m0[0m[38;5;159m, uid: [38;5;121m[3m<f098e2f>[0m[38;5;159m, morph: [38;5;121m<gs.morphs.Plane>[0m[38;5;159m, material: [38;5;121m<gs.materials.Rigid>[0m[38;5;159m.[0m
[38;5;159m[Genesis] [14:31:35] [INFO] Adding [38;5;121m<gs.engine.entities.RigidEntity>[0m[38;5;159m. idx: [38;5;121m1[0m[38;5;159m, uid: [38;5;121m[3m<13dcb11>[0m[38;5;159m, morph: [38;5;121m<gs.morphs.Box>[0m[38;5;159m, material: [38;5;121m<gs.materials.Rigid>[0m[38;5;159m.[0m
[38;5;159m[Genesis] [14:31:35] [INFO] Adding [38;5;121m<gs.engine.entities.RigidEntity>[0m[38;5;159m. idx: [38;5;121m2[0m[38;5;159m, uid: [38;5;121m[3m<2edef55>[0m[38;5;159m, morph: [38;5;121m<gs.morphs.Box>[0m[38;5;159m, material: [38;5;121m<gs.materials.Rigid>[0m[38;5;159m.[0m
[38;5;159m[Genesis] [14:31:35] [INFO] Adding [38;5;121m<gs.engine.entities.RigidEntity>[0m[38;5;159m. idx: [38;5;121m3[0m[38;5;159m, uid: [38;5;121m[3m<a1efb57>[0m[38;5;159m, morph: [38;5;121m<gs.morphs.MJCF(file='/workspace/parcel-sorter-rocm/third_party/genesis-world/genesis/assets/xml/franka_emika_panda/panda.xml')>[0m[38;5;159m, material: [38;5;121m<gs.materials.Rigid>[0m[38;5;159m.[0m
[38;5;226m[Genesis] [14:31:35] [WARNING] (MJCF) Approximating tendon by joint actuator for `finger_joint1`[0m
[38;5;226m[Genesis] [14:31:35] [WARNING] (MJCF) Approximating tendon by joint actuator for `finger_joint2`[0m
[38;5;159m[Genesis] [14:31:35] [INFO] Adding [38;5;121m<gs.engine.entities.RigidEntity>[0m[38;5;159m. idx: [38;5;121m4[0m[38;5;159m, uid: [38;5;121m[3m<d3b049c>[0m[38;5;159m, morph: [38;5;121m<gs.morphs.Cylinder>[0m[38;5;159m, material: [38;5;121m<gs.materials.Rigid>[0m[38;5;159m.[0m
[38;5;159m[Genesis] [14:31:35] [INFO] Building scene [38;5;121m[3m<7ea5cdd>[0m[38;5;159m...[0m
[38;5;226m[Genesis] [14:31:36] [WARNING] Neutral robot position (qpos0) exceeds joint limits.[0m
[38;5;226m[Genesis] [14:31:36] [WARNING] Constraint solver time constant should be greater than 2*substep_dt. timeconst is changed from `0.005` to `0.00833333`). Decrease simulation timestep or increase timeconst to avoid altering the original value.[0m
[38;5;226m[Genesis] [14:31:37] [WARNING] Filtered out geometry pairs causing self-collision for the neutral configuration (qpos0): (8, 13), (9, 13), (16, 23), (17, 22), (18, 25), (19, 24). Consider tuning Morph option 'decompose_robot_error_threshold' or specify dedicated collision meshes. This behavior can be disabled by setting Morph option 'enable_neutral_collision=True'.[0m
[38;5;159m[Genesis] [14:31:38] [INFO] Compiling simulation kernels...[0m
[38;5;159m[Genesis] [14:31:38] [INFO] Building visualizer...[0m
{"episode": 8100002, "profile": "upright_canister", "success": true, "stage": "complete", "retries": 0}
[38;5;159m[Genesis] [14:31:45] [INFO] Scene [38;5;121m[3m<21d6911>[0m[38;5;159m created.[0m
[38;5;159m[Genesis] [14:31:45] [INFO] Adding [38;5;121m<gs.engine.entities.RigidEntity>[0m[38;5;159m. idx: [38;5;121m0[0m[38;5;159m, uid: [38;5;121m[3m<6f95c2e>[0m[38;5;159m, morph: [38;5;121m<gs.morphs.Plane>[0m[38;5;159m, material: [38;5;121m<gs.materials.Rigid>[0m[38;5;159m.[0m
[38;5;159m[Genesis] [14:31:45] [INFO] Adding [38;5;121m<gs.engine.entities.RigidEntity>[0m[38;5;159m. idx: [38;5;121m1[0m[38;5;159m, uid: [38;5;121m[3m<3e44ac8>[0m[38;5;159m, morph: [38;5;121m<gs.morphs.Box>[0m[38;5;159m, material: [38;5;121m<gs.materials.Rigid>[0m[38;5;159m.[0m
[38;5;159m[Genesis] [14:31:45] [INFO] Adding [38;5;121m<gs.engine.entities.RigidEntity>[0m[38;5;159m. idx: [38;5;121m2[0m[38;5;159m, uid: [38;5;121m[3m<7b5517d>[0m[38;5;159m, morph: [38;5;121m<gs.morphs.Box>[0m[38;5;159m, material: [38;5;121m<gs.materials.Rigid>[0m[38;5;159m.[0m
[38;5;159m[Genesis] [14:31:45] [INFO] Adding [38;5;121m<gs.engine.entities.RigidEntity>[0m[38;5;159m. idx: [38;5;121m3[0m[38;5;159m, uid: [38;5;121m[3m<c792b30>[0m[38;5;159m, morph: [38;5;121m<gs.morphs.MJCF(file='/workspace/parcel-sorter-rocm/third_party/genesis-world/genesis/assets/xml/franka_emika_panda/panda.xml')>[0m[38;5;159m, material: [38;5;121m<gs.materials.Rigid>[0m[38;5;159m.[0m
[38;5;226m[Genesis] [14:31:46] [WARNING] (MJCF) Approximating tendon by joint actuator for `finger_joint1`[0m
[38;5;226m[Genesis] [14:31:46] [WARNING] (MJCF) Approximating tendon by joint actuator for `finger_joint2`[0m
[38;5;159m[Genesis] [14:31:46] [INFO] Adding [38;5;121m<gs.engine.entities.RigidEntity>[0m[38;5;159m. idx: [38;5;121m4[0m[38;5;159m, uid: [38;5;121m[3m<b4d2851>[0m[38;5;159m, morph: [38;5;121m<gs.morphs.Cylinder>[0m[38;5;159m, material: [38;5;121m<gs.materials.Rigid>[0m[38;5;159m.[0m
[38;5;159m[Genesis] [14:31:46] [INFO] Building scene [38;5;121m[3m<21d6911>[0m[38;5;159m...[0m
[38;5;226m[Genesis] [14:31:46] [WARNING] Neutral robot position (qpos0) exceeds joint limits.[0m
[38;5;226m[Genesis] [14:31:46] [WARNING] Constraint solver time constant should be greater than 2*substep_dt. timeconst is changed from `0.005` to `0.00833333`). Decrease simulation timestep or increase timeconst to avoid altering the original value.[0m
[38;5;226m[Genesis] [14:31:47] [WARNING] Filtered out geometry pairs causing self-collision for the neutral configuration (qpos0): (8, 13), (9, 13), (16, 23), (17, 22), (18, 25), (19, 24). Consider tuning Morph option 'decompose_robot_error_threshold' or specify dedicated collision meshes. This behavior can be disabled by setting Morph option 'enable_neutral_collision=True'.[0m
[38;5;159m[Genesis] [14:31:48] [INFO] Compiling simulation kernels...[0m
[38;5;159m[Genesis] [14:31:48] [INFO] Building visualizer...[0m
{"episode": 8100003, "profile": "upright_canister", "success": true, "stage": "complete", "retries": 0}
[38;5;159m[Genesis] [14:31:57] [INFO] Scene [38;5;121m[3m<c3cec1e>[0m[38;5;159m created.[0m
[38;5;159m[Genesis] [14:31:57] [INFO] Adding [38;5;121m<gs.engine.entities.RigidEntity>[0m[38;5;159m. idx: [38;5;121m0[0m[38;5;159m, uid: [38;5;121m[3m<1687307>[0m[38;5;159m, morph: [38;5;121m<gs.morphs.Plane>[0m[38;5;159m, material: [38;5;121m<gs.materials.Rigid>[0m[38;5;159m.[0m
[38;5;159m[Genesis] [14:31:57] [INFO] Adding [38;5;121m<gs.engine.entities.RigidEntity>[0m[38;5;159m. idx: [38;5;121m1[0m[38;5;159m, uid: [38;5;121m[3m<e3ed17d>[0m[38;5;159m, morph: [38;5;121m<gs.morphs.Box>[0m[38;5;159m, material: [38;5;121m<gs.materials.Rigid>[0m[38;5;159m.[0m
[38;5;159m[Genesis] [14:31:57] [INFO] Adding [38;5;121m<gs.engine.entities.RigidEntity>[0m[38;5;159m. idx: [38;5;121m2[0m[38;5;159m, uid: [38;5;121m[3m<c484d75>[0m[38;5;159m, morph: [38;5;121m<gs.morphs.Box>[0m[38;5;159m, material: [38;5;121m<gs.materials.Rigid>[0m[38;5;159m.[0m
[38;5;159m[Genesis] [14:31:57] [INFO] Adding [38;5;121m<gs.engine.entities.RigidEntity>[0m[38;5;159m. idx: [38;5;121m3[0m[38;5;159m, uid: [38;5;121m[3m<a201731>[0m[38;5;159m, morph: [38;5;121m<gs.morphs.MJCF(file='/workspace/parcel-sorter-rocm/third_party/genesis-world/genesis/assets/xml/franka_emika_panda/panda.xml')>[0m[38;5;159m, material: [38;5;121m<gs.materials.Rigid>[0m[38;5;159m.[0m
[38;5;226m[Genesis] [14:31:57] [WARNING] (MJCF) Approximating tendon by joint actuator for `finger_joint1`[0m
[38;5;226m[Genesis] [14:31:57] [WARNING] (MJCF) Approximating tendon by joint actuator for `finger_joint2`[0m
[38;5;159m[Genesis] [14:31:57] [INFO] Adding [38;5;121m<gs.engine.entities.RigidEntity>[0m[38;5;159m. idx: [38;5;121m4[0m[38;5;159m, uid: [38;5;121m[3m<1bb418e>[0m[38;5;159m, morph: [38;5;121m<gs.morphs.Cylinder>[0m[38;5;159m, material: [38;5;121m<gs.materials.Rigid>[0m[38;5;159m.[0m
[38;5;159m[Genesis] [14:31:57] [INFO] Building scene [38;5;121m[3m<c3cec1e>[0m[38;5;159m...[0m
[38;5;226m[Genesis] [14:31:57] [WARNING] Neutral robot position (qpos0) exceeds joint limits.[0m
[38;5;226m[Genesis] [14:31:57] [WARNING] Constraint solver time constant should be greater than 2*substep_dt. timeconst is changed from `0.005` to `0.00833333`). Decrease simulation timestep or increase timeconst to avoid altering the original value.[0m
[38;5;226m[Genesis] [14:31:58] [WARNING] Filtered out geometry pairs causing self-collision for the neutral configuration (qpos0): (8, 13), (9, 13), (16, 23), (17, 22), (18, 25), (19, 24). Consider tuning Morph option 'decompose_robot_error_threshold' or specify dedicated collision meshes. This behavior can be disabled by setting Morph option 'enable_neutral_collision=True'.[0m
[38;5;159m[Genesis] [14:31:59] [INFO] Compiling simulation kernels...[0m
[38;5;159m[Genesis] [14:32:00] [INFO] Building visualizer...[0m
{"episode": 8100004, "profile": "upright_canister", "success": true, "stage": "complete", "retries": 0}
[38;5;159m[Genesis] [14:32:06] [INFO] Scene [38;5;121m[3m<2d35c18>[0m[38;5;159m created.[0m
[38;5;159m[Genesis] [14:32:06] [INFO] Adding [38;5;121m<gs.engine.entities.RigidEntity>[0m[38;5;159m. idx: [38;5;121m0[0m[38;5;159m, uid: [38;5;121m[3m<3806e16>[0m[38;5;159m, morph: [38;5;121m<gs.morphs.Plane>[0m[38;5;159m, material: [38;5;121m<gs.materials.Rigid>[0m[38;5;159m.[0m
[38;5;159m[Genesis] [14:32:06] [INFO] Adding [38;5;121m<gs.engine.entities.RigidEntity>[0m[38;5;159m. idx: [38;5;121m1[0m[38;5;159m, uid: [38;5;121m[3m<0c143ff>[0m[38;5;159m, morph: [38;5;121m<gs.morphs.Box>[0m[38;5;159m, material: [38;5;121m<gs.materials.Rigid>[0m[38;5;159m.[0m
[38;5;159m[Genesis] [14:32:06] [INFO] Adding [38;5;121m<gs.engine.entities.RigidEntity>[0m[38;5;159m. idx: [38;5;121m2[0m[38;5;159m, uid: [38;5;121m[3m<adae7a3>[0m[38;5;159m, morph: [38;5;121m<gs.morphs.Box>[0m[38;5;159m, material: [38;5;121m<gs.materials.Rigid>[0m[38;5;159m.[0m
[38;5;159m[Genesis] [14:32:06] [INFO] Adding [38;5;121m<gs.engine.entities.RigidEntity>[0m[38;5;159m. idx: [38;5;121m3[0m[38;5;159m, uid: [38;5;121m[3m<b0bc772>[0m[38;5;159m, morph: [38;5;121m<gs.morphs.MJCF(file='/workspace/parcel-sorter-rocm/third_party/genesis-world/genesis/assets/xml/franka_emika_panda/panda.xml')>[0m[38;5;159m, material: [38;5;121m<gs.materials.Rigid>[0m[38;5;159m.[0m
[38;5;226m[Genesis] [14:32:07] [WARNING] (MJCF) Approximating tendon by joint actuator for `finger_joint1`[0m
[38;5;226m[Genesis] [14:32:07] [WARNING] (MJCF) Approximating tendon by joint actuator for `finger_joint2`[0m
[38;5;159m[Genesis] [14:32:07] [INFO] Adding [38;5;121m<gs.engine.entities.RigidEntity>[0m[38;5;159m. idx: [38;5;121m4[0m[38;5;159m, uid: [38;5;121m[3m<a9a69a7>[0m[38;5;159m, morph: [38;5;121m<gs.morphs.Cylinder>[0m[38;5;159m, material: [38;5;121m<gs.materials.Rigid>[0m[38;5;159m.[0m
[38;5;159m[Genesis] [14:32:07] [INFO] Building scene [38;5;121m[3m<2d35c18>[0m[38;5;159m...[0m
[38;5;226m[Genesis] [14:32:07] [WARNING] Neutral robot position (qpos0) exceeds joint limits.[0m
[38;5;226m[Genesis] [14:32:07] [WARNING] Constraint solver time constant should be greater than 2*substep_dt. timeconst is changed from `0.005` to `0.00833333`). Decrease simulation timestep or increase timeconst to avoid altering the original value.[0m
[38;5;226m[Genesis] [14:32:08] [WARNING] Filtered out geometry pairs causing self-collision for the neutral configuration (qpos0): (8, 13), (9, 13), (16, 23), (17, 22), (18, 25), (19, 24). Consider tuning Morph option 'decompose_robot_error_threshold' or specify dedicated collision meshes. This behavior can be disabled by setting Morph option 'enable_neutral_collision=True'.[0m
[38;5;159m[Genesis] [14:32:09] [INFO] Compiling simulation kernels...[0m
[38;5;159m[Genesis] [14:32:10] [INFO] Building visualizer...[0m
{"episode": 9100000, "profile": "mailing_tube", "success": false, "stage": "approach", "retries": 0}
[38;5;159m[Genesis] [14:32:28] [INFO] Scene [38;5;121m[3m<50fd61f>[0m[38;5;159m created.[0m
[38;5;159m[Genesis] [14:32:28] [INFO] Adding [38;5;121m<gs.engine.entities.RigidEntity>[0m[38;5;159m. idx: [38;5;121m0[0m[38;5;159m, uid: [38;5;121m[3m<f421cb0>[0m[38;5;159m, morph: [38;5;121m<gs.morphs.Plane>[0m[38;5;159m, material: [38;5;121m<gs.materials.Rigid>[0m[38;5;159m.[0m
[38;5;159m[Genesis] [14:32:28] [INFO] Adding [38;5;121m<gs.engine.entities.RigidEntity>[0m[38;5;159m. idx: [38;5;121m1[0m[38;5;159m, uid: [38;5;121m[3m<c7bb5da>[0m[38;5;159m, morph: [38;5;121m<gs.morphs.Box>[0m[38;5;159m, material: [38;5;121m<gs.materials.Rigid>[0m[38;5;159m.[0m
[38;5;159m[Genesis] [14:32:28] [INFO] Adding [38;5;121m<gs.engine.entities.RigidEntity>[0m[38;5;159m. idx: [38;5;121m2[0m[38;5;159m, uid: [38;5;121m[3m<cf3c8cb>[0m[38;5;159m, morph: [38;5;121m<gs.morphs.Box>[0m[38;5;159m, material: [38;5;121m<gs.materials.Rigid>[0m[38;5;159m.[0m
[38;5;159m[Genesis] [14:32:28] [INFO] Adding [38;5;121m<gs.engine.entities.RigidEntity>[0m[38;5;159m. idx: [38;5;121m3[0m[38;5;159m, uid: [38;5;121m[3m<0ff7760>[0m[38;5;159m, morph: [38;5;121m<gs.morphs.MJCF(file='/workspace/parcel-sorter-rocm/third_party/genesis-world/genesis/assets/xml/franka_emika_panda/panda.xml')>[0m[38;5;159m, material: [38;5;121m<gs.materials.Rigid>[0m[38;5;159m.[0m
[38;5;226m[Genesis] [14:32:28] [WARNING] (MJCF) Approximating tendon by joint actuator for `finger_joint1`[0m
[38;5;226m[Genesis] [14:32:28] [WARNING] (MJCF) Approximating tendon by joint actuator for `finger_joint2`[0m
[38;5;159m[Genesis] [14:32:28] [INFO] Adding [38;5;121m<gs.engine.entities.RigidEntity>[0m[38;5;159m. idx: [38;5;121m4[0m[38;5;159m, uid: [38;5;121m[3m<0f5554a>[0m[38;5;159m, morph: [38;5;121m<gs.morphs.Cylinder>[0m[38;5;159m, material: [38;5;121m<gs.materials.Rigid>[0m[38;5;159m.[0m
[38;5;159m[Genesis] [14:32:28] [INFO] Building scene [38;5;121m[3m<50fd61f>[0m[38;5;159m...[0m
[38;5;226m[Genesis] [14:32:28] [WARNING] Neutral robot position (qpos0) exceeds joint limits.[0m
[38;5;226m[Genesis] [14:32:28] [WARNING] Constraint solver time constant should be greater than 2*substep_dt. timeconst is changed from `0.005` to `0.00833333`). Decrease simulation timestep or increase timeconst to avoid altering the original value.[0m
[38;5;226m[Genesis] [14:32:29] [WARNING] Filtered out geometry pairs causing self-collision for the neutral configuration (qpos0): (8, 13), (9, 13), (16, 23), (17, 22), (18, 25), (19, 24). Consider tuning Morph option 'decompose_robot_error_threshold' or specify dedicated collision meshes. This behavior can be disabled by setting Morph option 'enable_neutral_collision=True'.[0m
[38;5;159m[Genesis] [14:32:30] [INFO] Compiling simulation kernels...[0m
[38;5;159m[Genesis] [14:32:31] [INFO] Building visualizer...[0m
{"episode": 9100001, "profile": "mailing_tube", "success": false, "stage": "abort", "retries": 2}
[38;5;159m[Genesis] [14:32:46] [INFO] Scene [38;5;121m[3m<82f887c>[0m[38;5;159m created.[0m
[38;5;159m[Genesis] [14:32:46] [INFO] Adding [38;5;121m<gs.engine.entities.RigidEntity>[0m[38;5;159m. idx: [38;5;121m0[0m[38;5;159m, uid: [38;5;121m[3m<3c88150>[0m[38;5;159m, morph: [38;5;121m<gs.morphs.Plane>[0m[38;5;159m, material: [38;5;121m<gs.materials.Rigid>[0m[38;5;159m.[0m
[38;5;159m[Genesis] [14:32:46] [INFO] Adding [38;5;121m<gs.engine.entities.RigidEntity>[0m[38;5;159m. idx: [38;5;121m1[0m[38;5;159m, uid: [38;5;121m[3m<a17a5ab>[0m[38;5;159m, morph: [38;5;121m<gs.morphs.Box>[0m[38;5;159m, material: [38;5;121m<gs.materials.Rigid>[0m[38;5;159m.[0m
[38;5;159m[Genesis] [14:32:46] [INFO] Adding [38;5;121m<gs.engine.entities.RigidEntity>[0m[38;5;159m. idx: [38;5;121m2[0m[38;5;159m, uid: [38;5;121m[3m<de3c0c2>[0m[38;5;159m, morph: [38;5;121m<gs.morphs.Box>[0m[38;5;159m, material: [38;5;121m<gs.materials.Rigid>[0m[38;5;159m.[0m
[38;5;159m[Genesis] [14:32:46] [INFO] Adding [38;5;121m<gs.engine.entities.RigidEntity>[0m[38;5;159m. idx: [38;5;121m3[0m[38;5;159m, uid: [38;5;121m[3m<1247ea8>[0m[38;5;159m, morph: [38;5;121m<gs.morphs.MJCF(file='/workspace/parcel-sorter-rocm/third_party/genesis-world/genesis/assets/xml/franka_emika_panda/panda.xml')>[0m[38;5;159m, material: [38;5;121m<gs.materials.Rigid>[0m[38;5;159m.[0m
[38;5;226m[Genesis] [14:32:47] [WARNING] (MJCF) Approximating tendon by joint actuator for `finger_joint1`[0m
[38;5;226m[Genesis] [14:32:47] [WARNING] (MJCF) Approximating tendon by joint actuator for `finger_joint2`[0m
[38;5;159m[Genesis] [14:32:47] [INFO] Adding [38;5;121m<gs.engine.entities.RigidEntity>[0m[38;5;159m. idx: [38;5;121m4[0m[38;5;159m, uid: [38;5;121m[3m<443826c>[0m[38;5;159m, morph: [38;5;121m<gs.morphs.Cylinder>[0m[38;5;159m, material: [38;5;121m<gs.materials.Rigid>[0m[38;5;159m.[0m
[38;5;159m[Genesis] [14:32:47] [INFO] Building scene [38;5;121m[3m<82f887c>[0m[38;5;159m...[0m
[38;5;226m[Genesis] [14:32:47] [WARNING] Neutral robot position (qpos0) exceeds joint limits.[0m
[38;5;226m[Genesis] [14:32:47] [WARNING] Constraint solver time constant should be greater than 2*substep_dt. timeconst is changed from `0.005` to `0.00833333`). Decrease simulation timestep or increase timeconst to avoid altering the original value.[0m
[38;5;226m[Genesis] [14:32:48] [WARNING] Filtered out geometry pairs causing self-collision for the neutral configuration (qpos0): (8, 13), (9, 13), (16, 23), (17, 22), (18, 25), (19, 24). Consider tuning Morph option 'decompose_robot_error_threshold' or specify dedicated collision meshes. This behavior can be disabled by setting Morph option 'enable_neutral_collision=True'.[0m
[38;5;159m[Genesis] [14:32:49] [INFO] Compiling simulation kernels...[0m
[38;5;159m[Genesis] [14:32:49] [INFO] Building visualizer...[0m
{"episode": 9100002, "profile": "mailing_tube", "success": false, "stage": "release", "retries": 1}
[38;5;159m[Genesis] [14:33:19] [INFO] Scene [38;5;121m[3m<6ed45bb>[0m[38;5;159m created.[0m
[38;5;159m[Genesis] [14:33:19] [INFO] Adding [38;5;121m<gs.engine.entities.RigidEntity>[0m[38;5;159m. idx: [38;5;121m0[0m[38;5;159m, uid: [38;5;121m[3m<a0b8bae>[0m[38;5;159m, morph: [38;5;121m<gs.morphs.Plane>[0m[38;5;159m, material: [38;5;121m<gs.materials.Rigid>[0m[38;5;159m.[0m
[38;5;159m[Genesis] [14:33:19] [INFO] Adding [38;5;121m<gs.engine.entities.RigidEntity>[0m[38;5;159m. idx: [38;5;121m1[0m[38;5;159m, uid: [38;5;121m[3m<699c247>[0m[38;5;159m, morph: [38;5;121m<gs.morphs.Box>[0m[38;5;159m, material: [38;5;121m<gs.materials.Rigid>[0m[38;5;159m.[0m
[38;5;159m[Genesis] [14:33:19] [INFO] Adding [38;5;121m<gs.engine.entities.RigidEntity>[0m[38;5;159m. idx: [38;5;121m2[0m[38;5;159m, uid: [38;5;121m[3m<65ebc9d>[0m[38;5;159m, morph: [38;5;121m<gs.morphs.Box>[0m[38;5;159m, material: [38;5;121m<gs.materials.Rigid>[0m[38;5;159m.[0m
[38;5;159m[Genesis] [14:33:19] [INFO] Adding [38;5;121m<gs.engine.entities.RigidEntity>[0m[38;5;159m. idx: [38;5;121m3[0m[38;5;159m, uid: [38;5;121m[3m<fb2ebd5>[0m[38;5;159m, morph: [38;5;121m<gs.morphs.MJCF(file='/workspace/parcel-sorter-rocm/third_party/genesis-world/genesis/assets/xml/franka_emika_panda/panda.xml')>[0m[38;5;159m, material: [38;5;121m<gs.materials.Rigid>[0m[38;5;159m.[0m
[38;5;226m[Genesis] [14:33:20] [WARNING] (MJCF) Approximating tendon by joint actuator for `finger_joint1`[0m
[38;5;226m[Genesis] [14:33:20] [WARNING] (MJCF) Approximating tendon by joint actuator for `finger_joint2`[0m
[38;5;159m[Genesis] [14:33:20] [INFO] Adding [38;5;121m<gs.engine.entities.RigidEntity>[0m[38;5;159m. idx: [38;5;121m4[0m[38;5;159m, uid: [38;5;121m[3m<713866f>[0m[38;5;159m, morph: [38;5;121m<gs.morphs.Cylinder>[0m[38;5;159m, material: [38;5;121m<gs.materials.Rigid>[0m[38;5;159m.[0m
[38;5;159m[Genesis] [14:33:20] [INFO] Building scene [38;5;121m[3m<6ed45bb>[0m[38;5;159m...[0m
[38;5;226m[Genesis] [14:33:20] [WARNING] Neutral robot position (qpos0) exceeds joint limits.[0m
[38;5;226m[Genesis] [14:33:20] [WARNING] Constraint solver time constant should be greater than 2*substep_dt. timeconst is changed from `0.005` to `0.00833333`). Decrease simulation timestep or increase timeconst to avoid altering the original value.[0m
[38;5;226m[Genesis] [14:33:21] [WARNING] Filtered out geometry pairs causing self-collision for the neutral configuration (qpos0): (8, 13), (9, 13), (16, 23), (17, 22), (18, 25), (19, 24). Consider tuning Morph option 'decompose_robot_error_threshold' or specify dedicated collision meshes. This behavior can be disabled by setting Morph option 'enable_neutral_collision=True'.[0m
[38;5;159m[Genesis] [14:33:22] [INFO] Compiling simulation kernels...[0m
[38;5;159m[Genesis] [14:33:23] [INFO] Building visualizer...[0m
{"episode": 9100003, "profile": "mailing_tube", "success": false, "stage": "approach", "retries": 0}
[38;5;159m[Genesis] [14:33:40] [INFO] Scene [38;5;121m[3m<f866796>[0m[38;5;159m created.[0m
[38;5;159m[Genesis] [14:33:40] [INFO] Adding [38;5;121m<gs.engine.entities.RigidEntity>[0m[38;5;159m. idx: [38;5;121m0[0m[38;5;159m, uid: [38;5;121m[3m<1f88add>[0m[38;5;159m, morph: [38;5;121m<gs.morphs.Plane>[0m[38;5;159m, material: [38;5;121m<gs.materials.Rigid>[0m[38;5;159m.[0m
[38;5;159m[Genesis] [14:33:40] [INFO] Adding [38;5;121m<gs.engine.entities.RigidEntity>[0m[38;5;159m. idx: [38;5;121m1[0m[38;5;159m, uid: [38;5;121m[3m<2ae1c9e>[0m[38;5;159m, morph: [38;5;121m<gs.morphs.Box>[0m[38;5;159m, material: [38;5;121m<gs.materials.Rigid>[0m[38;5;159m.[0m
[38;5;159m[Genesis] [14:33:40] [INFO] Adding [38;5;121m<gs.engine.entities.RigidEntity>[0m[38;5;159m. idx: [38;5;121m2[0m[38;5;159m, uid: [38;5;121m[3m<b40600a>[0m[38;5;159m, morph: [38;5;121m<gs.morphs.Box>[0m[38;5;159m, material: [38;5;121m<gs.materials.Rigid>[0m[38;5;159m.[0m
[38;5;159m[Genesis] [14:33:40] [INFO] Adding [38;5;121m<gs.engine.entities.RigidEntity>[0m[38;5;159m. idx: [38;5;121m3[0m[38;5;159m, uid: [38;5;121m[3m<b9d4375>[0m[38;5;159m, morph: [38;5;121m<gs.morphs.MJCF(file='/workspace/parcel-sorter-rocm/third_party/genesis-world/genesis/assets/xml/franka_emika_panda/panda.xml')>[0m[38;5;159m, material: [38;5;121m<gs.materials.Rigid>[0m[38;5;159m.[0m
[38;5;226m[Genesis] [14:33:41] [WARNING] (MJCF) Approximating tendon by joint actuator for `finger_joint1`[0m
[38;5;226m[Genesis] [14:33:41] [WARNING] (MJCF) Approximating tendon by joint actuator for `finger_joint2`[0m
[38;5;159m[Genesis] [14:33:41] [INFO] Adding [38;5;121m<gs.engine.entities.RigidEntity>[0m[38;5;159m. idx: [38;5;121m4[0m[38;5;159m, uid: [38;5;121m[3m<ba4d09d>[0m[38;5;159m, morph: [38;5;121m<gs.morphs.Cylinder>[0m[38;5;159m, material: [38;5;121m<gs.materials.Rigid>[0m[38;5;159m.[0m
[38;5;159m[Genesis] [14:33:41] [INFO] Building scene [38;5;121m[3m<f866796>[0m[38;5;159m...[0m
[38;5;226m[Genesis] [14:33:41] [WARNING] Neutral robot position (qpos0) exceeds joint limits.[0m
[38;5;226m[Genesis] [14:33:41] [WARNING] Constraint solver time constant should be greater than 2*substep_dt. timeconst is changed from `0.005` to `0.00833333`). Decrease simulation timestep or increase timeconst to avoid altering the original value.[0m
[38;5;226m[Genesis] [14:33:42] [WARNING] Filtered out geometry pairs causing self-collision for the neutral configuration (qpos0): (8, 13), (9, 13), (16, 23), (17, 22), (18, 25), (19, 24). Consider tuning Morph option 'decompose_robot_error_threshold' or specify dedicated collision meshes. This behavior can be disabled by setting Morph option 'enable_neutral_collision=True'.[0m
[38;5;159m[Genesis] [14:33:43] [INFO] Compiling simulation kernels...[0m
[38;5;159m[Genesis] [14:33:44] [INFO] Building visualizer...[0m
{"episode": 9100004, "profile": "mailing_tube", "success": true, "stage": "complete", "retries": 1}
[38;5;159m[Genesis] [14:34:06] [INFO] Scene [38;5;121m[3m<0c60613>[0m[38;5;159m created.[0m
[38;5;159m[Genesis] [14:34:06] [INFO] Adding [38;5;121m<gs.engine.entities.RigidEntity>[0m[38;5;159m. idx: [38;5;121m0[0m[38;5;159m, uid: [38;5;121m[3m<f614463>[0m[38;5;159m, morph: [38;5;121m<gs.morphs.Plane>[0m[38;5;159m, material: [38;5;121m<gs.materials.Rigid>[0m[38;5;159m.[0m
[38;5;159m[Genesis] [14:34:06] [INFO] Adding [38;5;121m<gs.engine.entities.RigidEntity>[0m[38;5;159m. idx: [38;5;121m1[0m[38;5;159m, uid: [38;5;121m[3m<6b916c1>[0m[38;5;159m, morph: [38;5;121m<gs.morphs.Box>[0m[38;5;159m, material: [38;5;121m<gs.materials.Rigid>[0m[38;5;159m.[0m
[38;5;159m[Genesis] [14:34:06] [INFO] Adding [38;5;121m<gs.engine.entities.RigidEntity>[0m[38;5;159m. idx: [38;5;121m2[0m[38;5;159m, uid: [38;5;121m[3m<c5e29de>[0m[38;5;159m, morph: [38;5;121m<gs.morphs.Box>[0m[38;5;159m, material: [38;5;121m<gs.materials.Rigid>[0m[38;5;159m.[0m
[38;5;159m[Genesis] [14:34:06] [INFO] Adding [38;5;121m<gs.engine.entities.RigidEntity>[0m[38;5;159m. idx: [38;5;121m3[0m[38;5;159m, uid: [38;5;121m[3m<eccfeaf>[0m[38;5;159m, morph: [38;5;121m<gs.morphs.MJCF(file='/workspace/parcel-sorter-rocm/third_party/genesis-world/genesis/assets/xml/franka_emika_panda/panda.xml')>[0m[38;5;159m, material: [38;5;121m<gs.materials.Rigid>[0m[38;5;159m.[0m
[38;5;226m[Genesis] [14:34:06] [WARNING] (MJCF) Approximating tendon by joint actuator for `finger_joint1`[0m
[38;5;226m[Genesis] [14:34:06] [WARNING] (MJCF) Approximating tendon by joint actuator for `finger_joint2`[0m
[38;5;159m[Genesis] [14:34:06] [INFO] Adding [38;5;121m<gs.engine.entities.RigidEntity>[0m[38;5;159m. idx: [38;5;121m4[0m[38;5;159m, uid: [38;5;121m[3m<00c1379>[0m[38;5;159m, morph: [38;5;121m<gs.morphs.Box>[0m[38;5;159m, material: [38;5;121m<gs.materials.Rigid>[0m[38;5;159m.[0m
[38;5;159m[Genesis] [14:34:06] [INFO] Building scene [38;5;121m[3m<0c60613>[0m[38;5;159m...[0m
[38;5;226m[Genesis] [14:34:07] [WARNING] Neutral robot position (qpos0) exceeds joint limits.[0m
[38;5;226m[Genesis] [14:34:07] [WARNING] Constraint solver time constant should be greater than 2*substep_dt. timeconst is changed from `0.005` to `0.00833333`). Decrease simulation timestep or increase timeconst to avoid altering the original value.[0m
[38;5;226m[Genesis] [14:34:08] [WARNING] Filtered out geometry pairs causing self-collision for the neutral configuration (qpos0): (8, 13), (9, 13), (16, 23), (17, 22), (18, 25), (19, 24). Consider tuning Morph option 'decompose_robot_error_threshold' or specify dedicated collision meshes. This behavior can be disabled by setting Morph option 'enable_neutral_collision=True'.[0m
[38;5;159m[Genesis] [14:34:09] [INFO] Compiling simulation kernels...[0m
[38;5;159m[Genesis] [14:34:09] [INFO] Building visualizer...[0m
{"episode": 15100000, "profile": "near_limit_box", "success": true, "stage": "complete", "retries": 0}
[38;5;159m[Genesis] [14:34:16] [INFO] Scene [38;5;121m[3m<d43dfea>[0m[38;5;159m created.[0m
[38;5;159m[Genesis] [14:34:16] [INFO] Adding [38;5;121m<gs.engine.entities.RigidEntity>[0m[38;5;159m. idx: [38;5;121m0[0m[38;5;159m, uid: [38;5;121m[3m<4956aed>[0m[38;5;159m, morph: [38;5;121m<gs.morphs.Plane>[0m[38;5;159m, material: [38;5;121m<gs.materials.Rigid>[0m[38;5;159m.[0m
[38;5;159m[Genesis] [14:34:16] [INFO] Adding [38;5;121m<gs.engine.entities.RigidEntity>[0m[38;5;159m. idx: [38;5;121m1[0m[38;5;159m, uid: [38;5;121m[3m<8e75db3>[0m[38;5;159m, morph: [38;5;121m<gs.morphs.Box>[0m[38;5;159m, material: [38;5;121m<gs.materials.Rigid>[0m[38;5;159m.[0m
[38;5;159m[Genesis] [14:34:16] [INFO] Adding [38;5;121m<gs.engine.entities.RigidEntity>[0m[38;5;159m. idx: [38;5;121m2[0m[38;5;159m, uid: [38;5;121m[3m<b489bb1>[0m[38;5;159m, morph: [38;5;121m<gs.morphs.Box>[0m[38;5;159m, material: [38;5;121m<gs.materials.Rigid>[0m[38;5;159m.[0m
[38;5;159m[Genesis] [14:34:16] [INFO] Adding [38;5;121m<gs.engine.entities.RigidEntity>[0m[38;5;159m. idx: [38;5;121m3[0m[38;5;159m, uid: [38;5;121m[3m<784eeca>[0m[38;5;159m, morph: [38;5;121m<gs.morphs.MJCF(file='/workspace/parcel-sorter-rocm/third_party/genesis-world/genesis/assets/xml/franka_emika_panda/panda.xml')>[0m[38;5;159m, material: [38;5;121m<gs.materials.Rigid>[0m[38;5;159m.[0m
[38;5;226m[Genesis] [14:34:16] [WARNING] (MJCF) Approximating tendon by joint actuator for `finger_joint1`[0m
[38;5;226m[Genesis] [14:34:16] [WARNING] (MJCF) Approximating tendon by joint actuator for `finger_joint2`[0m
[38;5;159m[Genesis] [14:34:16] [INFO] Adding [38;5;121m<gs.engine.entities.RigidEntity>[0m[38;5;159m. idx: [38;5;121m4[0m[38;5;159m, uid: [38;5;121m[3m<6aa0024>[0m[38;5;159m, morph: [38;5;121m<gs.morphs.Box>[0m[38;5;159m, material: [38;5;121m<gs.materials.Rigid>[0m[38;5;159m.[0m
[38;5;159m[Genesis] [14:34:16] [INFO] Building scene [38;5;121m[3m<d43dfea>[0m[38;5;159m...[0m
[38;5;226m[Genesis] [14:34:17] [WARNING] Neutral robot position (qpos0) exceeds joint limits.[0m
[38;5;226m[Genesis] [14:34:17] [WARNING] Constraint solver time constant should be greater than 2*substep_dt. timeconst is changed from `0.005` to `0.00833333`). Decrease simulation timestep or increase timeconst to avoid altering the original value.[0m
[38;5;226m[Genesis] [14:34:18] [WARNING] Filtered out geometry pairs causing self-collision for the neutral configuration (qpos0): (8, 13), (9, 13), (16, 23), (17, 22), (18, 25), (19, 24). Consider tuning Morph option 'decompose_robot_error_threshold' or specify dedicated collision meshes. This behavior can be disabled by setting Morph option 'enable_neutral_collision=True'.[0m
[38;5;159m[Genesis] [14:34:19] [INFO] Compiling simulation kernels...[0m
[38;5;159m[Genesis] [14:34:19] [INFO] Building visualizer...[0m
{"episode": 15100001, "profile": "near_limit_box", "success": false, "stage": "abort", "retries": 0}
[38;5;159m[Genesis] [14:34:23] [INFO] Scene [38;5;121m[3m<d7ffbfb>[0m[38;5;159m created.[0m
[38;5;159m[Genesis] [14:34:23] [INFO] Adding [38;5;121m<gs.engine.entities.RigidEntity>[0m[38;5;159m. idx: [38;5;121m0[0m[38;5;159m, uid: [38;5;121m[3m<b628306>[0m[38;5;159m, morph: [38;5;121m<gs.morphs.Plane>[0m[38;5;159m, material: [38;5;121m<gs.materials.Rigid>[0m[38;5;159m.[0m
[38;5;159m[Genesis] [14:34:23] [INFO] Adding [38;5;121m<gs.engine.entities.RigidEntity>[0m[38;5;159m. idx: [38;5;121m1[0m[38;5;159m, uid: [38;5;121m[3m<4c16cf9>[0m[38;5;159m, morph: [38;5;121m<gs.morphs.Box>[0m[38;5;159m, material: [38;5;121m<gs.materials.Rigid>[0m[38;5;159m.[0m
[38;5;159m[Genesis] [14:34:23] [INFO] Adding [38;5;121m<gs.engine.entities.RigidEntity>[0m[38;5;159m. idx: [38;5;121m2[0m[38;5;159m, uid: [38;5;121m[3m<f0bf80a>[0m[38;5;159m, morph: [38;5;121m<gs.morphs.Box>[0m[38;5;159m, material: [38;5;121m<gs.materials.Rigid>[0m[38;5;159m.[0m
[38;5;159m[Genesis] [14:34:23] [INFO] Adding [38;5;121m<gs.engine.entities.RigidEntity>[0m[38;5;159m. idx: [38;5;121m3[0m[38;5;159m, uid: [38;5;121m[3m<e63832c>[0m[38;5;159m, morph: [38;5;121m<gs.morphs.MJCF(file='/workspace/parcel-sorter-rocm/third_party/genesis-world/genesis/assets/xml/franka_emika_panda/panda.xml')>[0m[38;5;159m, material: [38;5;121m<gs.materials.Rigid>[0m[38;5;159m.[0m
[38;5;226m[Genesis] [14:34:23] [WARNING] (MJCF) Approximating tendon by joint actuator for `finger_joint1`[0m
[38;5;226m[Genesis] [14:34:23] [WARNING] (MJCF) Approximating tendon by joint actuator for `finger_joint2`[0m
[38;5;159m[Genesis] [14:34:23] [INFO] Adding [38;5;121m<gs.engine.entities.RigidEntity>[0m[38;5;159m. idx: [38;5;121m4[0m[38;5;159m, uid: [38;5;121m[3m<22a9527>[0m[38;5;159m, morph: [38;5;121m<gs.morphs.Box>[0m[38;5;159m, material: [38;5;121m<gs.materials.Rigid>[0m[38;5;159m.[0m
[38;5;159m[Genesis] [14:34:23] [INFO] Building scene [38;5;121m[3m<d7ffbfb>[0m[38;5;159m...[0m
[38;5;226m[Genesis] [14:34:24] [WARNING] Neutral robot position (qpos0) exceeds joint limits.[0m
[38;5;226m[Genesis] [14:34:24] [WARNING] Constraint solver time constant should be greater than 2*substep_dt. timeconst is changed from `0.005` to `0.00833333`). Decrease simulation timestep or increase timeconst to avoid altering the original value.[0m
[38;5;226m[Genesis] [14:34:25] [WARNING] Filtered out geometry pairs causing self-collision for the neutral configuration (qpos0): (8, 13), (9, 13), (16, 23), (17, 22), (18, 25), (19, 24). Consider tuning Morph option 'decompose_robot_error_threshold' or specify dedicated collision meshes. This behavior can be disabled by setting Morph option 'enable_neutral_collision=True'.[0m
[38;5;159m[Genesis] [14:34:26] [INFO] Compiling simulation kernels...[0m
[38;5;159m[Genesis] [14:34:26] [INFO] Building visualizer...[0m
{"episode": 15100002, "profile": "near_limit_box", "success": false, "stage": "abort", "retries": 0}
[38;5;159m[Genesis] [14:34:30] [INFO] Scene [38;5;121m[3m<83b73dc>[0m[38;5;159m created.[0m
[38;5;159m[Genesis] [14:34:30] [INFO] Adding [38;5;121m<gs.engine.entities.RigidEntity>[0m[38;5;159m. idx: [38;5;121m0[0m[38;5;159m, uid: [38;5;121m[3m<4323430>[0m[38;5;159m, morph: [38;5;121m<gs.morphs.Plane>[0m[38;5;159m, material: [38;5;121m<gs.materials.Rigid>[0m[38;5;159m.[0m
[38;5;159m[Genesis] [14:34:30] [INFO] Adding [38;5;121m<gs.engine.entities.RigidEntity>[0m[38;5;159m. idx: [38;5;121m1[0m[38;5;159m, uid: [38;5;121m[3m<4b5ed1b>[0m[38;5;159m, morph: [38;5;121m<gs.morphs.Box>[0m[38;5;159m, material: [38;5;121m<gs.materials.Rigid>[0m[38;5;159m.[0m
[38;5;159m[Genesis] [14:34:30] [INFO] Adding [38;5;121m<gs.engine.entities.RigidEntity>[0m[38;5;159m. idx: [38;5;121m2[0m[38;5;159m, uid: [38;5;121m[3m<4dc815b>[0m[38;5;159m, morph: [38;5;121m<gs.morphs.Box>[0m[38;5;159m, material: [38;5;121m<gs.materials.Rigid>[0m[38;5;159m.[0m
[38;5;159m[Genesis] [14:34:30] [INFO] Adding [38;5;121m<gs.engine.entities.RigidEntity>[0m[38;5;159m. idx: [38;5;121m3[0m[38;5;159m, uid: [38;5;121m[3m<1fdfe02>[0m[38;5;159m, morph: [38;5;121m<gs.morphs.MJCF(file='/workspace/parcel-sorter-rocm/third_party/genesis-world/genesis/assets/xml/franka_emika_panda/panda.xml')>[0m[38;5;159m, material: [38;5;121m<gs.materials.Rigid>[0m[38;5;159m.[0m
[38;5;226m[Genesis] [14:34:30] [WARNING] (MJCF) Approximating tendon by joint actuator for `finger_joint1`[0m
[38;5;226m[Genesis] [14:34:30] [WARNING] (MJCF) Approximating tendon by joint actuator for `finger_joint2`[0m
[38;5;159m[Genesis] [14:34:30] [INFO] Adding [38;5;121m<gs.engine.entities.RigidEntity>[0m[38;5;159m. idx: [38;5;121m4[0m[38;5;159m, uid: [38;5;121m[3m<71cb6ed>[0m[38;5;159m, morph: [38;5;121m<gs.morphs.Box>[0m[38;5;159m, material: [38;5;121m<gs.materials.Rigid>[0m[38;5;159m.[0m
[38;5;159m[Genesis] [14:34:30] [INFO] Building scene [38;5;121m[3m<83b73dc>[0m[38;5;159m...[0m
[38;5;226m[Genesis] [14:34:30] [WARNING] Neutral robot position (qpos0) exceeds joint limits.[0m
[38;5;226m[Genesis] [14:34:31] [WARNING] Constraint solver time constant should be greater than 2*substep_dt. timeconst is changed from `0.005` to `0.00833333`). Decrease simulation timestep or increase timeconst to avoid altering the original value.[0m
[38;5;226m[Genesis] [14:34:32] [WARNING] Filtered out geometry pairs causing self-collision for the neutral configuration (qpos0): (8, 13), (9, 13), (16, 23), (17, 22), (18, 25), (19, 24). Consider tuning Morph option 'decompose_robot_error_threshold' or specify dedicated collision meshes. This behavior can be disabled by setting Morph option 'enable_neutral_collision=True'.[0m
[38;5;159m[Genesis] [14:34:33] [INFO] Compiling simulation kernels...[0m
[38;5;159m[Genesis] [14:34:33] [INFO] Building visualizer...[0m
{"episode": 15100003, "profile": "near_limit_box", "success": false, "stage": "abort", "retries": 0}
[38;5;159m[Genesis] [14:34:37] [INFO] Scene [38;5;121m[3m<73acc34>[0m[38;5;159m created.[0m
[38;5;159m[Genesis] [14:34:37] [INFO] Adding [38;5;121m<gs.engine.entities.RigidEntity>[0m[38;5;159m. idx: [38;5;121m0[0m[38;5;159m, uid: [38;5;121m[3m<e0f03e5>[0m[38;5;159m, morph: [38;5;121m<gs.morphs.Plane>[0m[38;5;159m, material: [38;5;121m<gs.materials.Rigid>[0m[38;5;159m.[0m
[38;5;159m[Genesis] [14:34:37] [INFO] Adding [38;5;121m<gs.engine.entities.RigidEntity>[0m[38;5;159m. idx: [38;5;121m1[0m[38;5;159m, uid: [38;5;121m[3m<6be0d11>[0m[38;5;159m, morph: [38;5;121m<gs.morphs.Box>[0m[38;5;159m, material: [38;5;121m<gs.materials.Rigid>[0m[38;5;159m.[0m
[38;5;159m[Genesis] [14:34:37] [INFO] Adding [38;5;121m<gs.engine.entities.RigidEntity>[0m[38;5;159m. idx: [38;5;121m2[0m[38;5;159m, uid: [38;5;121m[3m<1d429ce>[0m[38;5;159m, morph: [38;5;121m<gs.morphs.Box>[0m[38;5;159m, material: [38;5;121m<gs.materials.Rigid>[0m[38;5;159m.[0m
[38;5;159m[Genesis] [14:34:37] [INFO] Adding [38;5;121m<gs.engine.entities.RigidEntity>[0m[38;5;159m. idx: [38;5;121m3[0m[38;5;159m, uid: [38;5;121m[3m<04017d3>[0m[38;5;159m, morph: [38;5;121m<gs.morphs.MJCF(file='/workspace/parcel-sorter-rocm/third_party/genesis-world/genesis/assets/xml/franka_emika_panda/panda.xml')>[0m[38;5;159m, material: [38;5;121m<gs.materials.Rigid>[0m[38;5;159m.[0m
[38;5;226m[Genesis] [14:34:37] [WARNING] (MJCF) Approximating tendon by joint actuator for `finger_joint1`[0m
[38;5;226m[Genesis] [14:34:37] [WARNING] (MJCF) Approximating tendon by joint actuator for `finger_joint2`[0m
[38;5;159m[Genesis] [14:34:37] [INFO] Adding [38;5;121m<gs.engine.entities.RigidEntity>[0m[38;5;159m. idx: [38;5;121m4[0m[38;5;159m, uid: [38;5;121m[3m<0daf5f7>[0m[38;5;159m, morph: [38;5;121m<gs.morphs.Box>[0m[38;5;159m, material: [38;5;121m<gs.materials.Rigid>[0m[38;5;159m.[0m
[38;5;159m[Genesis] [14:34:37] [INFO] Building scene [38;5;121m[3m<73acc34>[0m[38;5;159m...[0m
[38;5;226m[Genesis] [14:34:37] [WARNING] Neutral robot position (qpos0) exceeds joint limits.[0m
[38;5;226m[Genesis] [14:34:38] [WARNING] Constraint solver time constant should be greater than 2*substep_dt. timeconst is changed from `0.005` to `0.00833333`). Decrease simulation timestep or increase timeconst to avoid altering the original value.[0m
[38;5;226m[Genesis] [14:34:39] [WARNING] Filtered out geometry pairs causing self-collision for the neutral configuration (qpos0): (8, 13), (9, 13), (16, 23), (17, 22), (18, 25), (19, 24). Consider tuning Morph option 'decompose_robot_error_threshold' or specify dedicated collision meshes. This behavior can be disabled by setting Morph option 'enable_neutral_collision=True'.[0m
[38;5;159m[Genesis] [14:34:40] [INFO] Compiling simulation kernels...[0m
[38;5;159m[Genesis] [14:34:40] [INFO] Building visualizer...[0m
{"episode": 15100004, "profile": "near_limit_box", "success": false, "stage": "abort", "retries": 0}
[38;5;159m[Genesis] [14:34:44] [INFO] Scene [38;5;121m[3m<5b584b2>[0m[38;5;159m created.[0m
[38;5;159m[Genesis] [14:34:44] [INFO] Adding [38;5;121m<gs.engine.entities.RigidEntity>[0m[38;5;159m. idx: [38;5;121m0[0m[38;5;159m, uid: [38;5;121m[3m<9267454>[0m[38;5;159m, morph: [38;5;121m<gs.morphs.Plane>[0m[38;5;159m, material: [38;5;121m<gs.materials.Rigid>[0m[38;5;159m.[0m
[38;5;159m[Genesis] [14:34:44] [INFO] Adding [38;5;121m<gs.engine.entities.RigidEntity>[0m[38;5;159m. idx: [38;5;121m1[0m[38;5;159m, uid: [38;5;121m[3m<ed76763>[0m[38;5;159m, morph: [38;5;121m<gs.morphs.Box>[0m[38;5;159m, material: [38;5;121m<gs.materials.Rigid>[0m[38;5;159m.[0m
[38;5;159m[Genesis] [14:34:44] [INFO] Adding [38;5;121m<gs.engine.entities.RigidEntity>[0m[38;5;159m. idx: [38;5;121m2[0m[38;5;159m, uid: [38;5;121m[3m<ded8bbe>[0m[38;5;159m, morph: [38;5;121m<gs.morphs.Box>[0m[38;5;159m, material: [38;5;121m<gs.materials.Rigid>[0m[38;5;159m.[0m
[38;5;159m[Genesis] [14:34:44] [INFO] Adding [38;5;121m<gs.engine.entities.RigidEntity>[0m[38;5;159m. idx: [38;5;121m3[0m[38;5;159m, uid: [38;5;121m[3m<9d8a18c>[0m[38;5;159m, morph: [38;5;121m<gs.morphs.MJCF(file='/workspace/parcel-sorter-rocm/third_party/genesis-world/genesis/assets/xml/franka_emika_panda/panda.xml')>[0m[38;5;159m, material: [38;5;121m<gs.materials.Rigid>[0m[38;5;159m.[0m
[38;5;226m[Genesis] [14:34:44] [WARNING] (MJCF) Approximating tendon by joint actuator for `finger_joint1`[0m
[38;5;226m[Genesis] [14:34:44] [WARNING] (MJCF) Approximating tendon by joint actuator for `finger_joint2`[0m
[38;5;159m[Genesis] [14:34:44] [INFO] Adding [38;5;121m<gs.engine.entities.RigidEntity>[0m[38;5;159m. idx: [38;5;121m4[0m[38;5;159m, uid: [38;5;121m[3m<c4c791f>[0m[38;5;159m, morph: [38;5;121m<gs.morphs.Box>[0m[38;5;159m, material: [38;5;121m<gs.materials.Rigid>[0m[38;5;159m.[0m
[38;5;159m[Genesis] [14:34:44] [INFO] Building scene [38;5;121m[3m<5b584b2>[0m[38;5;159m...[0m
[38;5;226m[Genesis] [14:34:45] [WARNING] Neutral robot position (qpos0) exceeds joint limits.[0m
[38;5;226m[Genesis] [14:34:45] [WARNING] Constraint solver time constant should be greater than 2*substep_dt. timeconst is changed from `0.005` to `0.00833333`). Decrease simulation timestep or increase timeconst to avoid altering the original value.[0m
[38;5;226m[Genesis] [14:34:46] [WARNING] Filtered out geometry pairs causing self-collision for the neutral configuration (qpos0): (8, 13), (9, 13), (16, 23), (17, 22), (18, 25), (19, 24). Consider tuning Morph option 'decompose_robot_error_threshold' or specify dedicated collision meshes. This behavior can be disabled by setting Morph option 'enable_neutral_collision=True'.[0m
[38;5;159m[Genesis] [14:34:47] [INFO] Compiling simulation kernels...[0m
[38;5;159m[Genesis] [14:34:48] [INFO] Building visualizer...[0m
{"episode": 16100000, "profile": "electronics_box", "success": true, "stage": "complete", "retries": 0}
[38;5;159m[Genesis] [14:34:57] [INFO] Scene [38;5;121m[3m<7c0d47b>[0m[38;5;159m created.[0m
[38;5;159m[Genesis] [14:34:57] [INFO] Adding [38;5;121m<gs.engine.entities.RigidEntity>[0m[38;5;159m. idx: [38;5;121m0[0m[38;5;159m, uid: [38;5;121m[3m<503acd0>[0m[38;5;159m, morph: [38;5;121m<gs.morphs.Plane>[0m[38;5;159m, material: [38;5;121m<gs.materials.Rigid>[0m[38;5;159m.[0m
[38;5;159m[Genesis] [14:34:57] [INFO] Adding [38;5;121m<gs.engine.entities.RigidEntity>[0m[38;5;159m. idx: [38;5;121m1[0m[38;5;159m, uid: [38;5;121m[3m<4dbc320>[0m[38;5;159m, morph: [38;5;121m<gs.morphs.Box>[0m[38;5;159m, material: [38;5;121m<gs.materials.Rigid>[0m[38;5;159m.[0m
[38;5;159m[Genesis] [14:34:57] [INFO] Adding [38;5;121m<gs.engine.entities.RigidEntity>[0m[38;5;159m. idx: [38;5;121m2[0m[38;5;159m, uid: [38;5;121m[3m<a9b3812>[0m[38;5;159m, morph: [38;5;121m<gs.morphs.Box>[0m[38;5;159m, material: [38;5;121m<gs.materials.Rigid>[0m[38;5;159m.[0m
[38;5;159m[Genesis] [14:34:57] [INFO] Adding [38;5;121m<gs.engine.entities.RigidEntity>[0m[38;5;159m. idx: [38;5;121m3[0m[38;5;159m, uid: [38;5;121m[3m<b836fd0>[0m[38;5;159m, morph: [38;5;121m<gs.morphs.MJCF(file='/workspace/parcel-sorter-rocm/third_party/genesis-world/genesis/assets/xml/franka_emika_panda/panda.xml')>[0m[38;5;159m, material: [38;5;121m<gs.materials.Rigid>[0m[38;5;159m.[0m
[38;5;226m[Genesis] [14:34:57] [WARNING] (MJCF) Approximating tendon by joint actuator for `finger_joint1`[0m
[38;5;226m[Genesis] [14:34:57] [WARNING] (MJCF) Approximating tendon by joint actuator for `finger_joint2`[0m
[38;5;159m[Genesis] [14:34:57] [INFO] Adding [38;5;121m<gs.engine.entities.RigidEntity>[0m[38;5;159m. idx: [38;5;121m4[0m[38;5;159m, uid: [38;5;121m[3m<1162665>[0m[38;5;159m, morph: [38;5;121m<gs.morphs.Box>[0m[38;5;159m, material: [38;5;121m<gs.materials.Rigid>[0m[38;5;159m.[0m
[38;5;159m[Genesis] [14:34:57] [INFO] Building scene [38;5;121m[3m<7c0d47b>[0m[38;5;159m...[0m
[38;5;226m[Genesis] [14:34:57] [WARNING] Neutral robot position (qpos0) exceeds joint limits.[0m
[38;5;226m[Genesis] [14:34:57] [WARNING] Constraint solver time constant should be greater than 2*substep_dt. timeconst is changed from `0.005` to `0.00833333`). Decrease simulation timestep or increase timeconst to avoid altering the original value.[0m
[38;5;226m[Genesis] [14:34:59] [WARNING] Filtered out geometry pairs causing self-collision for the neutral configuration (qpos0): (8, 13), (9, 13), (16, 23), (17, 22), (18, 25), (19, 24). Consider tuning Morph option 'decompose_robot_error_threshold' or specify dedicated collision meshes. This behavior can be disabled by setting Morph option 'enable_neutral_collision=True'.[0m
[38;5;159m[Genesis] [14:35:00] [INFO] Compiling simulation kernels...[0m
[38;5;159m[Genesis] [14:35:00] [INFO] Building visualizer...[0m
{"episode": 16100001, "profile": "electronics_box", "success": true, "stage": "complete", "retries": 0}
[38;5;159m[Genesis] [14:35:08] [INFO] Scene [38;5;121m[3m<844057c>[0m[38;5;159m created.[0m
[38;5;159m[Genesis] [14:35:08] [INFO] Adding [38;5;121m<gs.engine.entities.RigidEntity>[0m[38;5;159m. idx: [38;5;121m0[0m[38;5;159m, uid: [38;5;121m[3m<b6a6a15>[0m[38;5;159m, morph: [38;5;121m<gs.morphs.Plane>[0m[38;5;159m, material: [38;5;121m<gs.materials.Rigid>[0m[38;5;159m.[0m
[38;5;159m[Genesis] [14:35:08] [INFO] Adding [38;5;121m<gs.engine.entities.RigidEntity>[0m[38;5;159m. idx: [38;5;121m1[0m[38;5;159m, uid: [38;5;121m[3m<9dbbcc6>[0m[38;5;159m, morph: [38;5;121m<gs.morphs.Box>[0m[38;5;159m, material: [38;5;121m<gs.materials.Rigid>[0m[38;5;159m.[0m
[38;5;159m[Genesis] [14:35:08] [INFO] Adding [38;5;121m<gs.engine.entities.RigidEntity>[0m[38;5;159m. idx: [38;5;121m2[0m[38;5;159m, uid: [38;5;121m[3m<87e3186>[0m[38;5;159m, morph: [38;5;121m<gs.morphs.Box>[0m[38;5;159m, material: [38;5;121m<gs.materials.Rigid>[0m[38;5;159m.[0m
[38;5;159m[Genesis] [14:35:08] [INFO] Adding [38;5;121m<gs.engine.entities.RigidEntity>[0m[38;5;159m. idx: [38;5;121m3[0m[38;5;159m, uid: [38;5;121m[3m<65a36a4>[0m[38;5;159m, morph: [38;5;121m<gs.morphs.MJCF(file='/workspace/parcel-sorter-rocm/third_party/genesis-world/genesis/assets/xml/franka_emika_panda/panda.xml')>[0m[38;5;159m, material: [38;5;121m<gs.materials.Rigid>[0m[38;5;159m.[0m
[38;5;226m[Genesis] [14:35:08] [WARNING] (MJCF) Approximating tendon by joint actuator for `finger_joint1`[0m
[38;5;226m[Genesis] [14:35:08] [WARNING] (MJCF) Approximating tendon by joint actuator for `finger_joint2`[0m
[38;5;159m[Genesis] [14:35:08] [INFO] Adding [38;5;121m<gs.engine.entities.RigidEntity>[0m[38;5;159m. idx: [38;5;121m4[0m[38;5;159m, uid: [38;5;121m[3m<7e04531>[0m[38;5;159m, morph: [38;5;121m<gs.morphs.Box>[0m[38;5;159m, material: [38;5;121m<gs.materials.Rigid>[0m[38;5;159m.[0m
[38;5;159m[Genesis] [14:35:08] [INFO] Building scene [38;5;121m[3m<844057c>[0m[38;5;159m...[0m
[38;5;226m[Genesis] [14:35:08] [WARNING] Neutral robot position (qpos0) exceeds joint limits.[0m
[38;5;226m[Genesis] [14:35:08] [WARNING] Constraint solver time constant should be greater than 2*substep_dt. timeconst is changed from `0.005` to `0.00833333`). Decrease simulation timestep or increase timeconst to avoid altering the original value.[0m
[38;5;226m[Genesis] [14:35:09] [WARNING] Filtered out geometry pairs causing self-collision for the neutral configuration (qpos0): (8, 13), (9, 13), (16, 23), (17, 22), (18, 25), (19, 24). Consider tuning Morph option 'decompose_robot_error_threshold' or specify dedicated collision meshes. This behavior can be disabled by setting Morph option 'enable_neutral_collision=True'.[0m
[38;5;159m[Genesis] [14:35:10] [INFO] Compiling simulation kernels...[0m
[38;5;159m[Genesis] [14:35:11] [INFO] Building visualizer...[0m
{"episode": 16100002, "profile": "electronics_box", "success": false, "stage": "abort", "retries": 1}
[38;5;159m[Genesis] [14:35:25] [INFO] Scene [38;5;121m[3m<de847b3>[0m[38;5;159m created.[0m
[38;5;159m[Genesis] [14:35:25] [INFO] Adding [38;5;121m<gs.engine.entities.RigidEntity>[0m[38;5;159m. idx: [38;5;121m0[0m[38;5;159m, uid: [38;5;121m[3m<19b8ece>[0m[38;5;159m, morph: [38;5;121m<gs.morphs.Plane>[0m[38;5;159m, material: [38;5;121m<gs.materials.Rigid>[0m[38;5;159m.[0m
[38;5;159m[Genesis] [14:35:25] [INFO] Adding [38;5;121m<gs.engine.entities.RigidEntity>[0m[38;5;159m. idx: [38;5;121m1[0m[38;5;159m, uid: [38;5;121m[3m<5c4e08d>[0m[38;5;159m, morph: [38;5;121m<gs.morphs.Box>[0m[38;5;159m, material: [38;5;121m<gs.materials.Rigid>[0m[38;5;159m.[0m
[38;5;159m[Genesis] [14:35:25] [INFO] Adding [38;5;121m<gs.engine.entities.RigidEntity>[0m[38;5;159m. idx: [38;5;121m2[0m[38;5;159m, uid: [38;5;121m[3m<eae9906>[0m[38;5;159m, morph: [38;5;121m<gs.morphs.Box>[0m[38;5;159m, material: [38;5;121m<gs.materials.Rigid>[0m[38;5;159m.[0m
[38;5;159m[Genesis] [14:35:25] [INFO] Adding [38;5;121m<gs.engine.entities.RigidEntity>[0m[38;5;159m. idx: [38;5;121m3[0m[38;5;159m, uid: [38;5;121m[3m<823416b>[0m[38;5;159m, morph: [38;5;121m<gs.morphs.MJCF(file='/workspace/parcel-sorter-rocm/third_party/genesis-world/genesis/assets/xml/franka_emika_panda/panda.xml')>[0m[38;5;159m, material: [38;5;121m<gs.materials.Rigid>[0m[38;5;159m.[0m
[38;5;226m[Genesis] [14:35:25] [WARNING] (MJCF) Approximating tendon by joint actuator for `finger_joint1`[0m
[38;5;226m[Genesis] [14:35:25] [WARNING] (MJCF) Approximating tendon by joint actuator for `finger_joint2`[0m
[38;5;159m[Genesis] [14:35:25] [INFO] Adding [38;5;121m<gs.engine.entities.RigidEntity>[0m[38;5;159m. idx: [38;5;121m4[0m[38;5;159m, uid: [38;5;121m[3m<055f5bb>[0m[38;5;159m, morph: [38;5;121m<gs.morphs.Box>[0m[38;5;159m, material: [38;5;121m<gs.materials.Rigid>[0m[38;5;159m.[0m
[38;5;159m[Genesis] [14:35:25] [INFO] Building scene [38;5;121m[3m<de847b3>[0m[38;5;159m...[0m
[38;5;226m[Genesis] [14:35:25] [WARNING] Neutral robot position (qpos0) exceeds joint limits.[0m
[38;5;226m[Genesis] [14:35:25] [WARNING] Constraint solver time constant should be greater than 2*substep_dt. timeconst is changed from `0.005` to `0.00833333`). Decrease simulation timestep or increase timeconst to avoid altering the original value.[0m
[38;5;226m[Genesis] [14:35:27] [WARNING] Filtered out geometry pairs causing self-collision for the neutral configuration (qpos0): (8, 13), (9, 13), (16, 23), (17, 22), (18, 25), (19, 24). Consider tuning Morph option 'decompose_robot_error_threshold' or specify dedicated collision meshes. This behavior can be disabled by setting Morph option 'enable_neutral_collision=True'.[0m
[38;5;159m[Genesis] [14:35:28] [INFO] Compiling simulation kernels...[0m
[38;5;159m[Genesis] [14:35:28] [INFO] Building visualizer...[0m
{"episode": 16100003, "profile": "electronics_box", "success": false, "stage": "abort", "retries": 2}
[38;5;159m[Genesis] [14:35:34] [INFO] Scene [38;5;121m[3m<36f53b1>[0m[38;5;159m created.[0m
[38;5;159m[Genesis] [14:35:34] [INFO] Adding [38;5;121m<gs.engine.entities.RigidEntity>[0m[38;5;159m. idx: [38;5;121m0[0m[38;5;159m, uid: [38;5;121m[3m<05b07f2>[0m[38;5;159m, morph: [38;5;121m<gs.morphs.Plane>[0m[38;5;159m, material: [38;5;121m<gs.materials.Rigid>[0m[38;5;159m.[0m
[38;5;159m[Genesis] [14:35:34] [INFO] Adding [38;5;121m<gs.engine.entities.RigidEntity>[0m[38;5;159m. idx: [38;5;121m1[0m[38;5;159m, uid: [38;5;121m[3m<37c5465>[0m[38;5;159m, morph: [38;5;121m<gs.morphs.Box>[0m[38;5;159m, material: [38;5;121m<gs.materials.Rigid>[0m[38;5;159m.[0m
[38;5;159m[Genesis] [14:35:34] [INFO] Adding [38;5;121m<gs.engine.entities.RigidEntity>[0m[38;5;159m. idx: [38;5;121m2[0m[38;5;159m, uid: [38;5;121m[3m<e497ad3>[0m[38;5;159m, morph: [38;5;121m<gs.morphs.Box>[0m[38;5;159m, material: [38;5;121m<gs.materials.Rigid>[0m[38;5;159m.[0m
[38;5;159m[Genesis] [14:35:34] [INFO] Adding [38;5;121m<gs.engine.entities.RigidEntity>[0m[38;5;159m. idx: [38;5;121m3[0m[38;5;159m, uid: [38;5;121m[3m<7c03de7>[0m[38;5;159m, morph: [38;5;121m<gs.morphs.MJCF(file='/workspace/parcel-sorter-rocm/third_party/genesis-world/genesis/assets/xml/franka_emika_panda/panda.xml')>[0m[38;5;159m, material: [38;5;121m<gs.materials.Rigid>[0m[38;5;159m.[0m
[38;5;226m[Genesis] [14:35:35] [WARNING] (MJCF) Approximating tendon by joint actuator for `finger_joint1`[0m
[38;5;226m[Genesis] [14:35:35] [WARNING] (MJCF) Approximating tendon by joint actuator for `finger_joint2`[0m
[38;5;159m[Genesis] [14:35:35] [INFO] Adding [38;5;121m<gs.engine.entities.RigidEntity>[0m[38;5;159m. idx: [38;5;121m4[0m[38;5;159m, uid: [38;5;121m[3m<d5ee379>[0m[38;5;159m, morph: [38;5;121m<gs.morphs.Box>[0m[38;5;159m, material: [38;5;121m<gs.materials.Rigid>[0m[38;5;159m.[0m
[38;5;159m[Genesis] [14:35:35] [INFO] Building scene [38;5;121m[3m<36f53b1>[0m[38;5;159m...[0m
[38;5;226m[Genesis] [14:35:35] [WARNING] Neutral robot position (qpos0) exceeds joint limits.[0m
[38;5;226m[Genesis] [14:35:35] [WARNING] Constraint solver time constant should be greater than 2*substep_dt. timeconst is changed from `0.005` to `0.00833333`). Decrease simulation timestep or increase timeconst to avoid altering the original value.[0m
[38;5;226m[Genesis] [14:35:36] [WARNING] Filtered out geometry pairs causing self-collision for the neutral configuration (qpos0): (8, 13), (9, 13), (16, 23), (17, 22), (18, 25), (19, 24). Consider tuning Morph option 'decompose_robot_error_threshold' or specify dedicated collision meshes. This behavior can be disabled by setting Morph option 'enable_neutral_collision=True'.[0m
[38;5;159m[Genesis] [14:35:37] [INFO] Compiling simulation kernels...[0m
[38;5;159m[Genesis] [14:35:37] [INFO] Building visualizer...[0m
{"episode": 16100004, "profile": "electronics_box", "success": false, "stage": "abort", "retries": 0}
{
  "episodes": 60,
  "successes": 38,
  "success_rate": 0.6333333333333333,
  "success_rate_ci95_low": 0.5068300063010303,
  "success_rate_ci95_high": 0.7437908331277456,
  "first_attempt_successes": 34,
  "first_attempt_success_rate": 0.5666666666666667,
  "first_attempt_success_rate_ci95_low": 0.44103438776125564,
  "first_attempt_success_rate_ci95_high": 0.6842760319531324,
  "retry_episodes": 14,
  "recovered_episodes": 4,
  "recovery_success_rate": 0.2857142857142857,
  "recovery_success_rate_ci95_low": 0.11721378644576919,
  "recovery_success_rate_ci95_high": 0.5464908432989318,
  "dropped_episodes": 0,
  "drop_rate": 0.0,
  "drop_rate_ci95_low": 0.0,
  "drop_rate_ci95_high": 0.06017185214208986,
  "mean_duration_seconds": 6.381666666666666,
  "successful_parcels_per_hour": 357.27343954034995,
  "mean_inference_latency_ms": 0.027884868017666927,
  "p95_inference_latency_ms": 0.037069,
  "max_contact_force_n": 117.12872314453125
}
[38;5;159m[Genesis] [14:35:43] [INFO] 💤 Exiting Genesis and caching compiled kernels...[0m
