Using Radeon Python environment: /workspace/rdna


============================ ROCm System Management Interface ============================
================================== Memory Usage (Bytes) ==================================
GPU[0]		: VRAM Total Memory (B): 51522830336
GPU[0]		: VRAM Total Used Memory (B): 28028928
==========================================================================================
====================================== Product Info ======================================
GPU[0]		: Card Series: 		AMD Radeon Graphics
GPU[0]		: Card Model: 		0x744b
GPU[0]		: Card Vendor: 		Advanced Micro Devices, Inc. [AMD/ATI]
GPU[0]		: Card SKU: 		D7070910
GPU[0]		: Subsystem ID: 	0x0e0c
GPU[0]		: Device Rev: 		0x00
GPU[0]		: Node ID: 		2
GPU[0]		: GUID: 		6853
GPU[0]		: GFX Version: 		gfx1100
==========================================================================================
================================== End of ROCm SMI Log ===================================
{
  "python": "3.12.3",
  "torch": "2.9.1+rocm7.2.1.gitff65f5bc",
  "rocm": "7.2.53211-e1a6bc5663",
  "device": "AMD Radeon Graphics",
  "device_count": 1
}
Radeon Cloud preflight passed.
campaign_id=parcel-sorter-geometry-screen-v1
fingerprint=60c16ed7d8e8fc820dfe858fbebe80b4daf9ada509f0c02337fef4e7febf2989
evaluation_episodes=60
experiments=3
{
  "episode_count": 60,
  "contact_force_threshold_n": 35.0,
  "config_difference_paths": [
    "control.collision_checked_reset_enabled"
  ],
  "baseline_summary": {
    "episodes": 60,
    "successes": 36,
    "success_rate": 0.6,
    "success_rate_ci95_low": 0.4736605349204075,
    "success_rate_ci95_high": 0.7143050946511744,
    "first_attempt_successes": 32,
    "first_attempt_success_rate": 0.5333333333333333,
    "first_attempt_success_rate_ci95_low": 0.4089342702715789,
    "first_attempt_success_rate_ci95_high": 0.6537209395856151,
    "retry_episodes": 13,
    "recovered_episodes": 4,
    "recovery_success_rate": 0.3076923076923077,
    "recovery_success_rate_ci95_low": 0.12680703655710515,
    "recovery_success_rate_ci95_high": 0.5763065681945096,
    "dropped_episodes": 0,
    "drop_rate": 0.0,
    "drop_rate_ci95_low": 0.0,
    "drop_rate_ci95_high": 0.06017185214208986,
    "mean_duration_seconds": 6.392222222222221,
    "successful_parcels_per_hour": 337.91065531027294,
    "mean_inference_latency_ms": 0.02733767148045659,
    "p95_inference_latency_ms": 0.035769,
    "max_contact_force_n": 139.03369140625
  },
  "candidate_summary": {
    "episodes": 60,
    "successes": 38,
    "success_rate": 0.6333333333333333,
    "success_rate_ci95_low": 0.5068300063010303,
    "success_rate_ci95_high": 0.7437908331277456,
    "first_attempt_successes": 34,
    "first_attempt_success_rate": 0.5666666666666667,
    "first_attempt_success_rate_ci95_low": 0.44103438776125564,
    "first_attempt_success_rate_ci95_high": 0.6842760319531324,
    "retry_episodes": 14,
    "recovered_episodes": 4,
    "recovery_success_rate": 0.2857142857142857,
    "recovery_success_rate_ci95_low": 0.11721378644576919,
    "recovery_success_rate_ci95_high": 0.5464908432989318,
    "dropped_episodes": 0,
    "drop_rate": 0.0,
    "drop_rate_ci95_low": 0.0,
    "drop_rate_ci95_high": 0.06017185214208986,
    "mean_duration_seconds": 6.381666666666666,
    "successful_parcels_per_hour": 357.27343954034995,
    "mean_inference_latency_ms": 0.027884868017666927,
    "p95_inference_latency_ms": 0.037069,
    "max_contact_force_n": 117.12872314453125
  },
  "success_rate_delta": 0.033333333333333326,
  "throughput_ratio": 1.0573014905738853,
  "recovered_episode_indices": [
    100002,
    2100001,
    4100001,
    4100002,
    5100001,
    8100004
  ],
  "regressed_episode_indices": [
    6100002,
    7100002,
    15100002,
    16100002
  ],
  "force_improved_episode_indices": [
    100002,
    2100001,
    2100002,
    2100003,
    3100001,
    4100001,
    4100002,
    5100001,
    5100002,
    6100001,
    7100003,
    8100004,
    9100002,
    15100001,
    15100003,
    16100004
  ],
  "baseline_force_abort_indices": [
    100002,
    2100004,
    3100001,
    3100004,
    4100001,
    4100002,
    5100001,
    5100002,
    6100001,
    7100000,
    7100003,
    7100004,
    9100002,
    15100001,
    15100003,
    16100004
  ],
  "candidate_force_abort_indices": [
    2100004,
    3100004,
    5100002,
    6100001,
    6100002,
    7100000,
    7100002,
    7100003,
    7100004,
    15100001,
    15100002,
    15100003,
    15100004,
    16100002,
    16100004
  ],
  "baseline_precontact_aabb_guard": {
    "enabled": false,
    "filter_count": 0,
    "max_active_steps": 0,
    "samples": 0,
    "compute_ms_total": 0.0,
    "compute_ms_mean": 0.0
  },
  "candidate_precontact_aabb_guard": {
    "enabled": false,
    "filter_count": 0,
    "max_active_steps": 0,
    "samples": 0,
    "compute_ms_total": 0.0,
    "compute_ms_mean": 0.0
  },
  "baseline_approach_velocity_control": {
    "enabled": false,
    "samples": 0,
    "compute_ms_total": 0.0,
    "compute_ms_mean": 0.0,
    "max_joint_command_rad_s": 0.0,
    "max_pose_error_m": 0.0
  },
  "candidate_approach_velocity_control": {
    "enabled": false,
    "samples": 0,
    "compute_ms_total": 0.0,
    "compute_ms_mean": 0.0,
    "max_joint_command_rad_s": 0.0,
    "max_pose_error_m": 0.0
  },
  "baseline_collision_checked_reset": {
    "enabled": false,
    "episodes_checked": 0,
    "fallback_episodes": 0,
    "initial_collision_pairs": 0,
    "fallback_collision_pairs": 0,
    "compute_ms_total": 0,
    "compute_ms_mean": 0.0
  },
  "candidate_collision_checked_reset": {
    "enabled": true,
    "episodes_checked": 60,
    "fallback_episodes": 23,
    "initial_collision_pairs": 94,
    "fallback_collision_pairs": 0,
    "compute_ms_total": 139.07476,
    "compute_ms_mean": 2.3179126666666665
  },
  "acceptance": {
    "success_rate_at_least_0_90": false,
    "force_abort_rate_at_most_0_05": false,
    "drop_rate_not_increased": true,
    "throughput_retained_at_least_0_85": true
  },
  "recommendation": "repeat_or_reject"
}
{
  "episode_count": 60,
  "contact_force_threshold_n": 35.0,
  "config_difference_paths": [
    "task.geometry_aware_grasp_planning_enabled"
  ],
  "baseline_summary": {
    "episodes": 60,
    "successes": 38,
    "success_rate": 0.6333333333333333,
    "success_rate_ci95_low": 0.5068300063010303,
    "success_rate_ci95_high": 0.7437908331277456,
    "first_attempt_successes": 34,
    "first_attempt_success_rate": 0.5666666666666667,
    "first_attempt_success_rate_ci95_low": 0.44103438776125564,
    "first_attempt_success_rate_ci95_high": 0.6842760319531324,
    "retry_episodes": 14,
    "recovered_episodes": 4,
    "recovery_success_rate": 0.2857142857142857,
    "recovery_success_rate_ci95_low": 0.11721378644576919,
    "recovery_success_rate_ci95_high": 0.5464908432989318,
    "dropped_episodes": 0,
    "drop_rate": 0.0,
    "drop_rate_ci95_low": 0.0,
    "drop_rate_ci95_high": 0.06017185214208986,
    "mean_duration_seconds": 6.381666666666666,
    "successful_parcels_per_hour": 357.27343954034995,
    "mean_inference_latency_ms": 0.027884868017666927,
    "p95_inference_latency_ms": 0.037069,
    "max_contact_force_n": 117.12872314453125
  },
  "candidate_summary": {
    "episodes": 60,
    "successes": 38,
    "success_rate": 0.6333333333333333,
    "success_rate_ci95_low": 0.5068300063010303,
    "success_rate_ci95_high": 0.7437908331277456,
    "first_attempt_successes": 33,
    "first_attempt_success_rate": 0.55,
    "first_attempt_success_rate_ci95_low": 0.4249193588533434,
    "first_attempt_success_rate_ci95_high": 0.6690634559324476,
    "retry_episodes": 14,
    "recovered_episodes": 5,
    "recovery_success_rate": 0.35714285714285715,
    "recovery_success_rate_ci95_low": 0.1634473175355414,
    "recovery_success_rate_ci95_high": 0.612355768960926,
    "dropped_episodes": 0,
    "drop_rate": 0.0,
    "drop_rate_ci95_low": 0.0,
    "drop_rate_ci95_high": 0.06017185214208986,
    "mean_duration_seconds": 6.502777777777778,
    "successful_parcels_per_hour": 350.6193934216147,
    "mean_inference_latency_ms": 4.763465822864428,
    "p95_inference_latency_ms": 0.03566,
    "max_contact_force_n": 127.29696655273438
  },
  "success_rate_delta": 0.0,
  "throughput_ratio": 0.9813754805638616,
  "recovered_episode_indices": [
    5100002,
    7100002
  ],
  "regressed_episode_indices": [
    4100002,
    4100004
  ],
  "force_improved_episode_indices": [
    3100004,
    5100002,
    7100000,
    7100002
  ],
  "baseline_force_abort_indices": [
    2100004,
    3100004,
    5100002,
    6100001,
    6100002,
    7100000,
    7100002,
    7100003,
    7100004,
    15100001,
    15100002,
    15100003,
    15100004,
    16100002,
    16100004
  ],
  "candidate_force_abort_indices": [
    2100004,
    3100004,
    4100002,
    4100004,
    6100001,
    6100002,
    7100000,
    7100003,
    7100004,
    15100001,
    15100002,
    15100003,
    15100004,
    16100002,
    16100004
  ],
  "baseline_precontact_aabb_guard": {
    "enabled": false,
    "filter_count": 0,
    "max_active_steps": 0,
    "samples": 0,
    "compute_ms_total": 0.0,
    "compute_ms_mean": 0.0
  },
  "candidate_precontact_aabb_guard": {
    "enabled": false,
    "filter_count": 0,
    "max_active_steps": 0,
    "samples": 0,
    "compute_ms_total": 0.0,
    "compute_ms_mean": 0.0
  },
  "baseline_approach_velocity_control": {
    "enabled": false,
    "samples": 0,
    "compute_ms_total": 0.0,
    "compute_ms_mean": 0.0,
    "max_joint_command_rad_s": 0.0,
    "max_pose_error_m": 0.0
  },
  "candidate_approach_velocity_control": {
    "enabled": false,
    "samples": 0,
    "compute_ms_total": 0.0,
    "compute_ms_mean": 0.0,
    "max_joint_command_rad_s": 0.0,
    "max_pose_error_m": 0.0
  },
  "baseline_collision_checked_reset": {
    "enabled": true,
    "episodes_checked": 60,
    "fallback_episodes": 23,
    "initial_collision_pairs": 94,
    "fallback_collision_pairs": 0,
    "compute_ms_total": 139.07476,
    "compute_ms_mean": 2.3179126666666665
  },
  "candidate_collision_checked_reset": {
    "enabled": true,
    "episodes_checked": 60,
    "fallback_episodes": 23,
    "initial_collision_pairs": 96,
    "fallback_collision_pairs": 0,
    "compute_ms_total": 139.355107,
    "compute_ms_mean": 2.3225851166666667
  },
  "acceptance": {
    "success_rate_at_least_0_90": false,
    "force_abort_rate_at_most_0_05": false,
    "drop_rate_not_increased": true,
    "throughput_retained_at_least_0_85": true
  },
  "recommendation": "repeat_or_reject"
}
{
  "schema_version": 1,
  "design": "matched_episode_multi_group",
  "reference_run_id": "historical-controller",
  "run_ids": [
    "historical-controller",
    "collision-checked-reset",
    "geometry-aware-planner"
  ],
  "episode_count": 60,
  "contact_force_threshold_n": 35.0,
  "runs": {
    "historical-controller": {
      "overall": {
        "episodes": 60,
        "success": {
          "count": 36,
          "trials": 60,
          "rate": 0.6,
          "ci95_low": 0.4736605349204075,
          "ci95_high": 0.7143050946511744
        },
        "drop": {
          "count": 0,
          "trials": 60,
          "rate": 0.0,
          "ci95_low": 0.0,
          "ci95_high": 0.06017185214208986
        },
        "force_abort": {
          "count": 16,
          "trials": 60,
          "rate": 0.26666666666666666,
          "ci95_low": 0.17132640003280553,
          "ci95_high": 0.39008713096683645
        },
        "max_contact_force_n": {
          "count": 60,
          "mean": 24.714854145050047,
          "median": 15.655697345733643,
          "p95": 54.260841369628906,
          "max": 139.03369140625
        },
        "duration_seconds": {
          "count": 60,
          "mean": 6.392222222222221,
          "median": 5.7,
          "p95": 16.033333333333335,
          "max": 19.966666666666665
        },
        "inference_latency_ms": {
          "count": 11564,
          "mean": 0.02733767148045659,
          "median": 0.0266095,
          "p95": 0.035769,
          "max": 0.130358
        },
        "grasp_planning": {
          "attempts": 0,
          "compute_ms_total": 0.0,
          "compute_ms_per_attempt": 0.0
        },
        "macro_profile_success_rate": 0.6,
        "reported_successful_parcels_per_hour": 337.91065531027294
      },
      "by_profile": {
        "book_box": {
          "episodes": 5,
          "success": {
            "count": 3,
            "trials": 5,
            "rate": 0.6,
            "ci95_low": 0.2307242812760128,
            "ci95_high": 0.882379225767352
          },
          "drop": {
            "count": 0,
            "trials": 5,
            "rate": 0.0,
            "ci95_low": 0.0,
            "ci95_high": 0.43448246478317476
          },
          "force_abort": {
            "count": 2,
            "trials": 5,
            "rate": 0.4,
            "ci95_low": 0.11762077423264783,
            "ci95_high": 0.769275718723987
          },
          "max_contact_force_n": {
            "count": 5,
            "mean": 36.819805240631105,
            "median": 7.957254409790039,
            "p95": 125.2244644165039,
            "max": 125.2244644165039
          },
          "duration_seconds": {
            "count": 5,
            "mean": 5.8533333333333335,
            "median": 5.133333333333334,
            "p95": 12.6,
            "max": 12.6
          },
          "inference_latency_ms": {
            "count": 882,
            "mean": 0.02906417800453515,
            "median": 0.026929500000000002,
            "p95": 0.042049,
            "max": 0.069819
          },
          "grasp_planning": {
            "attempts": 0,
            "compute_ms_total": 0.0,
            "compute_ms_per_attempt": 0.0
          }
        },
        "electronics_box": {
          "episodes": 5,
          "success": {
            "count": 3,
            "trials": 5,
            "rate": 0.6,
            "ci95_low": 0.2307242812760128,
            "ci95_high": 0.882379225767352
          },
          "drop": {
            "count": 0,
            "trials": 5,
            "rate": 0.0,
            "ci95_low": 0.0,
            "ci95_high": 0.43448246478317476
          },
          "force_abort": {
            "count": 1,
            "trials": 5,
            "rate": 0.2,
            "ci95_low": 0.03622410863243014,
            "ci95_high": 0.6244653702374747
          },
          "max_contact_force_n": {
            "count": 5,
            "mean": 20.51226177215576,
            "median": 17.867326736450195,
            "p95": 37.201629638671875,
            "max": 37.201629638671875
          },
          "duration_seconds": {
            "count": 5,
            "mean": 5.546666666666667,
            "median": 5.033333333333333,
            "p95": 8.033333333333333,
            "max": 8.033333333333333
          },
          "inference_latency_ms": {
            "count": 837,
            "mean": 0.026396976105137398,
            "median": 0.02603,
            "p95": 0.0321,
            "max": 0.04667
          },
          "grasp_planning": {
            "attempts": 0,
            "compute_ms_total": 0.0,
            "compute_ms_per_attempt": 0.0
          }
        },
        "flat_mailer": {
          "episodes": 5,
          "success": {
            "count": 3,
            "trials": 5,
            "rate": 0.6,
            "ci95_low": 0.2307242812760128,
            "ci95_high": 0.882379225767352
          },
          "drop": {
            "count": 0,
            "trials": 5,
            "rate": 0.0,
            "ci95_low": 0.0,
            "ci95_high": 0.43448246478317476
          },
          "force_abort": {
            "count": 1,
            "trials": 5,
            "rate": 0.2,
            "ci95_low": 0.03622410863243014,
            "ci95_high": 0.6244653702374747
          },
          "max_contact_force_n": {
            "count": 5,
            "mean": 27.771245002746582,
            "median": 26.394519805908203,
            "p95": 44.952880859375,
            "max": 44.952880859375
          },
          "duration_seconds": {
            "count": 5,
            "mean": 5.473333333333334,
            "median": 5.366666666666666,
            "p95": 9.8,
            "max": 9.8
          },
          "inference_latency_ms": {
            "count": 826,
            "mean": 0.02608661985472155,
            "median": 0.025979,
            "p95": 0.03033,
            "max": 0.04511
          },
          "grasp_planning": {
            "attempts": 0,
            "compute_ms_total": 0.0,
            "compute_ms_per_attempt": 0.0
          }
        },
        "large_narrow_carton": {
          "episodes": 5,
          "success": {
            "count": 2,
            "trials": 5,
            "rate": 0.4,
            "ci95_low": 0.11762077423264783,
            "ci95_high": 0.769275718723987
          },
          "drop": {
            "count": 0,
            "trials": 5,
            "rate": 0.0,
            "ci95_low": 0.0,
            "ci95_high": 0.43448246478317476
          },
          "force_abort": {
            "count": 3,
            "trials": 5,
            "rate": 0.6,
            "ci95_low": 0.2307242812760128,
            "ci95_high": 0.882379225767352
          },
          "max_contact_force_n": {
            "count": 5,
            "mean": 26.700759983062746,
            "median": 35.16133499145508,
            "p95": 46.696075439453125,
            "max": 46.696075439453125
          },
          "duration_seconds": {
            "count": 5,
            "mean": 5.526666666666666,
            "median": 6.166666666666667,
            "p95": 7.333333333333333,
            "max": 7.333333333333333
          },
          "inference_latency_ms": {
            "count": 834,
            "mean": 0.026961230215827338,
            "median": 0.0266345,
            "p95": 0.032509,
            "max": 0.049209
          },
          "grasp_planning": {
            "attempts": 0,
            "compute_ms_total": 0.0,
            "compute_ms_per_attempt": 0.0
          }
        },
        "long_carton": {
          "episodes": 5,
          "success": {
            "count": 4,
            "trials": 5,
            "rate": 0.8,
            "ci95_low": 0.37553462976252533,
            "ci95_high": 0.9637758913675698
          },
          "drop": {
            "count": 0,
            "trials": 5,
            "rate": 0.0,
            "ci95_low": 0.0,
            "ci95_high": 0.43448246478317476
          },
          "force_abort": {
            "count": 1,
            "trials": 5,
            "rate": 0.2,
            "ci95_low": 0.03622410863243014,
            "ci95_high": 0.6244653702374747
          },
          "max_contact_force_n": {
            "count": 5,
            "mean": 16.121623706817626,
            "median": 9.901374816894531,
            "p95": 35.68672180175781,
            "max": 35.68672180175781
          },
          "duration_seconds": {
            "count": 5,
            "mean": 4.546666666666667,
            "median": 4.8,
            "p95": 5.7,
            "max": 5.7
          },
          "inference_latency_ms": {
            "count": 687,
            "mean": 0.026283860262008733,
            "median": 0.025899,
            "p95": 0.030919,
            "max": 0.043929
          },
          "grasp_planning": {
            "attempts": 0,
            "compute_ms_total": 0.0,
            "compute_ms_per_attempt": 0.0
          }
        },
        "mailing_tube": {
          "episodes": 5,
          "success": {
            "count": 1,
            "trials": 5,
            "rate": 0.2,
            "ci95_low": 0.03622410863243014,
            "ci95_high": 0.6244653702374747
          },
          "drop": {
            "count": 0,
            "trials": 5,
            "rate": 0.0,
            "ci95_low": 0.0,
            "ci95_high": 0.43448246478317476
          },
          "force_abort": {
            "count": 1,
            "trials": 5,
            "rate": 0.2,
            "ci95_low": 0.03622410863243014,
            "ci95_high": 0.6244653702374747
          },
          "max_contact_force_n": {
            "count": 5,
            "mean": 16.19617691040039,
            "median": 17.266468048095703,
            "p95": 45.63715744018555,
            "max": 45.63715744018555
          },
          "duration_seconds": {
            "count": 5,
            "mean": 16.5,
            "median": 16.033333333333335,
            "p95": 19.966666666666665,
            "max": 19.966666666666665
          },
          "inference_latency_ms": {
            "count": 2480,
            "mean": 0.029576992338709678,
            "median": 0.0283495,
            "p95": 0.04239,
            "max": 0.066149
          },
          "grasp_planning": {
            "attempts": 0,
            "compute_ms_total": 0.0,
            "compute_ms_per_attempt": 0.0
          }
        },
        "medium_carton": {
          "episodes": 5,
          "success": {
            "count": 3,
            "trials": 5,
            "rate": 0.6,
            "ci95_low": 0.2307242812760128,
            "ci95_high": 0.882379225767352
          },
          "drop": {
            "count": 0,
            "trials": 5,
            "rate": 0.0,
            "ci95_low": 0.0,
            "ci95_high": 0.43448246478317476
          },
          "force_abort": {
            "count": 2,
            "trials": 5,
            "rate": 0.4,
            "ci95_low": 0.11762077423264783,
            "ci95_high": 0.769275718723987
          },
          "max_contact_force_n": {
            "count": 5,
            "mean": 37.19315328598022,
            "median": 6.141278266906738,
            "p95": 113.40169525146484,
            "max": 113.40169525146484
          },
          "duration_seconds": {
            "count": 5,
            "mean": 5.113333333333333,
            "median": 5.7,
            "p95": 6.033333333333333,
            "max": 6.033333333333333
          },
          "inference_latency_ms": {
            "count": 772,
            "mean": 0.026232360103626944,
            "median": 0.025915,
            "p95": 0.031469,
            "max": 0.048089
          },
          "grasp_planning": {
            "attempts": 0,
            "compute_ms_total": 0.0,
            "compute_ms_per_attempt": 0.0
          }
        },
        "micro_box": {
          "episodes": 5,
          "success": {
            "count": 3,
            "trials": 5,
            "rate": 0.6,
            "ci95_low": 0.2307242812760128,
            "ci95_high": 0.882379225767352
          },
          "drop": {
            "count": 0,
            "trials": 5,
            "rate": 0.0,
            "ci95_low": 0.0,
            "ci95_high": 0.43448246478317476
          },
          "force_abort": {
            "count": 1,
            "trials": 5,
            "rate": 0.2,
            "ci95_low": 0.03622410863243014,
            "ci95_high": 0.6244653702374747
          },
          "max_contact_force_n": {
            "count": 5,
            "mean": 18.972592163085938,
            "median": 9.342918395996094,
            "p95": 54.133934020996094,
            "max": 54.133934020996094
          },
          "duration_seconds": {
            "count": 5,
            "mean": 4.873333333333333,
            "median": 5.166666666666667,
            "p95": 6.7,
            "max": 6.7
          },
          "inference_latency_ms": {
            "count": 736,
            "mean": 0.026929438858695653,
            "median": 0.025989,
            "p95": 0.03179,
            "max": 0.113429
          },
          "grasp_planning": {
            "attempts": 0,
            "compute_ms_total": 0.0,
            "compute_ms_per_attempt": 0.0
          }
        },
        "near_limit_box": {
          "episodes": 5,
          "success": {
            "count": 2,
            "trials": 5,
            "rate": 0.4,
            "ci95_low": 0.11762077423264783,
            "ci95_high": 0.769275718723987
          },
          "drop": {
            "count": 0,
            "trials": 5,
            "rate": 0.0,
            "ci95_low": 0.0,
            "ci95_high": 0.43448246478317476
          },
          "force_abort": {
            "count": 2,
            "trials": 5,
            "rate": 0.4,
            "ci95_low": 0.11762077423264783,
            "ci95_high": 0.769275718723987
          },
          "max_contact_force_n": {
            "count": 5,
            "mean": 24.332682514190672,
            "median": 30.575063705444336,
            "p95": 46.038150787353516,
            "max": 46.038150787353516
          },
          "duration_seconds": {
            "count": 5,
            "mean": 7.526666666666666,
            "median": 5.833333333333333,
            "p95": 19.966666666666665,
            "max": 19.966666666666665
          },
          "inference_latency_ms": {
            "count": 1134,
            "mean": 0.026490903880070547,
            "median": 0.02586,
            "p95": 0.032579,
            "max": 0.049999
          },
          "grasp_planning": {
            "attempts": 0,
            "compute_ms_total": 0.0,
            "compute_ms_per_attempt": 0.0
          }
        },
        "shoe_box_proxy": {
          "episodes": 5,
          "success": {
            "count": 3,
            "trials": 5,
            "rate": 0.6,
            "ci95_low": 0.2307242812760128,
            "ci95_high": 0.882379225767352
          },
          "drop": {
            "count": 0,
            "trials": 5,
            "rate": 0.0,
            "ci95_low": 0.0,
            "ci95_high": 0.43448246478317476
          },
          "force_abort": {
            "count": 2,
            "trials": 5,
            "rate": 0.4,
            "ci95_low": 0.11762077423264783,
            "ci95_high": 0.769275718723987
          },
          "max_contact_force_n": {
            "count": 5,
            "mean": 39.851089286804196,
            "median": 10.130904197692871,
            "p95": 139.03369140625,
            "max": 139.03369140625
          },
          "duration_seconds": {
            "count": 5,
            "mean": 4.373333333333333,
            "median": 5.833333333333333,
            "p95": 7.866666666666666,
            "max": 7.866666666666666
          },
          "inference_latency_ms": {
            "count": 660,
            "mean": 0.02615378787878788,
            "median": 0.0259045,
            "p95": 0.031219,
            "max": 0.04829
          },
          "grasp_planning": {
            "attempts": 0,
            "compute_ms_total": 0.0,
            "compute_ms_per_attempt": 0.0
          }
        },
        "small_carton": {
          "episodes": 5,
          "success": {
            "count": 5,
            "trials": 5,
            "rate": 1.0,
            "ci95_low": 0.5655175352168251,
            "ci95_high": 1.0
          },
          "drop": {
            "count": 0,
            "trials": 5,
            "rate": 0.0,
            "ci95_low": 0.0,
            "ci95_high": 0.43448246478317476
          },
          "force_abort": {
            "count": 0,
            "trials": 5,
            "rate": 0.0,
            "ci95_low": 0.0,
            "ci95_high": 0.43448246478317476
          },
          "max_contact_force_n": {
            "count": 5,
            "mean": 13.08047113418579,
            "median": 11.146766662597656,
            "p95": 29.80854034423828,
            "max": 29.80854034423828
          },
          "duration_seconds": {
            "count": 5,
            "mean": 5.913333333333333,
            "median": 5.9,
            "p95": 6.8,
            "max": 6.8
          },
          "inference_latency_ms": {
            "count": 892,
            "mean": 0.026536890134529145,
            "median": 0.026039,
            "p95": 0.031279,
            "max": 0.130358
          },
          "grasp_planning": {
            "attempts": 0,
            "compute_ms_total": 0.0,
            "compute_ms_per_attempt": 0.0
          }
        },
        "upright_canister": {
          "episodes": 5,
          "success": {
            "count": 4,
            "trials": 5,
            "rate": 0.8,
            "ci95_low": 0.37553462976252533,
            "ci95_high": 0.9637758913675698
          },
          "drop": {
            "count": 0,
            "trials": 5,
            "rate": 0.0,
            "ci95_low": 0.0,
            "ci95_high": 0.43448246478317476
          },
          "force_abort": {
            "count": 0,
            "trials": 5,
            "rate": 0.0,
            "ci95_low": 0.0,
            "ci95_high": 0.43448246478317476
          },
          "max_contact_force_n": {
            "count": 5,
            "mean": 19.026388740539552,
            "median": 17.18035316467285,
            "p95": 32.376041412353516,
            "max": 32.376041412353516
          },
          "duration_seconds": {
            "count": 5,
            "mean": 5.46,
            "median": 5.4,
            "p95": 7.366666666666666,
            "max": 7.366666666666666
          },
          "inference_latency_ms": {
            "count": 824,
            "mean": 0.026599820388349512,
            "median": 0.026194500000000003,
            "p95": 0.03221,
            "max": 0.051399
          },
          "grasp_planning": {
            "attempts": 0,
            "compute_ms_total": 0.0,
            "compute_ms_per_attempt": 0.0
          }
        }
      }
    },
    "collision-checked-reset": {
      "overall": {
        "episodes": 60,
        "success": {
          "count": 38,
          "trials": 60,
          "rate": 0.6333333333333333,
          "ci95_low": 0.5068300063010303,
          "ci95_high": 0.7437908331277456
        },
        "drop": {
          "count": 0,
          "trials": 60,
          "rate": 0.0,
          "ci95_low": 0.0,
          "ci95_high": 0.06017185214208986
        },
        "force_abort": {
          "count": 15,
          "trials": 60,
          "rate": 0.25,
          "ci95_low": 0.15776522530056675,
          "ci95_high": 0.37232070077047824
        },
        "max_contact_force_n": {
          "count": 60,
          "mean": 20.137408995628356,
          "median": 14.636714935302734,
          "p95": 42.494110107421875,
          "max": 117.12872314453125
        },
        "duration_seconds": {
          "count": 60,
          "mean": 6.381666666666666,
          "median": 5.6,
          "p95": 16.033333333333335,
          "max": 19.966666666666665
        },
        "inference_latency_ms": {
          "count": 11547,
          "mean": 0.027884868017666927,
          "median": 0.02729,
          "p95": 0.037069,
          "max": 0.140888
        },
        "grasp_planning": {
          "attempts": 0,
          "compute_ms_total": 0.0,
          "compute_ms_per_attempt": 0.0
        },
        "macro_profile_success_rate": 0.6333333333333334,
        "reported_successful_parcels_per_hour": 357.27343954034995
      },
      "by_profile": {
        "book_box": {
          "episodes": 5,
          "success": {
            "count": 3,
            "trials": 5,
            "rate": 0.6,
            "ci95_low": 0.2307242812760128,
            "ci95_high": 0.882379225767352
          },
          "drop": {
            "count": 0,
            "trials": 5,
            "rate": 0.0,
            "ci95_low": 0.0,
            "ci95_high": 0.43448246478317476
          },
          "force_abort": {
            "count": 1,
            "trials": 5,
            "rate": 0.2,
            "ci95_low": 0.03622410863243014,
            "ci95_high": 0.6244653702374747
          },
          "max_contact_force_n": {
            "count": 5,
            "mean": 13.709467601776122,
            "median": 7.957254409790039,
            "p95": 40.971580505371094,
            "max": 40.971580505371094
          },
          "duration_seconds": {
            "count": 5,
            "mean": 6.459999999999999,
            "median": 5.133333333333334,
            "p95": 12.6,
            "max": 12.6
          },
          "inference_latency_ms": {
            "count": 974,
            "mean": 0.029567520533880905,
            "median": 0.0272245,
            "p95": 0.04289,
            "max": 0.071659
          },
          "grasp_planning": {
            "attempts": 0,
            "compute_ms_total": 0.0,
            "compute_ms_per_attempt": 0.0
          }
        },
        "electronics_box": {
          "episodes": 5,
          "success": {
            "count": 2,
            "trials": 5,
            "rate": 0.4,
            "ci95_low": 0.11762077423264783,
            "ci95_high": 0.769275718723987
          },
          "drop": {
            "count": 0,
            "trials": 5,
            "rate": 0.0,
            "ci95_low": 0.0,
            "ci95_high": 0.43448246478317476
          },
          "force_abort": {
            "count": 2,
            "trials": 5,
            "rate": 0.4,
            "ci95_low": 0.11762077423264783,
            "ci95_high": 0.769275718723987
          },
          "max_contact_force_n": {
            "count": 5,
            "mean": 26.727218246459962,
            "median": 29.604881286621094,
            "p95": 43.410972595214844,
            "max": 43.410972595214844
          },
          "duration_seconds": {
            "count": 5,
            "mean": 5.9799999999999995,
            "median": 6.7,
            "p95": 8.033333333333333,
            "max": 8.033333333333333
          },
          "inference_latency_ms": {
            "count": 902,
            "mean": 0.02857549002217295,
            "median": 0.027244499999999998,
            "p95": 0.041669,
            "max": 0.060159
          },
          "grasp_planning": {
            "attempts": 0,
            "compute_ms_total": 0.0,
            "compute_ms_per_attempt": 0.0
          }
        },
        "flat_mailer": {
          "episodes": 5,
          "success": {
            "count": 4,
            "trials": 5,
            "rate": 0.8,
            "ci95_low": 0.37553462976252533,
            "ci95_high": 0.9637758913675698
          },
          "drop": {
            "count": 0,
            "trials": 5,
            "rate": 0.0,
            "ci95_low": 0.0,
            "ci95_high": 0.43448246478317476
          },
          "force_abort": {
            "count": 1,
            "trials": 5,
            "rate": 0.2,
            "ci95_low": 0.03622410863243014,
            "ci95_high": 0.6244653702374747
          },
          "max_contact_force_n": {
            "count": 5,
            "mean": 21.005840587615968,
            "median": 19.41164207458496,
            "p95": 44.952880859375,
            "max": 44.952880859375
          },
          "duration_seconds": {
            "count": 5,
            "mean": 6.1466666666666665,
            "median": 5.833333333333333,
            "p95": 9.8,
            "max": 9.8
          },
          "inference_latency_ms": {
            "count": 927,
            "mean": 0.026939788565264293,
            "median": 0.02694,
            "p95": 0.031499,
            "max": 0.055749
          },
          "grasp_planning": {
            "attempts": 0,
            "compute_ms_total": 0.0,
            "compute_ms_per_attempt": 0.0
          }
        },
        "large_narrow_carton": {
          "episodes": 5,
          "success": {
            "count": 1,
            "trials": 5,
            "rate": 0.2,
            "ci95_low": 0.03622410863243014,
            "ci95_high": 0.6244653702374747
          },
          "drop": {
            "count": 0,
            "trials": 5,
            "rate": 0.0,
            "ci95_low": 0.0,
            "ci95_high": 0.43448246478317476
          },
          "force_abort": {
            "count": 4,
            "trials": 5,
            "rate": 0.8,
            "ci95_low": 0.37553462976252533,
            "ci95_high": 0.9637758913675698
          },
          "max_contact_force_n": {
            "count": 5,
            "mean": 46.56428050994873,
            "median": 36.04997634887695,
            "p95": 117.12872314453125,
            "max": 117.12872314453125
          },
          "duration_seconds": {
            "count": 5,
            "mean": 5.5200000000000005,
            "median": 6.166666666666667,
            "p95": 13.533333333333333,
            "max": 13.533333333333333
          },
          "inference_latency_ms": {
            "count": 833,
            "mean": 0.026369917166866746,
            "median": 0.02625,
            "p95": 0.032089,
            "max": 0.054239
          },
          "grasp_planning": {
            "attempts": 0,
            "compute_ms_total": 0.0,
            "compute_ms_per_attempt": 0.0
          }
        },
        "long_carton": {
          "episodes": 5,
          "success": {
            "count": 3,
            "trials": 5,
            "rate": 0.6,
            "ci95_low": 0.2307242812760128,
            "ci95_high": 0.882379225767352
          },
          "drop": {
            "count": 0,
            "trials": 5,
            "rate": 0.0,
            "ci95_low": 0.0,
            "ci95_high": 0.43448246478317476
          },
          "force_abort": {
            "count": 2,
            "trials": 5,
            "rate": 0.4,
            "ci95_low": 0.11762077423264783,
            "ci95_high": 0.769275718723987
          },
          "max_contact_force_n": {
            "count": 5,
            "mean": 22.196609210968017,
            "median": 20.898656845092773,
            "p95": 40.80830764770508,
            "max": 40.80830764770508
          },
          "duration_seconds": {
            "count": 5,
            "mean": 3.6799999999999997,
            "median": 4.533333333333333,
            "p95": 5.366666666666666,
            "max": 5.366666666666666
          },
          "inference_latency_ms": {
            "count": 557,
            "mean": 0.026899680430879713,
            "median": 0.02662,
            "p95": 0.033769,
            "max": 0.054449
          },
          "grasp_planning": {
            "attempts": 0,
            "compute_ms_total": 0.0,
            "compute_ms_per_attempt": 0.0
          }
        },
        "mailing_tube": {
          "episodes": 5,
          "success": {
            "count": 1,
            "trials": 5,
            "rate": 0.2,
            "ci95_low": 0.03622410863243014,
            "ci95_high": 0.6244653702374747
          },
          "drop": {
            "count": 0,
            "trials": 5,
            "rate": 0.0,
            "ci95_low": 0.0,
            "ci95_high": 0.43448246478317476
          },
          "force_abort": {
            "count": 0,
            "trials": 5,
            "rate": 0.0,
            "ci95_low": 0.0,
            "ci95_high": 0.43448246478317476
          },
          "max_contact_force_n": {
            "count": 5,
            "mean": 11.066003799438477,
            "median": 17.266468048095703,
            "p95": 19.986291885375977,
            "max": 19.986291885375977
          },
          "duration_seconds": {
            "count": 5,
            "mean": 17.966666666666665,
            "median": 19.966666666666665,
            "p95": 19.966666666666665,
            "max": 19.966666666666665
          },
          "inference_latency_ms": {
            "count": 2700,
            "mean": 0.029559623703703707,
            "median": 0.028934,
            "p95": 0.03753,
            "max": 0.053869
          },
          "grasp_planning": {
            "attempts": 0,
            "compute_ms_total": 0.0,
            "compute_ms_per_attempt": 0.0
          }
        },
        "medium_carton": {
          "episodes": 5,
          "success": {
            "count": 5,
            "trials": 5,
            "rate": 1.0,
            "ci95_low": 0.5655175352168251,
            "ci95_high": 1.0
          },
          "drop": {
            "count": 0,
            "trials": 5,
            "rate": 0.0,
            "ci95_low": 0.0,
            "ci95_high": 0.43448246478317476
          },
          "force_abort": {
            "count": 0,
            "trials": 5,
            "rate": 0.0,
            "ci95_low": 0.0,
            "ci95_high": 0.43448246478317476
          },
          "max_contact_force_n": {
            "count": 5,
            "mean": 12.951533222198487,
            "median": 9.209383964538574,
            "p95": 33.60041046142578,
            "max": 33.60041046142578
          },
          "duration_seconds": {
            "count": 5,
            "mean": 5.726666666666667,
            "median": 5.7,
            "p95": 7.766666666666667,
            "max": 7.766666666666667
          },
          "inference_latency_ms": {
            "count": 864,
            "mean": 0.026890834490740742,
            "median": 0.0268245,
            "p95": 0.03167,
            "max": 0.051569
          },
          "grasp_planning": {
            "attempts": 0,
            "compute_ms_total": 0.0,
            "compute_ms_per_attempt": 0.0
          }
        },
        "micro_box": {
          "episodes": 5,
          "success": {
            "count": 4,
            "trials": 5,
            "rate": 0.8,
            "ci95_low": 0.37553462976252533,
            "ci95_high": 0.9637758913675698
          },
          "drop": {
            "count": 0,
            "trials": 5,
            "rate": 0.0,
            "ci95_low": 0.0,
            "ci95_high": 0.43448246478317476
          },
          "force_abort": {
            "count": 0,
            "trials": 5,
            "rate": 0.0,
            "ci95_low": 0.0,
            "ci95_high": 0.43448246478317476
          },
          "max_contact_force_n": {
            "count": 5,
            "mean": 12.359807586669922,
            "median": 9.342918395996094,
            "p95": 21.070011138916016,
            "max": 21.070011138916016
          },
          "duration_seconds": {
            "count": 5,
            "mean": 5.66,
            "median": 5.166666666666667,
            "p95": 6.7,
            "max": 6.7
          },
          "inference_latency_ms": {
            "count": 854,
            "mean": 0.02752077049180328,
            "median": 0.026889,
            "p95": 0.03397,
            "max": 0.140888
          },
          "grasp_planning": {
            "attempts": 0,
            "compute_ms_total": 0.0,
            "compute_ms_per_attempt": 0.0
          }
        },
        "near_limit_box": {
          "episodes": 5,
          "success": {
            "count": 1,
            "trials": 5,
            "rate": 0.2,
            "ci95_low": 0.03622410863243014,
            "ci95_high": 0.6244653702374747
          },
          "drop": {
            "count": 0,
            "trials": 5,
            "rate": 0.0,
            "ci95_low": 0.0,
            "ci95_high": 0.43448246478317476
          },
          "force_abort": {
            "count": 4,
            "trials": 5,
            "rate": 0.8,
            "ci95_low": 0.37553462976252533,
            "ci95_high": 0.9637758913675698
          },
          "max_contact_force_n": {
            "count": 5,
            "mean": 31.106556034088136,
            "median": 37.12519836425781,
            "p95": 38.4495735168457,
            "max": 38.4495735168457
          },
          "duration_seconds": {
            "count": 5,
            "mean": 2.5466666666666664,
            "median": 1.7666666666666666,
            "p95": 5.833333333333333,
            "max": 5.833333333333333
          },
          "inference_latency_ms": {
            "count": 387,
            "mean": 0.0273622842377261,
            "median": 0.02698,
            "p95": 0.03134,
            "max": 0.05593
          },
          "grasp_planning": {
            "attempts": 0,
            "compute_ms_total": 0.0,
            "compute_ms_per_attempt": 0.0
          }
        },
        "shoe_box_proxy": {
          "episodes": 5,
          "success": {
            "count": 4,
            "trials": 5,
            "rate": 0.8,
            "ci95_low": 0.37553462976252533,
            "ci95_high": 0.9637758913675698
          },
          "drop": {
            "count": 0,
            "trials": 5,
            "rate": 0.0,
            "ci95_low": 0.0,
            "ci95_high": 0.43448246478317476
          },
          "force_abort": {
            "count": 1,
            "trials": 5,
            "rate": 0.2,
            "ci95_low": 0.03622410863243014,
            "ci95_high": 0.6244653702374747
          },
          "max_contact_force_n": {
            "count": 5,
            "mean": 15.752570056915284,
            "median": 7.471179008483887,
            "p95": 42.494110107421875,
            "max": 42.494110107421875
          },
          "duration_seconds": {
            "count": 5,
            "mean": 5.653333333333333,
            "median": 5.833333333333333,
            "p95": 7.066666666666666,
            "max": 7.066666666666666
          },
          "inference_latency_ms": {
            "count": 853,
            "mean": 0.026716567409144194,
            "median": 0.026419,
            "p95": 0.03243,
            "max": 0.051819
          },
          "grasp_planning": {
            "attempts": 0,
            "compute_ms_total": 0.0,
            "compute_ms_per_attempt": 0.0
          }
        },
        "small_carton": {
          "episodes": 5,
          "success": {
            "count": 5,
            "trials": 5,
            "rate": 1.0,
            "ci95_low": 0.5655175352168251,
            "ci95_high": 1.0
          },
          "drop": {
            "count": 0,
            "trials": 5,
            "rate": 0.0,
            "ci95_low": 0.0,
            "ci95_high": 0.43448246478317476
          },
          "force_abort": {
            "count": 0,
            "trials": 5,
            "rate": 0.0,
            "ci95_low": 0.0,
            "ci95_high": 0.43448246478317476
          },
          "max_contact_force_n": {
            "count": 5,
            "mean": 13.08047113418579,
            "median": 11.146766662597656,
            "p95": 29.80854034423828,
            "max": 29.80854034423828
          },
          "duration_seconds": {
            "count": 5,
            "mean": 5.913333333333333,
            "median": 5.9,
            "p95": 6.8,
            "max": 6.8
          },
          "inference_latency_ms": {
            "count": 892,
            "mean": 0.02677909529147982,
            "median": 0.026619,
            "p95": 0.03075,
            "max": 0.092018
          },
          "grasp_planning": {
            "attempts": 0,
            "compute_ms_total": 0.0,
            "compute_ms_per_attempt": 0.0
          }
        },
        "upright_canister": {
          "episodes": 5,
          "success": {
            "count": 5,
            "trials": 5,
            "rate": 1.0,
            "ci95_low": 0.5655175352168251,
            "ci95_high": 1.0
          },
          "drop": {
            "count": 0,
            "trials": 5,
            "rate": 0.0,
            "ci95_low": 0.0,
            "ci95_high": 0.43448246478317476
          },
          "force_abort": {
            "count": 0,
            "trials": 5,
            "rate": 0.0,
            "ci95_low": 0.0,
            "ci95_high": 0.43448246478317476
          },
          "max_contact_force_n": {
            "count": 5,
            "mean": 15.128549957275391,
            "median": 14.131041526794434,
            "p95": 21.24993133544922,
            "max": 21.24993133544922
          },
          "duration_seconds": {
            "count": 5,
            "mean": 5.326666666666666,
            "median": 5.4,
            "p95": 7.366666666666666,
            "max": 7.366666666666666
          },
          "inference_latency_ms": {
            "count": 804,
            "mean": 0.026962033582089553,
            "median": 0.02672,
            "p95": 0.032559,
            "max": 0.050009
          },
          "grasp_planning": {
            "attempts": 0,
            "compute_ms_total": 0.0,
            "compute_ms_per_attempt": 0.0
          }
        }
      }
    },
    "geometry-aware-planner": {
      "overall": {
        "episodes": 60,
        "success": {
          "count": 38,
          "trials": 60,
          "rate": 0.6333333333333333,
          "ci95_low": 0.5068300063010303,
          "ci95_high": 0.7437908331277456
        },
        "drop": {
          "count": 0,
          "trials": 60,
          "rate": 0.0,
          "ci95_low": 0.0,
          "ci95_high": 0.06017185214208986
        },
        "force_abort": {
          "count": 15,
          "trials": 60,
          "rate": 0.25,
          "ci95_low": 0.15776522530056675,
          "ci95_high": 0.37232070077047824
        },
        "max_contact_force_n": {
          "count": 60,
          "mean": 21.78843959967295,
          "median": 14.636714935302734,
          "p95": 52.709678649902344,
          "max": 127.29696655273438
        },
        "duration_seconds": {
          "count": 60,
          "mean": 6.502777777777778,
          "median": 5.5,
          "p95": 16.033333333333335,
          "max": 19.966666666666665
        },
        "inference_latency_ms": {
          "count": 11765,
          "mean": 4.763465822864428,
          "median": 0.026759,
          "p95": 0.03566,
          "max": 6981.196246
        },
        "grasp_planning": {
          "attempts": 10,
          "compute_ms_total": 55717.29804,
          "compute_ms_per_attempt": 5571.7298040000005
        },
        "macro_profile_success_rate": 0.6333333333333333,
        "reported_successful_parcels_per_hour": 350.6193934216147
      },
      "by_profile": {
        "book_box": {
          "episodes": 5,
          "success": {
            "count": 3,
            "trials": 5,
            "rate": 0.6,
            "ci95_low": 0.2307242812760128,
            "ci95_high": 0.882379225767352
          },
          "drop": {
            "count": 0,
            "trials": 5,
            "rate": 0.0,
            "ci95_low": 0.0,
            "ci95_high": 0.43448246478317476
          },
          "force_abort": {
            "count": 1,
            "trials": 5,
            "rate": 0.2,
            "ci95_low": 0.03622410863243014,
            "ci95_high": 0.6244653702374747
          },
          "max_contact_force_n": {
            "count": 5,
            "mean": 13.59941816329956,
            "median": 7.957254409790039,
            "p95": 40.42133331298828,
            "max": 40.42133331298828
          },
          "duration_seconds": {
            "count": 5,
            "mean": 6.459999999999999,
            "median": 5.133333333333334,
            "p95": 12.6,
            "max": 12.6
          },
          "inference_latency_ms": {
            "count": 974,
            "mean": 0.02877149178644764,
            "median": 0.02659,
            "p95": 0.04159,
            "max": 0.0524
          },
          "grasp_planning": {
            "attempts": 0,
            "compute_ms_total": 0.0,
            "compute_ms_per_attempt": 0.0
          }
        },
        "electronics_box": {
          "episodes": 5,
          "success": {
            "count": 2,
            "trials": 5,
            "rate": 0.4,
            "ci95_low": 0.11762077423264783,
            "ci95_high": 0.769275718723987
          },
          "drop": {
            "count": 0,
            "trials": 5,
            "rate": 0.0,
            "ci95_low": 0.0,
            "ci95_high": 0.43448246478317476
          },
          "force_abort": {
            "count": 2,
            "trials": 5,
            "rate": 0.4,
            "ci95_low": 0.11762077423264783,
            "ci95_high": 0.769275718723987
          },
          "max_contact_force_n": {
            "count": 5,
            "mean": 27.524789810180664,
            "median": 29.604881286621094,
            "p95": 43.410972595214844,
            "max": 43.410972595214844
          },
          "duration_seconds": {
            "count": 5,
            "mean": 6.206666666666667,
            "median": 6.7,
            "p95": 8.033333333333333,
            "max": 8.033333333333333
          },
          "inference_latency_ms": {
            "count": 936,
            "mean": 0.027747424145299147,
            "median": 0.02649,
            "p95": 0.03996,
            "max": 0.0454
          },
          "grasp_planning": {
            "attempts": 0,
            "compute_ms_total": 0.0,
            "compute_ms_per_attempt": 0.0
          }
        },
        "flat_mailer": {
          "episodes": 5,
          "success": {
            "count": 4,
            "trials": 5,
            "rate": 0.8,
            "ci95_low": 0.37553462976252533,
            "ci95_high": 0.9637758913675698
          },
          "drop": {
            "count": 0,
            "trials": 5,
            "rate": 0.0,
            "ci95_low": 0.0,
            "ci95_high": 0.43448246478317476
          },
          "force_abort": {
            "count": 1,
            "trials": 5,
            "rate": 0.2,
            "ci95_low": 0.03622410863243014,
            "ci95_high": 0.6244653702374747
          },
          "max_contact_force_n": {
            "count": 5,
            "mean": 21.005840587615968,
            "median": 19.41164207458496,
            "p95": 44.952880859375,
            "max": 44.952880859375
          },
          "duration_seconds": {
            "count": 5,
            "mean": 6.1466666666666665,
            "median": 5.833333333333333,
            "p95": 9.8,
            "max": 9.8
          },
          "inference_latency_ms": {
            "count": 927,
            "mean": 0.02650459870550162,
            "median": 0.026249,
            "p95": 0.03054,
            "max": 0.083459
          },
          "grasp_planning": {
            "attempts": 0,
            "compute_ms_total": 0.0,
            "compute_ms_per_attempt": 0.0
          }
        },
        "large_narrow_carton": {
          "episodes": 5,
          "success": {
            "count": 2,
            "trials": 5,
            "rate": 0.4,
            "ci95_low": 0.11762077423264783,
            "ci95_high": 0.769275718723987
          },
          "drop": {
            "count": 0,
            "trials": 5,
            "rate": 0.0,
            "ci95_low": 0.0,
            "ci95_high": 0.43448246478317476
          },
          "force_abort": {
            "count": 3,
            "trials": 5,
            "rate": 0.6,
            "ci95_low": 0.2307242812760128,
            "ci95_high": 0.882379225767352
          },
          "max_contact_force_n": {
            "count": 5,
            "mean": 54.585434150695804,
            "median": 52.709678649902344,
            "p95": 127.29696655273438,
            "max": 127.29696655273438
          },
          "duration_seconds": {
            "count": 5,
            "mean": 4.513333333333334,
            "median": 2.7,
            "p95": 9.166666666666666,
            "max": 9.166666666666666
          },
          "inference_latency_ms": {
            "count": 682,
            "mean": 44.42079191935484,
            "median": 0.026505,
            "p95": 0.03038,
            "max": 6375.464791
          },
          "grasp_planning": {
            "attempts": 5,
            "compute_ms_total": 30275.845833,
            "compute_ms_per_attempt": 6055.1691666
          }
        },
        "long_carton": {
          "episodes": 5,
          "success": {
            "count": 3,
            "trials": 5,
            "rate": 0.6,
            "ci95_low": 0.2307242812760128,
            "ci95_high": 0.882379225767352
          },
          "drop": {
            "count": 0,
            "trials": 5,
            "rate": 0.0,
            "ci95_low": 0.0,
            "ci95_high": 0.43448246478317476
          },
          "force_abort": {
            "count": 2,
            "trials": 5,
            "rate": 0.4,
            "ci95_low": 0.11762077423264783,
            "ci95_high": 0.769275718723987
          },
          "max_contact_force_n": {
            "count": 5,
            "mean": 22.196609210968017,
            "median": 20.898656845092773,
            "p95": 40.80830764770508,
            "max": 40.80830764770508
          },
          "duration_seconds": {
            "count": 5,
            "mean": 3.6799999999999997,
            "median": 4.533333333333333,
            "p95": 5.366666666666666,
            "max": 5.366666666666666
          },
          "inference_latency_ms": {
            "count": 557,
            "mean": 0.026593061041292637,
            "median": 0.026219,
            "p95": 0.033499,
            "max": 0.107698
          },
          "grasp_planning": {
            "attempts": 0,
            "compute_ms_total": 0.0,
            "compute_ms_per_attempt": 0.0
          }
        },
        "mailing_tube": {
          "episodes": 5,
          "success": {
            "count": 1,
            "trials": 5,
            "rate": 0.2,
            "ci95_low": 0.03622410863243014,
            "ci95_high": 0.6244653702374747
          },
          "drop": {
            "count": 0,
            "trials": 5,
            "rate": 0.0,
            "ci95_low": 0.0,
            "ci95_high": 0.43448246478317476
          },
          "force_abort": {
            "count": 0,
            "trials": 5,
            "rate": 0.0,
            "ci95_low": 0.0,
            "ci95_high": 0.43448246478317476
          },
          "max_contact_force_n": {
            "count": 5,
            "mean": 11.066003799438477,
            "median": 17.266468048095703,
            "p95": 19.986291885375977,
            "max": 19.986291885375977
          },
          "duration_seconds": {
            "count": 5,
            "mean": 17.966666666666665,
            "median": 19.966666666666665,
            "p95": 19.966666666666665,
            "max": 19.966666666666665
          },
          "inference_latency_ms": {
            "count": 2700,
            "mean": 0.02878703296296296,
            "median": 0.028039,
            "p95": 0.036099,
            "max": 0.063619
          },
          "grasp_planning": {
            "attempts": 0,
            "compute_ms_total": 0.0,
            "compute_ms_per_attempt": 0.0
          }
        },
        "medium_carton": {
          "episodes": 5,
          "success": {
            "count": 3,
            "trials": 5,
            "rate": 0.6,
            "ci95_low": 0.2307242812760128,
            "ci95_high": 0.882379225767352
          },
          "drop": {
            "count": 0,
            "trials": 5,
            "rate": 0.0,
            "ci95_low": 0.0,
            "ci95_high": 0.43448246478317476
          },
          "force_abort": {
            "count": 2,
            "trials": 5,
            "rate": 0.4,
            "ci95_low": 0.11762077423264783,
            "ci95_high": 0.769275718723987
          },
          "max_contact_force_n": {
            "count": 5,
            "mean": 23.248491477966308,
            "median": 9.785920143127441,
            "p95": 54.7849006652832,
            "max": 54.7849006652832
          },
          "duration_seconds": {
            "count": 5,
            "mean": 5.66,
            "median": 5.166666666666667,
            "p95": 8.166666666666666,
            "max": 8.166666666666666
          },
          "inference_latency_ms": {
            "count": 854,
            "mean": 15.53723361826698,
            "median": 0.0265295,
            "p95": 0.03229,
            "max": 6981.196246
          },
          "grasp_planning": {
            "attempts": 2,
            "compute_ms_total": 13245.488572999999,
            "compute_ms_per_attempt": 6622.744286499999
          }
        },
        "micro_box": {
          "episodes": 5,
          "success": {
            "count": 4,
            "trials": 5,
            "rate": 0.8,
            "ci95_low": 0.37553462976252533,
            "ci95_high": 0.9637758913675698
          },
          "drop": {
            "count": 0,
            "trials": 5,
            "rate": 0.0,
            "ci95_low": 0.0,
            "ci95_high": 0.43448246478317476
          },
          "force_abort": {
            "count": 0,
            "trials": 5,
            "rate": 0.0,
            "ci95_low": 0.0,
            "ci95_high": 0.43448246478317476
          },
          "max_contact_force_n": {
            "count": 5,
            "mean": 12.359807586669922,
            "median": 9.342918395996094,
            "p95": 21.070011138916016,
            "max": 21.070011138916016
          },
          "duration_seconds": {
            "count": 5,
            "mean": 5.66,
            "median": 5.166666666666667,
            "p95": 6.7,
            "max": 6.7
          },
          "inference_latency_ms": {
            "count": 854,
            "mean": 0.027420968384074942,
            "median": 0.0263295,
            "p95": 0.034499,
            "max": 0.137008
          },
          "grasp_planning": {
            "attempts": 0,
            "compute_ms_total": 0.0,
            "compute_ms_per_attempt": 0.0
          }
        },
        "near_limit_box": {
          "episodes": 5,
          "success": {
            "count": 1,
            "trials": 5,
            "rate": 0.2,
            "ci95_low": 0.03622410863243014,
            "ci95_high": 0.6244653702374747
          },
          "drop": {
            "count": 0,
            "trials": 5,
            "rate": 0.0,
            "ci95_low": 0.0,
            "ci95_high": 0.43448246478317476
          },
          "force_abort": {
            "count": 4,
            "trials": 5,
            "rate": 0.8,
            "ci95_low": 0.37553462976252533,
            "ci95_high": 0.9637758913675698
          },
          "max_contact_force_n": {
            "count": 5,
            "mean": 33.46378870010376,
            "median": 37.82037353515625,
            "p95": 47.5740966796875,
            "max": 47.5740966796875
          },
          "duration_seconds": {
            "count": 5,
            "mean": 4.14,
            "median": 2.033333333333333,
            "p95": 9.733333333333333,
            "max": 9.733333333333333
          },
          "inference_latency_ms": {
            "count": 626,
            "mean": 11.418850436102238,
            "median": 0.026849,
            "p95": 0.03198,
            "max": 5066.893979
          },
          "grasp_planning": {
            "attempts": 2,
            "compute_ms_total": 7130.530628,
            "compute_ms_per_attempt": 3565.265314
          }
        },
        "shoe_box_proxy": {
          "episodes": 5,
          "success": {
            "count": 5,
            "trials": 5,
            "rate": 1.0,
            "ci95_low": 0.5655175352168251,
            "ci95_high": 1.0
          },
          "drop": {
            "count": 0,
            "trials": 5,
            "rate": 0.0,
            "ci95_low": 0.0,
            "ci95_high": 0.43448246478317476
          },
          "force_abort": {
            "count": 0,
            "trials": 5,
            "rate": 0.0,
            "ci95_low": 0.0,
            "ci95_high": 0.43448246478317476
          },
          "max_contact_force_n": {
            "count": 5,
            "mean": 14.202070617675782,
            "median": 7.471179008483887,
            "p95": 34.46417236328125,
            "max": 34.46417236328125
          },
          "duration_seconds": {
            "count": 5,
            "mean": 6.359999999999999,
            "median": 5.833333333333333,
            "p95": 9.166666666666666,
            "max": 9.166666666666666
          },
          "inference_latency_ms": {
            "count": 959,
            "mean": 5.308223152241918,
            "median": 0.02597,
            "p95": 0.029899,
            "max": 5065.669532
          },
          "grasp_planning": {
            "attempts": 1,
            "compute_ms_total": 5065.433006,
            "compute_ms_per_attempt": 5065.433006
          }
        },
        "small_carton": {
          "episodes": 5,
          "success": {
            "count": 5,
            "trials": 5,
            "rate": 1.0,
            "ci95_low": 0.5655175352168251,
            "ci95_high": 1.0
          },
          "drop": {
            "count": 0,
            "trials": 5,
            "rate": 0.0,
            "ci95_low": 0.0,
            "ci95_high": 0.43448246478317476
          },
          "force_abort": {
            "count": 0,
            "trials": 5,
            "rate": 0.0,
            "ci95_low": 0.0,
            "ci95_high": 0.43448246478317476
          },
          "max_contact_force_n": {
            "count": 5,
            "mean": 13.08047113418579,
            "median": 11.146766662597656,
            "p95": 29.80854034423828,
            "max": 29.80854034423828
          },
          "duration_seconds": {
            "count": 5,
            "mean": 5.913333333333333,
            "median": 5.9,
            "p95": 6.8,
            "max": 6.8
          },
          "inference_latency_ms": {
            "count": 892,
            "mean": 0.026718505605381165,
            "median": 0.026194500000000003,
            "p95": 0.03275,
            "max": 0.114348
          },
          "grasp_planning": {
            "attempts": 0,
            "compute_ms_total": 0.0,
            "compute_ms_per_attempt": 0.0
          }
        },
        "upright_canister": {
          "episodes": 5,
          "success": {
            "count": 5,
            "trials": 5,
            "rate": 1.0,
            "ci95_low": 0.5655175352168251,
            "ci95_high": 1.0
          },
          "drop": {
            "count": 0,
            "trials": 5,
            "rate": 0.0,
            "ci95_low": 0.0,
            "ci95_high": 0.43448246478317476
          },
          "force_abort": {
            "count": 0,
            "trials": 5,
            "rate": 0.0,
            "ci95_low": 0.0,
            "ci95_high": 0.43448246478317476
          },
          "max_contact_force_n": {
            "count": 5,
            "mean": 15.128549957275391,
            "median": 14.131041526794434,
            "p95": 21.24993133544922,
            "max": 21.24993133544922
          },
          "duration_seconds": {
            "count": 5,
            "mean": 5.326666666666666,
            "median": 5.4,
            "p95": 7.366666666666666,
            "max": 7.366666666666666
          },
          "inference_latency_ms": {
            "count": 804,
            "mean": 0.02644142786069652,
            "median": 0.026404499999999997,
            "p95": 0.03038,
            "max": 0.044519
          },
          "grasp_planning": {
            "attempts": 0,
            "compute_ms_total": 0.0,
            "compute_ms_per_attempt": 0.0
          }
        }
      }
    }
  },
  "comparisons_to_reference": {
    "collision-checked-reset": {
      "episode_count": 60,
      "binary_metrics": {
        "success": {
          "baseline": {
            "count": 36,
            "trials": 60,
            "rate": 0.6,
            "ci95_low": 0.4736605349204075,
            "ci95_high": 0.7143050946511744
          },
          "candidate": {
            "count": 38,
            "trials": 60,
            "rate": 0.6333333333333333,
            "ci95_low": 0.5068300063010303,
            "ci95_high": 0.7437908331277456
          },
          "rate_difference_candidate_minus_baseline": 0.03333333333333333,
          "mcnemar": {
            "pairs": 60,
            "baseline_only_positive": 4,
            "candidate_only_positive": 6,
            "discordant_pairs": 10,
            "p_value_two_sided_exact": 0.75390625
          }
        },
        "drop": {
          "baseline": {
            "count": 0,
            "trials": 60,
            "rate": 0.0,
            "ci95_low": 0.0,
            "ci95_high": 0.06017185214208986
          },
          "candidate": {
            "count": 0,
            "trials": 60,
            "rate": 0.0,
            "ci95_low": 0.0,
            "ci95_high": 0.06017185214208986
          },
          "rate_difference_candidate_minus_baseline": 0.0,
          "mcnemar": {
            "pairs": 60,
            "baseline_only_positive": 0,
            "candidate_only_positive": 0,
            "discordant_pairs": 0,
            "p_value_two_sided_exact": 1.0
          }
        },
        "force_abort": {
          "baseline": {
            "count": 16,
            "trials": 60,
            "rate": 0.26666666666666666,
            "ci95_low": 0.17132640003280553,
            "ci95_high": 0.39008713096683645
          },
          "candidate": {
            "count": 15,
            "trials": 60,
            "rate": 0.25,
            "ci95_low": 0.15776522530056675,
            "ci95_high": 0.37232070077047824
          },
          "rate_difference_candidate_minus_baseline": -0.016666666666666666,
          "mcnemar": {
            "pairs": 60,
            "baseline_only_positive": 6,
            "candidate_only_positive": 5,
            "discordant_pairs": 11,
            "p_value_two_sided_exact": 1.0
          }
        }
      },
      "max_contact_force_n": {
        "pairs": 60,
        "mean_difference_candidate_minus_baseline": -4.577445149421692,
        "bootstrap_ci95_low": -11.87941517829895,
        "bootstrap_ci95_high": 2.0966978470484414,
        "bootstrap_samples": 10000,
        "permutation_method": "monte_carlo_sign_flip",
        "permutation_trials": 10000,
        "p_value_two_sided": 0.20587941205879412,
        "random_seed": 20260725
      },
      "duration_seconds": {
        "pairs": 60,
        "mean_difference_candidate_minus_baseline": -0.010555555555555566,
        "bootstrap_ci95_low": -0.9055555555555556,
        "bootstrap_ci95_high": 0.7444444444444444,
        "bootstrap_samples": 10000,
        "permutation_method": "monte_carlo_sign_flip",
        "permutation_trials": 10000,
        "p_value_two_sided": 0.9825017498250175,
        "random_seed": 20260725
      },
      "by_profile": {
        "book_box": {
          "episode_count": 5,
          "binary_metrics": {
            "success": {
              "baseline": {
                "count": 3,
                "trials": 5,
                "rate": 0.6,
                "ci95_low": 0.2307242812760128,
                "ci95_high": 0.882379225767352
              },
              "candidate": {
                "count": 3,
                "trials": 5,
                "rate": 0.6,
                "ci95_low": 0.2307242812760128,
                "ci95_high": 0.882379225767352
              },
              "rate_difference_candidate_minus_baseline": 0.0,
              "mcnemar": {
                "pairs": 5,
                "baseline_only_positive": 0,
                "candidate_only_positive": 0,
                "discordant_pairs": 0,
                "p_value_two_sided_exact": 1.0
              }
            },
            "drop": {
              "baseline": {
                "count": 0,
                "trials": 5,
                "rate": 0.0,
                "ci95_low": 0.0,
                "ci95_high": 0.43448246478317476
              },
              "candidate": {
                "count": 0,
                "trials": 5,
                "rate": 0.0,
                "ci95_low": 0.0,
                "ci95_high": 0.43448246478317476
              },
              "rate_difference_candidate_minus_baseline": 0.0,
              "mcnemar": {
                "pairs": 5,
                "baseline_only_positive": 0,
                "candidate_only_positive": 0,
                "discordant_pairs": 0,
                "p_value_two_sided_exact": 1.0
              }
            },
            "force_abort": {
              "baseline": {
                "count": 2,
                "trials": 5,
                "rate": 0.4,
                "ci95_low": 0.11762077423264783,
                "ci95_high": 0.769275718723987
              },
              "candidate": {
                "count": 1,
                "trials": 5,
                "rate": 0.2,
                "ci95_low": 0.03622410863243014,
                "ci95_high": 0.6244653702374747
              },
              "rate_difference_candidate_minus_baseline": -0.2,
              "mcnemar": {
                "pairs": 5,
                "baseline_only_positive": 1,
                "candidate_only_positive": 0,
                "discordant_pairs": 1,
                "p_value_two_sided_exact": 1.0
              }
            }
          },
          "max_contact_force_n": {
            "pairs": 5,
            "mean_difference_candidate_minus_baseline": -23.11033763885498,
            "bootstrap_ci95_low": -69.66116123199463,
            "bootstrap_ci95_high": 0.3301483154296875,
            "bootstrap_samples": 10000,
            "permutation_method": "exact_sign_flip",
            "permutation_trials": 32,
            "p_value_two_sided": 1.0,
            "random_seed": 20260725
          },
          "duration_seconds": {
            "pairs": 5,
            "mean_difference_candidate_minus_baseline": 0.6066666666666667,
            "bootstrap_ci95_low": 0.0,
            "bootstrap_ci95_high": 1.8200000000000003,
            "bootstrap_samples": 10000,
            "permutation_method": "exact_sign_flip",
            "permutation_trials": 32,
            "p_value_two_sided": 1.0,
            "random_seed": 20260725
          }
        },
        "electronics_box": {
          "episode_count": 5,
          "binary_metrics": {
            "success": {
              "baseline": {
                "count": 3,
                "trials": 5,
                "rate": 0.6,
                "ci95_low": 0.2307242812760128,
                "ci95_high": 0.882379225767352
              },
              "candidate": {
                "count": 2,
                "trials": 5,
                "rate": 0.4,
                "ci95_low": 0.11762077423264783,
                "ci95_high": 0.769275718723987
              },
              "rate_difference_candidate_minus_baseline": -0.2,
              "mcnemar": {
                "pairs": 5,
                "baseline_only_positive": 1,
                "candidate_only_positive": 0,
                "discordant_pairs": 1,
                "p_value_two_sided_exact": 1.0
              }
            },
            "drop": {
              "baseline": {
                "count": 0,
                "trials": 5,
                "rate": 0.0,
                "ci95_low": 0.0,
                "ci95_high": 0.43448246478317476
              },
              "candidate": {
                "count": 0,
                "trials": 5,
                "rate": 0.0,
                "ci95_low": 0.0,
                "ci95_high": 0.43448246478317476
              },
              "rate_difference_candidate_minus_baseline": 0.0,
              "mcnemar": {
                "pairs": 5,
                "baseline_only_positive": 0,
                "candidate_only_positive": 0,
                "discordant_pairs": 0,
                "p_value_two_sided_exact": 1.0
              }
            },
            "force_abort": {
              "baseline": {
                "count": 1,
                "trials": 5,
                "rate": 0.2,
                "ci95_low": 0.03622410863243014,
                "ci95_high": 0.6244653702374747
              },
              "candidate": {
                "count": 2,
                "trials": 5,
                "rate": 0.4,
                "ci95_low": 0.11762077423264783,
                "ci95_high": 0.769275718723987
              },
              "rate_difference_candidate_minus_baseline": 0.2,
              "mcnemar": {
                "pairs": 5,
                "baseline_only_positive": 0,
                "candidate_only_positive": 1,
                "discordant_pairs": 1,
                "p_value_two_sided_exact": 1.0
              }
            }
          },
          "max_contact_force_n": {
            "pairs": 5,
            "mean_difference_candidate_minus_baseline": 6.214956474304199,
            "bootstrap_ci95_low": -1.1502090454101563,
            "bootstrap_ci95_high": 19.795078468322753,
            "bootstrap_samples": 10000,
            "permutation_method": "exact_sign_flip",
            "permutation_trials": 32,
            "p_value_two_sided": 1.0,
            "random_seed": 20260725
          },
          "duration_seconds": {
            "pairs": 5,
            "mean_difference_candidate_minus_baseline": 0.4333333333333334,
            "bootstrap_ci95_low": -1.22,
            "bootstrap_ci95_high": 2.5200000000000005,
            "bootstrap_samples": 10000,
            "permutation_method": "exact_sign_flip",
            "permutation_trials": 32,
            "p_value_two_sided": 1.0,
            "random_seed": 20260725
          }
        },
        "flat_mailer": {
          "episode_count": 5,
          "binary_metrics": {
            "success": {
              "baseline": {
                "count": 3,
                "trials": 5,
                "rate": 0.6,
                "ci95_low": 0.2307242812760128,
                "ci95_high": 0.882379225767352
              },
              "candidate": {
                "count": 4,
                "trials": 5,
                "rate": 0.8,
                "ci95_low": 0.37553462976252533,
                "ci95_high": 0.9637758913675698
              },
              "rate_difference_candidate_minus_baseline": 0.2,
              "mcnemar": {
                "pairs": 5,
                "baseline_only_positive": 0,
                "candidate_only_positive": 1,
                "discordant_pairs": 1,
                "p_value_two_sided_exact": 1.0
              }
            },
            "drop": {
              "baseline": {
                "count": 0,
                "trials": 5,
                "rate": 0.0,
                "ci95_low": 0.0,
                "ci95_high": 0.43448246478317476
              },
              "candidate": {
                "count": 0,
                "trials": 5,
                "rate": 0.0,
                "ci95_low": 0.0,
                "ci95_high": 0.43448246478317476
              },
              "rate_difference_candidate_minus_baseline": 0.0,
              "mcnemar": {
                "pairs": 5,
                "baseline_only_positive": 0,
                "candidate_only_positive": 0,
                "discordant_pairs": 0,
                "p_value_two_sided_exact": 1.0
              }
            },
            "force_abort": {
              "baseline": {
                "count": 1,
                "trials": 5,
                "rate": 0.2,
                "ci95_low": 0.03622410863243014,
                "ci95_high": 0.6244653702374747
              },
              "candidate": {
                "count": 1,
                "trials": 5,
                "rate": 0.2,
                "ci95_low": 0.03622410863243014,
                "ci95_high": 0.6244653702374747
              },
              "rate_difference_candidate_minus_baseline": 0.0,
              "mcnemar": {
                "pairs": 5,
                "baseline_only_positive": 0,
                "candidate_only_positive": 0,
                "discordant_pairs": 0,
                "p_value_two_sided_exact": 1.0
              }
            }
          },
          "max_contact_force_n": {
            "pairs": 5,
            "mean_difference_candidate_minus_baseline": -6.765404415130615,
            "bootstrap_ci95_low": -12.396733951568603,
            "bootstrap_ci95_high": -1.1842632293701172,
            "bootstrap_samples": 10000,
            "permutation_method": "exact_sign_flip",
            "permutation_trials": 32,
            "p_value_two_sided": 0.25,
            "random_seed": 20260725
          },
          "duration_seconds": {
            "pairs": 5,
            "mean_difference_candidate_minus_baseline": 0.6733333333333335,
            "bootstrap_ci95_low": -0.43999999999999984,
            "bootstrap_ci95_high": 2.586666666666667,
            "bootstrap_samples": 10000,
            "permutation_method": "exact_sign_flip",
            "permutation_trials": 32,
            "p_value_two_sided": 1.0,
            "random_seed": 20260725
          }
        },
        "large_narrow_carton": {
          "episode_count": 5,
          "binary_metrics": {
            "success": {
              "baseline": {
                "count": 2,
                "trials": 5,
                "rate": 0.4,
                "ci95_low": 0.11762077423264783,
                "ci95_high": 0.769275718723987
              },
              "candidate": {
                "count": 1,
                "trials": 5,
                "rate": 0.2,
                "ci95_low": 0.03622410863243014,
                "ci95_high": 0.6244653702374747
              },
              "rate_difference_candidate_minus_baseline": -0.2,
              "mcnemar": {
                "pairs": 5,
                "baseline_only_positive": 1,
                "candidate_only_positive": 0,
                "discordant_pairs": 1,
                "p_value_two_sided_exact": 1.0
              }
            },
            "drop": {
              "baseline": {
                "count": 0,
                "trials": 5,
                "rate": 0.0,
                "ci95_low": 0.0,
                "ci95_high": 0.43448246478317476
              },
              "candidate": {
                "count": 0,
                "trials": 5,
                "rate": 0.0,
                "ci95_low": 0.0,
                "ci95_high": 0.43448246478317476
              },
              "rate_difference_candidate_minus_baseline": 0.0,
              "mcnemar": {
                "pairs": 5,
                "baseline_only_positive": 0,
                "candidate_only_positive": 0,
                "discordant_pairs": 0,
                "p_value_two_sided_exact": 1.0
              }
            },
            "force_abort": {
              "baseline": {
                "count": 3,
                "trials": 5,
                "rate": 0.6,
                "ci95_low": 0.2307242812760128,
                "ci95_high": 0.882379225767352
              },
              "candidate": {
                "count": 4,
                "trials": 5,
                "rate": 0.8,
                "ci95_low": 0.37553462976252533,
                "ci95_high": 0.9637758913675698
              },
              "rate_difference_candidate_minus_baseline": 0.2,
              "mcnemar": {
                "pairs": 5,
                "baseline_only_positive": 0,
                "candidate_only_positive": 1,
                "discordant_pairs": 1,
                "p_value_two_sided_exact": 1.0
              }
            }
          },
          "max_contact_force_n": {
            "pairs": 5,
            "mean_difference_candidate_minus_baseline": 19.863520526885985,
            "bootstrap_ci95_low": -4.258439636230468,
            "bootstrap_ci95_high": 52.22372407913208,
            "bootstrap_samples": 10000,
            "permutation_method": "exact_sign_flip",
            "permutation_trials": 32,
            "p_value_two_sided": 0.5,
            "random_seed": 20260725
          },
          "duration_seconds": {
            "pairs": 5,
            "mean_difference_candidate_minus_baseline": -0.006666666666666732,
            "bootstrap_ci95_low": -2.9000000000000004,
            "bootstrap_ci95_high": 3.44,
            "bootstrap_samples": 10000,
            "permutation_method": "exact_sign_flip",
            "permutation_trials": 32,
            "p_value_two_sided": 1.0,
            "random_seed": 20260725
          }
        },
        "long_carton": {
          "episode_count": 5,
          "binary_metrics": {
            "success": {
              "baseline": {
                "count": 4,
                "trials": 5,
                "rate": 0.8,
                "ci95_low": 0.37553462976252533,
                "ci95_high": 0.9637758913675698
              },
              "candidate": {
                "count": 3,
                "trials": 5,
                "rate": 0.6,
                "ci95_low": 0.2307242812760128,
                "ci95_high": 0.882379225767352
              },
              "rate_difference_candidate_minus_baseline": -0.2,
              "mcnemar": {
                "pairs": 5,
                "baseline_only_positive": 1,
                "candidate_only_positive": 0,
                "discordant_pairs": 1,
                "p_value_two_sided_exact": 1.0
              }
            },
            "drop": {
              "baseline": {
                "count": 0,
                "trials": 5,
                "rate": 0.0,
                "ci95_low": 0.0,
                "ci95_high": 0.43448246478317476
              },
              "candidate": {
                "count": 0,
                "trials": 5,
                "rate": 0.0,
                "ci95_low": 0.0,
                "ci95_high": 0.43448246478317476
              },
              "rate_difference_candidate_minus_baseline": 0.0,
              "mcnemar": {
                "pairs": 5,
                "baseline_only_positive": 0,
                "candidate_only_positive": 0,
                "discordant_pairs": 0,
                "p_value_two_sided_exact": 1.0
              }
            },
            "force_abort": {
              "baseline": {
                "count": 1,
                "trials": 5,
                "rate": 0.2,
                "ci95_low": 0.03622410863243014,
                "ci95_high": 0.6244653702374747
              },
              "candidate": {
                "count": 2,
                "trials": 5,
                "rate": 0.4,
                "ci95_low": 0.11762077423264783,
                "ci95_high": 0.769275718723987
              },
              "rate_difference_candidate_minus_baseline": 0.2,
              "mcnemar": {
                "pairs": 5,
                "baseline_only_positive": 0,
                "candidate_only_positive": 1,
                "discordant_pairs": 1,
                "p_value_two_sided_exact": 1.0
              }
            }
          },
          "max_contact_force_n": {
            "pairs": 5,
            "mean_difference_candidate_minus_baseline": 6.074985504150391,
            "bootstrap_ci95_low": -0.31920318603515624,
            "bootstrap_ci95_high": 18.54415969848633,
            "bootstrap_samples": 10000,
            "permutation_method": "exact_sign_flip",
            "permutation_trials": 32,
            "p_value_two_sided": 1.0,
            "random_seed": 20260725
          },
          "duration_seconds": {
            "pairs": 5,
            "mean_difference_candidate_minus_baseline": -0.8666666666666668,
            "bootstrap_ci95_low": -2.3333333333333335,
            "bootstrap_ci95_high": 0.0,
            "bootstrap_samples": 10000,
            "permutation_method": "exact_sign_flip",
            "permutation_trials": 32,
            "p_value_two_sided": 0.5,
            "random_seed": 20260725
          }
        },
        "mailing_tube": {
          "episode_count": 5,
          "binary_metrics": {
            "success": {
              "baseline": {
                "count": 1,
                "trials": 5,
                "rate": 0.2,
                "ci95_low": 0.03622410863243014,
                "ci95_high": 0.6244653702374747
              },
              "candidate": {
                "count": 1,
                "trials": 5,
                "rate": 0.2,
                "ci95_low": 0.03622410863243014,
                "ci95_high": 0.6244653702374747
              },
              "rate_difference_candidate_minus_baseline": 0.0,
              "mcnemar": {
                "pairs": 5,
                "baseline_only_positive": 0,
                "candidate_only_positive": 0,
                "discordant_pairs": 0,
                "p_value_two_sided_exact": 1.0
              }
            },
            "drop": {
              "baseline": {
                "count": 0,
                "trials": 5,
                "rate": 0.0,
                "ci95_low": 0.0,
                "ci95_high": 0.43448246478317476
              },
              "candidate": {
                "count": 0,
                "trials": 5,
                "rate": 0.0,
                "ci95_low": 0.0,
                "ci95_high": 0.43448246478317476
              },
              "rate_difference_candidate_minus_baseline": 0.0,
              "mcnemar": {
                "pairs": 5,
                "baseline_only_positive": 0,
                "candidate_only_positive": 0,
                "discordant_pairs": 0,
                "p_value_two_sided_exact": 1.0
              }
            },
            "force_abort": {
              "baseline": {
                "count": 1,
                "trials": 5,
                "rate": 0.2,
                "ci95_low": 0.03622410863243014,
                "ci95_high": 0.6244653702374747
              },
              "candidate": {
                "count": 0,
                "trials": 5,
                "rate": 0.0,
                "ci95_low": 0.0,
                "ci95_high": 0.43448246478317476
              },
              "rate_difference_candidate_minus_baseline": -0.2,
              "mcnemar": {
                "pairs": 5,
                "baseline_only_positive": 1,
                "candidate_only_positive": 0,
                "discordant_pairs": 1,
                "p_value_two_sided_exact": 1.0
              }
            }
          },
          "max_contact_force_n": {
            "pairs": 5,
            "mean_difference_candidate_minus_baseline": -5.130173110961914,
            "bootstrap_ci95_low": -15.390519332885741,
            "bootstrap_ci95_high": 0.0,
            "bootstrap_samples": 10000,
            "permutation_method": "exact_sign_flip",
            "permutation_trials": 32,
            "p_value_two_sided": 1.0,
            "random_seed": 20260725
          },
          "duration_seconds": {
            "pairs": 5,
            "mean_difference_candidate_minus_baseline": 1.4666666666666663,
            "bootstrap_ci95_low": 0.0,
            "bootstrap_ci95_high": 4.3999999999999995,
            "bootstrap_samples": 10000,
            "permutation_method": "exact_sign_flip",
            "permutation_trials": 32,
            "p_value_two_sided": 1.0,
            "random_seed": 20260725
          }
        },
        "medium_carton": {
          "episode_count": 5,
          "binary_metrics": {
            "success": {
              "baseline": {
                "count": 3,
                "trials": 5,
                "rate": 0.6,
                "ci95_low": 0.2307242812760128,
                "ci95_high": 0.882379225767352
              },
              "candidate": {
                "count": 5,
                "trials": 5,
                "rate": 1.0,
                "ci95_low": 0.5655175352168251,
                "ci95_high": 1.0
              },
              "rate_difference_candidate_minus_baseline": 0.4,
              "mcnemar": {
                "pairs": 5,
                "baseline_only_positive": 0,
                "candidate_only_positive": 2,
                "discordant_pairs": 2,
                "p_value_two_sided_exact": 0.5
              }
            },
            "drop": {
              "baseline": {
                "count": 0,
                "trials": 5,
                "rate": 0.0,
                "ci95_low": 0.0,
                "ci95_high": 0.43448246478317476
              },
              "candidate": {
                "count": 0,
                "trials": 5,
                "rate": 0.0,
                "ci95_low": 0.0,
                "ci95_high": 0.43448246478317476
              },
              "rate_difference_candidate_minus_baseline": 0.0,
              "mcnemar": {
                "pairs": 5,
                "baseline_only_positive": 0,
                "candidate_only_positive": 0,
                "discordant_pairs": 0,
                "p_value_two_sided_exact": 1.0
              }
            },
            "force_abort": {
              "baseline": {
                "count": 2,
                "trials": 5,
                "rate": 0.4,
                "ci95_low": 0.11762077423264783,
                "ci95_high": 0.769275718723987
              },
              "candidate": {
                "count": 0,
                "trials": 5,
                "rate": 0.0,
                "ci95_low": 0.0,
                "ci95_high": 0.43448246478317476
              },
              "rate_difference_candidate_minus_baseline": -0.4,
              "mcnemar": {
                "pairs": 5,
                "baseline_only_positive": 2,
                "candidate_only_positive": 0,
                "discordant_pairs": 2,
                "p_value_two_sided_exact": 0.5
              }
            }
          },
          "max_contact_force_n": {
            "pairs": 5,
            "mean_difference_candidate_minus_baseline": -24.24162006378174,
            "bootstrap_ci95_low": -56.77575511932373,
            "bootstrap_ci95_high": 1.2272422790527344,
            "bootstrap_samples": 10000,
            "permutation_method": "exact_sign_flip",
            "permutation_trials": 32,
            "p_value_two_sided": 0.5,
            "random_seed": 20260725
          },
          "duration_seconds": {
            "pairs": 5,
            "mean_difference_candidate_minus_baseline": 0.6133333333333333,
            "bootstrap_ci95_low": -0.6866666666666668,
            "bootstrap_ci95_high": 2.6533333333333333,
            "bootstrap_samples": 10000,
            "permutation_method": "exact_sign_flip",
            "permutation_trials": 32,
            "p_value_two_sided": 1.0,
            "random_seed": 20260725
          }
        },
        "micro_box": {
          "episode_count": 5,
          "binary_metrics": {
            "success": {
              "baseline": {
                "count": 3,
                "trials": 5,
                "rate": 0.6,
                "ci95_low": 0.2307242812760128,
                "ci95_high": 0.882379225767352
              },
              "candidate": {
                "count": 4,
                "trials": 5,
                "rate": 0.8,
                "ci95_low": 0.37553462976252533,
                "ci95_high": 0.9637758913675698
              },
              "rate_difference_candidate_minus_baseline": 0.2,
              "mcnemar": {
                "pairs": 5,
                "baseline_only_positive": 0,
                "candidate_only_positive": 1,
                "discordant_pairs": 1,
                "p_value_two_sided_exact": 1.0
              }
            },
            "drop": {
              "baseline": {
                "count": 0,
                "trials": 5,
                "rate": 0.0,
                "ci95_low": 0.0,
                "ci95_high": 0.43448246478317476
              },
              "candidate": {
                "count": 0,
                "trials": 5,
                "rate": 0.0,
                "ci95_low": 0.0,
                "ci95_high": 0.43448246478317476
              },
              "rate_difference_candidate_minus_baseline": 0.0,
              "mcnemar": {
                "pairs": 5,
                "baseline_only_positive": 0,
                "candidate_only_positive": 0,
                "discordant_pairs": 0,
                "p_value_two_sided_exact": 1.0
              }
            },
            "force_abort": {
              "baseline": {
                "count": 1,
                "trials": 5,
                "rate": 0.2,
                "ci95_low": 0.03622410863243014,
                "ci95_high": 0.6244653702374747
              },
              "candidate": {
                "count": 0,
                "trials": 5,
                "rate": 0.0,
                "ci95_low": 0.0,
                "ci95_high": 0.43448246478317476
              },
              "rate_difference_candidate_minus_baseline": -0.2,
              "mcnemar": {
                "pairs": 5,
                "baseline_only_positive": 1,
                "candidate_only_positive": 0,
                "discordant_pairs": 1,
                "p_value_two_sided_exact": 1.0
              }
            }
          },
          "max_contact_force_n": {
            "pairs": 5,
            "mean_difference_candidate_minus_baseline": -6.612784576416016,
            "bootstrap_ci95_low": -19.83835372924805,
            "bootstrap_ci95_high": 0.0,
            "bootstrap_samples": 10000,
            "permutation_method": "exact_sign_flip",
            "permutation_trials": 32,
            "p_value_two_sided": 1.0,
            "random_seed": 20260725
          },
          "duration_seconds": {
            "pairs": 5,
            "mean_difference_candidate_minus_baseline": 0.7866666666666667,
            "bootstrap_ci95_low": 0.0,
            "bootstrap_ci95_high": 2.3600000000000003,
            "bootstrap_samples": 10000,
            "permutation_method": "exact_sign_flip",
            "permutation_trials": 32,
            "p_value_two_sided": 1.0,
            "random_seed": 20260725
          }
        },
        "near_limit_box": {
          "episode_count": 5,
          "binary_metrics": {
            "success": {
              "baseline": {
                "count": 2,
                "trials": 5,
                "rate": 0.4,
                "ci95_low": 0.11762077423264783,
                "ci95_high": 0.769275718723987
              },
              "candidate": {
                "count": 1,
                "trials": 5,
                "rate": 0.2,
                "ci95_low": 0.03622410863243014,
                "ci95_high": 0.6244653702374747
              },
              "rate_difference_candidate_minus_baseline": -0.2,
              "mcnemar": {
                "pairs": 5,
                "baseline_only_positive": 1,
                "candidate_only_positive": 0,
                "discordant_pairs": 1,
                "p_value_two_sided_exact": 1.0
              }
            },
            "drop": {
              "baseline": {
                "count": 0,
                "trials": 5,
                "rate": 0.0,
                "ci95_low": 0.0,
                "ci95_high": 0.43448246478317476
              },
              "candidate": {
                "count": 0,
                "trials": 5,
                "rate": 0.0,
                "ci95_low": 0.0,
                "ci95_high": 0.43448246478317476
              },
              "rate_difference_candidate_minus_baseline": 0.0,
              "mcnemar": {
                "pairs": 5,
                "baseline_only_positive": 0,
                "candidate_only_positive": 0,
                "discordant_pairs": 0,
                "p_value_two_sided_exact": 1.0
              }
            },
            "force_abort": {
              "baseline": {
                "count": 2,
                "trials": 5,
                "rate": 0.4,
                "ci95_low": 0.11762077423264783,
                "ci95_high": 0.769275718723987
              },
              "candidate": {
                "count": 4,
                "trials": 5,
                "rate": 0.8,
                "ci95_low": 0.37553462976252533,
                "ci95_high": 0.9637758913675698
              },
              "rate_difference_candidate_minus_baseline": 0.4,
              "mcnemar": {
                "pairs": 5,
                "baseline_only_positive": 0,
                "candidate_only_positive": 2,
                "discordant_pairs": 2,
                "p_value_two_sided_exact": 0.5
              }
            }
          },
          "max_contact_force_n": {
            "pairs": 5,
            "mean_difference_candidate_minus_baseline": 6.773873519897461,
            "bootstrap_ci95_low": -3.9488941192626954,
            "bootstrap_ci95_high": 21.422575378417967,
            "bootstrap_samples": 10000,
            "permutation_method": "exact_sign_flip",
            "permutation_trials": 32,
            "p_value_two_sided": 0.75,
            "random_seed": 20260725
          },
          "duration_seconds": {
            "pairs": 5,
            "mean_difference_candidate_minus_baseline": -4.9799999999999995,
            "bootstrap_ci95_low": -12.013333333333332,
            "bootstrap_ci95_high": -0.3666666666666667,
            "bootstrap_samples": 10000,
            "permutation_method": "exact_sign_flip",
            "permutation_trials": 32,
            "p_value_two_sided": 0.125,
            "random_seed": 20260725
          }
        },
        "shoe_box_proxy": {
          "episode_count": 5,
          "binary_metrics": {
            "success": {
              "baseline": {
                "count": 3,
                "trials": 5,
                "rate": 0.6,
                "ci95_low": 0.2307242812760128,
                "ci95_high": 0.882379225767352
              },
              "candidate": {
                "count": 4,
                "trials": 5,
                "rate": 0.8,
                "ci95_low": 0.37553462976252533,
                "ci95_high": 0.9637758913675698
              },
              "rate_difference_candidate_minus_baseline": 0.2,
              "mcnemar": {
                "pairs": 5,
                "baseline_only_positive": 0,
                "candidate_only_positive": 1,
                "discordant_pairs": 1,
                "p_value_two_sided_exact": 1.0
              }
            },
            "drop": {
              "baseline": {
                "count": 0,
                "trials": 5,
                "rate": 0.0,
                "ci95_low": 0.0,
                "ci95_high": 0.43448246478317476
              },
              "candidate": {
                "count": 0,
                "trials": 5,
                "rate": 0.0,
                "ci95_low": 0.0,
                "ci95_high": 0.43448246478317476
              },
              "rate_difference_candidate_minus_baseline": 0.0,
              "mcnemar": {
                "pairs": 5,
                "baseline_only_positive": 0,
                "candidate_only_positive": 0,
                "discordant_pairs": 0,
                "p_value_two_sided_exact": 1.0
              }
            },
            "force_abort": {
              "baseline": {
                "count": 2,
                "trials": 5,
                "rate": 0.4,
                "ci95_low": 0.11762077423264783,
                "ci95_high": 0.769275718723987
              },
              "candidate": {
                "count": 1,
                "trials": 5,
                "rate": 0.2,
                "ci95_low": 0.03622410863243014,
                "ci95_high": 0.6244653702374747
              },
              "rate_difference_candidate_minus_baseline": -0.2,
              "mcnemar": {
                "pairs": 5,
                "baseline_only_positive": 1,
                "candidate_only_positive": 0,
                "discordant_pairs": 1,
                "p_value_two_sided_exact": 1.0
              }
            }
          },
          "max_contact_force_n": {
            "pairs": 5,
            "mean_difference_candidate_minus_baseline": -24.098519229888915,
            "bootstrap_ci95_low": -62.8328537940979,
            "bootstrap_ci95_high": 2.2415977478027345,
            "bootstrap_samples": 10000,
            "permutation_method": "exact_sign_flip",
            "permutation_trials": 32,
            "p_value_two_sided": 0.5,
            "random_seed": 20260725
          },
          "duration_seconds": {
            "pairs": 5,
            "mean_difference_candidate_minus_baseline": 1.28,
            "bootstrap_ci95_low": -0.6399999999999999,
            "bootstrap_ci95_high": 4.24,
            "bootstrap_samples": 10000,
            "permutation_method": "exact_sign_flip",
            "permutation_trials": 32,
            "p_value_two_sided": 0.625,
            "random_seed": 20260725
          }
        },
        "small_carton": {
          "episode_count": 5,
          "binary_metrics": {
            "success": {
              "baseline": {
                "count": 5,
                "trials": 5,
                "rate": 1.0,
                "ci95_low": 0.5655175352168251,
                "ci95_high": 1.0
              },
              "candidate": {
                "count": 5,
                "trials": 5,
                "rate": 1.0,
                "ci95_low": 0.5655175352168251,
                "ci95_high": 1.0
              },
              "rate_difference_candidate_minus_baseline": 0.0,
              "mcnemar": {
                "pairs": 5,
                "baseline_only_positive": 0,
                "candidate_only_positive": 0,
                "discordant_pairs": 0,
                "p_value_two_sided_exact": 1.0
              }
            },
            "drop": {
              "baseline": {
                "count": 0,
                "trials": 5,
                "rate": 0.0,
                "ci95_low": 0.0,
                "ci95_high": 0.43448246478317476
              },
              "candidate": {
                "count": 0,
                "trials": 5,
                "rate": 0.0,
                "ci95_low": 0.0,
                "ci95_high": 0.43448246478317476
              },
              "rate_difference_candidate_minus_baseline": 0.0,
              "mcnemar": {
                "pairs": 5,
                "baseline_only_positive": 0,
                "candidate_only_positive": 0,
                "discordant_pairs": 0,
                "p_value_two_sided_exact": 1.0
              }
            },
            "force_abort": {
              "baseline": {
                "count": 0,
                "trials": 5,
                "rate": 0.0,
                "ci95_low": 0.0,
                "ci95_high": 0.43448246478317476
              },
              "candidate": {
                "count": 0,
                "trials": 5,
                "rate": 0.0,
                "ci95_low": 0.0,
                "ci95_high": 0.43448246478317476
              },
              "rate_difference_candidate_minus_baseline": 0.0,
              "mcnemar": {
                "pairs": 5,
                "baseline_only_positive": 0,
                "candidate_only_positive": 0,
                "discordant_pairs": 0,
                "p_value_two_sided_exact": 1.0
              }
            }
          },
          "max_contact_force_n": {
            "pairs": 5,
            "mean_difference_candidate_minus_baseline": 0.0,
            "bootstrap_ci95_low": 0.0,
            "bootstrap_ci95_high": 0.0,
            "bootstrap_samples": 10000,
            "permutation_method": "exact_sign_flip",
            "permutation_trials": 32,
            "p_value_two_sided": 1.0,
            "random_seed": 20260725
          },
          "duration_seconds": {
            "pairs": 5,
            "mean_difference_candidate_minus_baseline": 0.0,
            "bootstrap_ci95_low": 0.0,
            "bootstrap_ci95_high": 0.0,
            "bootstrap_samples": 10000,
            "permutation_method": "exact_sign_flip",
            "permutation_trials": 32,
            "p_value_two_sided": 1.0,
            "random_seed": 20260725
          }
        },
        "upright_canister": {
          "episode_count": 5,
          "binary_metrics": {
            "success": {
              "baseline": {
                "count": 4,
                "trials": 5,
                "rate": 0.8,
                "ci95_low": 0.37553462976252533,
                "ci95_high": 0.9637758913675698
              },
              "candidate": {
                "count": 5,
                "trials": 5,
                "rate": 1.0,
                "ci95_low": 0.5655175352168251,
                "ci95_high": 1.0
              },
              "rate_difference_candidate_minus_baseline": 0.2,
              "mcnemar": {
                "pairs": 5,
                "baseline_only_positive": 0,
                "candidate_only_positive": 1,
                "discordant_pairs": 1,
                "p_value_two_sided_exact": 1.0
              }
            },
            "drop": {
              "baseline": {
                "count": 0,
                "trials": 5,
                "rate": 0.0,
                "ci95_low": 0.0,
                "ci95_high": 0.43448246478317476
              },
              "candidate": {
                "count": 0,
                "trials": 5,
                "rate": 0.0,
                "ci95_low": 0.0,
                "ci95_high": 0.43448246478317476
              },
              "rate_difference_candidate_minus_baseline": 0.0,
              "mcnemar": {
                "pairs": 5,
                "baseline_only_positive": 0,
                "candidate_only_positive": 0,
                "discordant_pairs": 0,
                "p_value_two_sided_exact": 1.0
              }
            },
            "force_abort": {
              "baseline": {
                "count": 0,
                "trials": 5,
                "rate": 0.0,
                "ci95_low": 0.0,
                "ci95_high": 0.43448246478317476
              },
              "candidate": {
                "count": 0,
                "trials": 5,
                "rate": 0.0,
                "ci95_low": 0.0,
                "ci95_high": 0.43448246478317476
              },
              "rate_difference_candidate_minus_baseline": 0.0,
              "mcnemar": {
                "pairs": 5,
                "baseline_only_positive": 0,
                "candidate_only_positive": 0,
                "discordant_pairs": 0,
                "p_value_two_sided_exact": 1.0
              }
            }
          },
          "max_contact_force_n": {
            "pairs": 5,
            "mean_difference_candidate_minus_baseline": -3.8978387832641603,
            "bootstrap_ci95_low": -11.69351634979248,
            "bootstrap_ci95_high": 0.0,
            "bootstrap_samples": 10000,
            "permutation_method": "exact_sign_flip",
            "permutation_trials": 32,
            "p_value_two_sided": 1.0,
            "random_seed": 20260725
          },
          "duration_seconds": {
            "pairs": 5,
            "mean_difference_candidate_minus_baseline": -0.1333333333333334,
            "bootstrap_ci95_low": -0.4000000000000002,
            "bootstrap_ci95_high": 0.0,
            "bootstrap_samples": 10000,
            "permutation_method": "exact_sign_flip",
            "permutation_trials": 32,
            "p_value_two_sided": 1.0,
            "random_seed": 20260725
          }
        }
      }
    },
    "geometry-aware-planner": {
      "episode_count": 60,
      "binary_metrics": {
        "success": {
          "baseline": {
            "count": 36,
            "trials": 60,
            "rate": 0.6,
            "ci95_low": 0.4736605349204075,
            "ci95_high": 0.7143050946511744
          },
          "candidate": {
            "count": 38,
            "trials": 60,
            "rate": 0.6333333333333333,
            "ci95_low": 0.5068300063010303,
            "ci95_high": 0.7437908331277456
          },
          "rate_difference_candidate_minus_baseline": 0.03333333333333333,
          "mcnemar": {
            "pairs": 60,
            "baseline_only_positive": 4,
            "candidate_only_positive": 6,
            "discordant_pairs": 10,
            "p_value_two_sided_exact": 0.75390625
          }
        },
        "drop": {
          "baseline": {
            "count": 0,
            "trials": 60,
            "rate": 0.0,
            "ci95_low": 0.0,
            "ci95_high": 0.06017185214208986
          },
          "candidate": {
            "count": 0,
            "trials": 60,
            "rate": 0.0,
            "ci95_low": 0.0,
            "ci95_high": 0.06017185214208986
          },
          "rate_difference_candidate_minus_baseline": 0.0,
          "mcnemar": {
            "pairs": 60,
            "baseline_only_positive": 0,
            "candidate_only_positive": 0,
            "discordant_pairs": 0,
            "p_value_two_sided_exact": 1.0
          }
        },
        "force_abort": {
          "baseline": {
            "count": 16,
            "trials": 60,
            "rate": 0.26666666666666666,
            "ci95_low": 0.17132640003280553,
            "ci95_high": 0.39008713096683645
          },
          "candidate": {
            "count": 15,
            "trials": 60,
            "rate": 0.25,
            "ci95_low": 0.15776522530056675,
            "ci95_high": 0.37232070077047824
          },
          "rate_difference_candidate_minus_baseline": -0.016666666666666666,
          "mcnemar": {
            "pairs": 60,
            "baseline_only_positive": 6,
            "candidate_only_positive": 5,
            "discordant_pairs": 11,
            "p_value_two_sided_exact": 1.0
          }
        }
      },
      "max_contact_force_n": {
        "pairs": 60,
        "mean_difference_candidate_minus_baseline": -2.9264145453770953,
        "bootstrap_ci95_low": -10.695747383435567,
        "bootstrap_ci95_high": 4.362663467725118,
        "bootstrap_samples": 10000,
        "permutation_method": "monte_carlo_sign_flip",
        "permutation_trials": 10000,
        "p_value_two_sided": 0.45045495450454953,
        "random_seed": 20260725
      },
      "duration_seconds": {
        "pairs": 60,
        "mean_difference_candidate_minus_baseline": 0.11055555555555552,
        "bootstrap_ci95_low": -0.5672222222222222,
        "bootstrap_ci95_high": 0.7677777777777778,
        "bootstrap_samples": 10000,
        "permutation_method": "monte_carlo_sign_flip",
        "permutation_trials": 10000,
        "p_value_two_sided": 0.7585241475852414,
        "random_seed": 20260725
      },
      "by_profile": {
        "book_box": {
          "episode_count": 5,
          "binary_metrics": {
            "success": {
              "baseline": {
                "count": 3,
                "trials": 5,
                "rate": 0.6,
                "ci95_low": 0.2307242812760128,
                "ci95_high": 0.882379225767352
              },
              "candidate": {
                "count": 3,
                "trials": 5,
                "rate": 0.6,
                "ci95_low": 0.2307242812760128,
                "ci95_high": 0.882379225767352
              },
              "rate_difference_candidate_minus_baseline": 0.0,
              "mcnemar": {
                "pairs": 5,
                "baseline_only_positive": 0,
                "candidate_only_positive": 0,
                "discordant_pairs": 0,
                "p_value_two_sided_exact": 1.0
              }
            },
            "drop": {
              "baseline": {
                "count": 0,
                "trials": 5,
                "rate": 0.0,
                "ci95_low": 0.0,
                "ci95_high": 0.43448246478317476
              },
              "candidate": {
                "count": 0,
                "trials": 5,
                "rate": 0.0,
                "ci95_low": 0.0,
                "ci95_high": 0.43448246478317476
              },
              "rate_difference_candidate_minus_baseline": 0.0,
              "mcnemar": {
                "pairs": 5,
                "baseline_only_positive": 0,
                "candidate_only_positive": 0,
                "discordant_pairs": 0,
                "p_value_two_sided_exact": 1.0
              }
            },
            "force_abort": {
              "baseline": {
                "count": 2,
                "trials": 5,
                "rate": 0.4,
                "ci95_low": 0.11762077423264783,
                "ci95_high": 0.769275718723987
              },
              "candidate": {
                "count": 1,
                "trials": 5,
                "rate": 0.2,
                "ci95_low": 0.03622410863243014,
                "ci95_high": 0.6244653702374747
              },
              "rate_difference_candidate_minus_baseline": -0.2,
              "mcnemar": {
                "pairs": 5,
                "baseline_only_positive": 1,
                "candidate_only_positive": 0,
                "discordant_pairs": 1,
                "p_value_two_sided_exact": 1.0
              }
            }
          },
          "max_contact_force_n": {
            "pairs": 5,
            "mean_difference_candidate_minus_baseline": -23.220387077331544,
            "bootstrap_ci95_low": -69.66116123199463,
            "bootstrap_ci95_high": 0.0,
            "bootstrap_samples": 10000,
            "permutation_method": "exact_sign_flip",
            "permutation_trials": 32,
            "p_value_two_sided": 1.0,
            "random_seed": 20260725
          },
          "duration_seconds": {
            "pairs": 5,
            "mean_difference_candidate_minus_baseline": 0.6066666666666667,
            "bootstrap_ci95_low": 0.0,
            "bootstrap_ci95_high": 1.8200000000000003,
            "bootstrap_samples": 10000,
            "permutation_method": "exact_sign_flip",
            "permutation_trials": 32,
            "p_value_two_sided": 1.0,
            "random_seed": 20260725
          }
        },
        "electronics_box": {
          "episode_count": 5,
          "binary_metrics": {
            "success": {
              "baseline": {
                "count": 3,
                "trials": 5,
                "rate": 0.6,
                "ci95_low": 0.2307242812760128,
                "ci95_high": 0.882379225767352
              },
              "candidate": {
                "count": 2,
                "trials": 5,
                "rate": 0.4,
                "ci95_low": 0.11762077423264783,
                "ci95_high": 0.769275718723987
              },
              "rate_difference_candidate_minus_baseline": -0.2,
              "mcnemar": {
                "pairs": 5,
                "baseline_only_positive": 1,
                "candidate_only_positive": 0,
                "discordant_pairs": 1,
                "p_value_two_sided_exact": 1.0
              }
            },
            "drop": {
              "baseline": {
                "count": 0,
                "trials": 5,
                "rate": 0.0,
                "ci95_low": 0.0,
                "ci95_high": 0.43448246478317476
              },
              "candidate": {
                "count": 0,
                "trials": 5,
                "rate": 0.0,
                "ci95_low": 0.0,
                "ci95_high": 0.43448246478317476
              },
              "rate_difference_candidate_minus_baseline": 0.0,
              "mcnemar": {
                "pairs": 5,
                "baseline_only_positive": 0,
                "candidate_only_positive": 0,
                "discordant_pairs": 0,
                "p_value_two_sided_exact": 1.0
              }
            },
            "force_abort": {
              "baseline": {
                "count": 1,
                "trials": 5,
                "rate": 0.2,
                "ci95_low": 0.03622410863243014,
                "ci95_high": 0.6244653702374747
              },
              "candidate": {
                "count": 2,
                "trials": 5,
                "rate": 0.4,
                "ci95_low": 0.11762077423264783,
                "ci95_high": 0.769275718723987
              },
              "rate_difference_candidate_minus_baseline": 0.2,
              "mcnemar": {
                "pairs": 5,
                "baseline_only_positive": 0,
                "candidate_only_positive": 1,
                "discordant_pairs": 1,
                "p_value_two_sided_exact": 1.0
              }
            }
          },
          "max_contact_force_n": {
            "pairs": 5,
            "mean_difference_candidate_minus_baseline": 7.012528038024902,
            "bootstrap_ci95_low": 0.0,
            "bootstrap_ci95_high": 20.209247016906737,
            "bootstrap_samples": 10000,
            "permutation_method": "exact_sign_flip",
            "permutation_trials": 32,
            "p_value_two_sided": 0.5,
            "random_seed": 20260725
          },
          "duration_seconds": {
            "pairs": 5,
            "mean_difference_candidate_minus_baseline": 0.6600000000000001,
            "bootstrap_ci95_low": -0.5399999999999997,
            "bootstrap_ci95_high": 2.5200000000000005,
            "bootstrap_samples": 10000,
            "permutation_method": "exact_sign_flip",
            "permutation_trials": 32,
            "p_value_two_sided": 1.0,
            "random_seed": 20260725
          }
        },
        "flat_mailer": {
          "episode_count": 5,
          "binary_metrics": {
            "success": {
              "baseline": {
                "count": 3,
                "trials": 5,
                "rate": 0.6,
                "ci95_low": 0.2307242812760128,
                "ci95_high": 0.882379225767352
              },
              "candidate": {
                "count": 4,
                "trials": 5,
                "rate": 0.8,
                "ci95_low": 0.37553462976252533,
                "ci95_high": 0.9637758913675698
              },
              "rate_difference_candidate_minus_baseline": 0.2,
              "mcnemar": {
                "pairs": 5,
                "baseline_only_positive": 0,
                "candidate_only_positive": 1,
                "discordant_pairs": 1,
                "p_value_two_sided_exact": 1.0
              }
            },
            "drop": {
              "baseline": {
                "count": 0,
                "trials": 5,
                "rate": 0.0,
                "ci95_low": 0.0,
                "ci95_high": 0.43448246478317476
              },
              "candidate": {
                "count": 0,
                "trials": 5,
                "rate": 0.0,
                "ci95_low": 0.0,
                "ci95_high": 0.43448246478317476
              },
              "rate_difference_candidate_minus_baseline": 0.0,
              "mcnemar": {
                "pairs": 5,
                "baseline_only_positive": 0,
                "candidate_only_positive": 0,
                "discordant_pairs": 0,
                "p_value_two_sided_exact": 1.0
              }
            },
            "force_abort": {
              "baseline": {
                "count": 1,
                "trials": 5,
                "rate": 0.2,
                "ci95_low": 0.03622410863243014,
                "ci95_high": 0.6244653702374747
              },
              "candidate": {
                "count": 1,
                "trials": 5,
                "rate": 0.2,
                "ci95_low": 0.03622410863243014,
                "ci95_high": 0.6244653702374747
              },
              "rate_difference_candidate_minus_baseline": 0.0,
              "mcnemar": {
                "pairs": 5,
                "baseline_only_positive": 0,
                "candidate_only_positive": 0,
                "discordant_pairs": 0,
                "p_value_two_sided_exact": 1.0
              }
            }
          },
          "max_contact_force_n": {
            "pairs": 5,
            "mean_difference_candidate_minus_baseline": -6.765404415130615,
            "bootstrap_ci95_low": -12.396733951568603,
            "bootstrap_ci95_high": -1.1842632293701172,
            "bootstrap_samples": 10000,
            "permutation_method": "exact_sign_flip",
            "permutation_trials": 32,
            "p_value_two_sided": 0.25,
            "random_seed": 20260725
          },
          "duration_seconds": {
            "pairs": 5,
            "mean_difference_candidate_minus_baseline": 0.6733333333333335,
            "bootstrap_ci95_low": -0.43999999999999984,
            "bootstrap_ci95_high": 2.586666666666667,
            "bootstrap_samples": 10000,
            "permutation_method": "exact_sign_flip",
            "permutation_trials": 32,
            "p_value_two_sided": 1.0,
            "random_seed": 20260725
          }
        },
        "large_narrow_carton": {
          "episode_count": 5,
          "binary_metrics": {
            "success": {
              "baseline": {
                "count": 2,
                "trials": 5,
                "rate": 0.4,
                "ci95_low": 0.11762077423264783,
                "ci95_high": 0.769275718723987
              },
              "candidate": {
                "count": 2,
                "trials": 5,
                "rate": 0.4,
                "ci95_low": 0.11762077423264783,
                "ci95_high": 0.769275718723987
              },
              "rate_difference_candidate_minus_baseline": 0.0,
              "mcnemar": {
                "pairs": 5,
                "baseline_only_positive": 0,
                "candidate_only_positive": 0,
                "discordant_pairs": 0,
                "p_value_two_sided_exact": 1.0
              }
            },
            "drop": {
              "baseline": {
                "count": 0,
                "trials": 5,
                "rate": 0.0,
                "ci95_low": 0.0,
                "ci95_high": 0.43448246478317476
              },
              "candidate": {
                "count": 0,
                "trials": 5,
                "rate": 0.0,
                "ci95_low": 0.0,
                "ci95_high": 0.43448246478317476
              },
              "rate_difference_candidate_minus_baseline": 0.0,
              "mcnemar": {
                "pairs": 5,
                "baseline_only_positive": 0,
                "candidate_only_positive": 0,
                "discordant_pairs": 0,
                "p_value_two_sided_exact": 1.0
              }
            },
            "force_abort": {
              "baseline": {
                "count": 3,
                "trials": 5,
                "rate": 0.6,
                "ci95_low": 0.2307242812760128,
                "ci95_high": 0.882379225767352
              },
              "candidate": {
                "count": 3,
                "trials": 5,
                "rate": 0.6,
                "ci95_low": 0.2307242812760128,
                "ci95_high": 0.882379225767352
              },
              "rate_difference_candidate_minus_baseline": 0.0,
              "mcnemar": {
                "pairs": 5,
                "baseline_only_positive": 0,
                "candidate_only_positive": 0,
                "discordant_pairs": 0,
                "p_value_two_sided_exact": 1.0
              }
            }
          },
          "max_contact_force_n": {
            "pairs": 5,
            "mean_difference_candidate_minus_baseline": 27.884674167633058,
            "bootstrap_ci95_low": 2.2431779861450196,
            "bootstrap_ci95_high": 63.19492092132568,
            "bootstrap_samples": 10000,
            "permutation_method": "exact_sign_flip",
            "permutation_trials": 32,
            "p_value_two_sided": 0.0625,
            "random_seed": 20260725
          },
          "duration_seconds": {
            "pairs": 5,
            "mean_difference_candidate_minus_baseline": -1.0133333333333336,
            "bootstrap_ci95_low": -3.62,
            "bootstrap_ci95_high": 1.593333333333333,
            "bootstrap_samples": 10000,
            "permutation_method": "exact_sign_flip",
            "permutation_trials": 32,
            "p_value_two_sided": 0.4375,
            "random_seed": 20260725
          }
        },
        "long_carton": {
          "episode_count": 5,
          "binary_metrics": {
            "success": {
              "baseline": {
                "count": 4,
                "trials": 5,
                "rate": 0.8,
                "ci95_low": 0.37553462976252533,
                "ci95_high": 0.9637758913675698
              },
              "candidate": {
                "count": 3,
                "trials": 5,
                "rate": 0.6,
                "ci95_low": 0.2307242812760128,
                "ci95_high": 0.882379225767352
              },
              "rate_difference_candidate_minus_baseline": -0.2,
              "mcnemar": {
                "pairs": 5,
                "baseline_only_positive": 1,
                "candidate_only_positive": 0,
                "discordant_pairs": 1,
                "p_value_two_sided_exact": 1.0
              }
            },
            "drop": {
              "baseline": {
                "count": 0,
                "trials": 5,
                "rate": 0.0,
                "ci95_low": 0.0,
                "ci95_high": 0.43448246478317476
              },
              "candidate": {
                "count": 0,
                "trials": 5,
                "rate": 0.0,
                "ci95_low": 0.0,
                "ci95_high": 0.43448246478317476
              },
              "rate_difference_candidate_minus_baseline": 0.0,
              "mcnemar": {
                "pairs": 5,
                "baseline_only_positive": 0,
                "candidate_only_positive": 0,
                "discordant_pairs": 0,
                "p_value_two_sided_exact": 1.0
              }
            },
            "force_abort": {
              "baseline": {
                "count": 1,
                "trials": 5,
                "rate": 0.2,
                "ci95_low": 0.03622410863243014,
                "ci95_high": 0.6244653702374747
              },
              "candidate": {
                "count": 2,
                "trials": 5,
                "rate": 0.4,
                "ci95_low": 0.11762077423264783,
                "ci95_high": 0.769275718723987
              },
              "rate_difference_candidate_minus_baseline": 0.2,
              "mcnemar": {
                "pairs": 5,
                "baseline_only_positive": 0,
                "candidate_only_positive": 1,
                "discordant_pairs": 1,
                "p_value_two_sided_exact": 1.0
              }
            }
          },
          "max_contact_force_n": {
            "pairs": 5,
            "mean_difference_candidate_minus_baseline": 6.074985504150391,
            "bootstrap_ci95_low": -0.31920318603515624,
            "bootstrap_ci95_high": 18.54415969848633,
            "bootstrap_samples": 10000,
            "permutation_method": "exact_sign_flip",
            "permutation_trials": 32,
            "p_value_two_sided": 1.0,
            "random_seed": 20260725
          },
          "duration_seconds": {
            "pairs": 5,
            "mean_difference_candidate_minus_baseline": -0.8666666666666668,
            "bootstrap_ci95_low": -2.3333333333333335,
            "bootstrap_ci95_high": 0.0,
            "bootstrap_samples": 10000,
            "permutation_method": "exact_sign_flip",
            "permutation_trials": 32,
            "p_value_two_sided": 0.5,
            "random_seed": 20260725
          }
        },
        "mailing_tube": {
          "episode_count": 5,
          "binary_metrics": {
            "success": {
              "baseline": {
                "count": 1,
                "trials": 5,
                "rate": 0.2,
                "ci95_low": 0.03622410863243014,
                "ci95_high": 0.6244653702374747
              },
              "candidate": {
                "count": 1,
                "trials": 5,
                "rate": 0.2,
                "ci95_low": 0.03622410863243014,
                "ci95_high": 0.6244653702374747
              },
              "rate_difference_candidate_minus_baseline": 0.0,
              "mcnemar": {
                "pairs": 5,
                "baseline_only_positive": 0,
                "candidate_only_positive": 0,
                "discordant_pairs": 0,
                "p_value_two_sided_exact": 1.0
              }
            },
            "drop": {
              "baseline": {
                "count": 0,
                "trials": 5,
                "rate": 0.0,
                "ci95_low": 0.0,
                "ci95_high": 0.43448246478317476
              },
              "candidate": {
                "count": 0,
                "trials": 5,
                "rate": 0.0,
                "ci95_low": 0.0,
                "ci95_high": 0.43448246478317476
              },
              "rate_difference_candidate_minus_baseline": 0.0,
              "mcnemar": {
                "pairs": 5,
                "baseline_only_positive": 0,
                "candidate_only_positive": 0,
                "discordant_pairs": 0,
                "p_value_two_sided_exact": 1.0
              }
            },
            "force_abort": {
              "baseline": {
                "count": 1,
                "trials": 5,
                "rate": 0.2,
                "ci95_low": 0.03622410863243014,
                "ci95_high": 0.6244653702374747
              },
              "candidate": {
                "count": 0,
                "trials": 5,
                "rate": 0.0,
                "ci95_low": 0.0,
                "ci95_high": 0.43448246478317476
              },
              "rate_difference_candidate_minus_baseline": -0.2,
              "mcnemar": {
                "pairs": 5,
                "baseline_only_positive": 1,
                "candidate_only_positive": 0,
                "discordant_pairs": 1,
                "p_value_two_sided_exact": 1.0
              }
            }
          },
          "max_contact_force_n": {
            "pairs": 5,
            "mean_difference_candidate_minus_baseline": -5.130173110961914,
            "bootstrap_ci95_low": -15.390519332885741,
            "bootstrap_ci95_high": 0.0,
            "bootstrap_samples": 10000,
            "permutation_method": "exact_sign_flip",
            "permutation_trials": 32,
            "p_value_two_sided": 1.0,
            "random_seed": 20260725
          },
          "duration_seconds": {
            "pairs": 5,
            "mean_difference_candidate_minus_baseline": 1.4666666666666663,
            "bootstrap_ci95_low": 0.0,
            "bootstrap_ci95_high": 4.3999999999999995,
            "bootstrap_samples": 10000,
            "permutation_method": "exact_sign_flip",
            "permutation_trials": 32,
            "p_value_two_sided": 1.0,
            "random_seed": 20260725
          }
        },
        "medium_carton": {
          "episode_count": 5,
          "binary_metrics": {
            "success": {
              "baseline": {
                "count": 3,
                "trials": 5,
                "rate": 0.6,
                "ci95_low": 0.2307242812760128,
                "ci95_high": 0.882379225767352
              },
              "candidate": {
                "count": 3,
                "trials": 5,
                "rate": 0.6,
                "ci95_low": 0.2307242812760128,
                "ci95_high": 0.882379225767352
              },
              "rate_difference_candidate_minus_baseline": 0.0,
              "mcnemar": {
                "pairs": 5,
                "baseline_only_positive": 1,
                "candidate_only_positive": 1,
                "discordant_pairs": 2,
                "p_value_two_sided_exact": 1.0
              }
            },
            "drop": {
              "baseline": {
                "count": 0,
                "trials": 5,
                "rate": 0.0,
                "ci95_low": 0.0,
                "ci95_high": 0.43448246478317476
              },
              "candidate": {
                "count": 0,
                "trials": 5,
                "rate": 0.0,
                "ci95_low": 0.0,
                "ci95_high": 0.43448246478317476
              },
              "rate_difference_candidate_minus_baseline": 0.0,
              "mcnemar": {
                "pairs": 5,
                "baseline_only_positive": 0,
                "candidate_only_positive": 0,
                "discordant_pairs": 0,
                "p_value_two_sided_exact": 1.0
              }
            },
            "force_abort": {
              "baseline": {
                "count": 2,
                "trials": 5,
                "rate": 0.4,
                "ci95_low": 0.11762077423264783,
                "ci95_high": 0.769275718723987
              },
              "candidate": {
                "count": 2,
                "trials": 5,
                "rate": 0.4,
                "ci95_low": 0.11762077423264783,
                "ci95_high": 0.769275718723987
              },
              "rate_difference_candidate_minus_baseline": 0.0,
              "mcnemar": {
                "pairs": 5,
                "baseline_only_positive": 1,
                "candidate_only_positive": 1,
                "discordant_pairs": 2,
                "p_value_two_sided_exact": 1.0
              }
            }
          },
          "max_contact_force_n": {
            "pairs": 5,
            "mean_difference_candidate_minus_baseline": -13.944661808013915,
            "bootstrap_ci95_low": -54.730034065246585,
            "bootstrap_ci95_high": 20.959593772888184,
            "bootstrap_samples": 10000,
            "permutation_method": "exact_sign_flip",
            "permutation_trials": 32,
            "p_value_two_sided": 0.75,
            "random_seed": 20260725
          },
          "duration_seconds": {
            "pairs": 5,
            "mean_difference_candidate_minus_baseline": 0.5466666666666666,
            "bootstrap_ci95_low": -0.6266666666666666,
            "bootstrap_ci95_high": 1.7199999999999995,
            "bootstrap_samples": 10000,
            "permutation_method": "exact_sign_flip",
            "permutation_trials": 32,
            "p_value_two_sided": 0.5,
            "random_seed": 20260725
          }
        },
        "micro_box": {
          "episode_count": 5,
          "binary_metrics": {
            "success": {
              "baseline": {
                "count": 3,
                "trials": 5,
                "rate": 0.6,
                "ci95_low": 0.2307242812760128,
                "ci95_high": 0.882379225767352
              },
              "candidate": {
                "count": 4,
                "trials": 5,
                "rate": 0.8,
                "ci95_low": 0.37553462976252533,
                "ci95_high": 0.9637758913675698
              },
              "rate_difference_candidate_minus_baseline": 0.2,
              "mcnemar": {
                "pairs": 5,
                "baseline_only_positive": 0,
                "candidate_only_positive": 1,
                "discordant_pairs": 1,
                "p_value_two_sided_exact": 1.0
              }
            },
            "drop": {
              "baseline": {
                "count": 0,
                "trials": 5,
                "rate": 0.0,
                "ci95_low": 0.0,
                "ci95_high": 0.43448246478317476
              },
              "candidate": {
                "count": 0,
                "trials": 5,
                "rate": 0.0,
                "ci95_low": 0.0,
                "ci95_high": 0.43448246478317476
              },
              "rate_difference_candidate_minus_baseline": 0.0,
              "mcnemar": {
                "pairs": 5,
                "baseline_only_positive": 0,
                "candidate_only_positive": 0,
                "discordant_pairs": 0,
                "p_value_two_sided_exact": 1.0
              }
            },
            "force_abort": {
              "baseline": {
                "count": 1,
                "trials": 5,
                "rate": 0.2,
                "ci95_low": 0.03622410863243014,
                "ci95_high": 0.6244653702374747
              },
              "candidate": {
                "count": 0,
                "trials": 5,
                "rate": 0.0,
                "ci95_low": 0.0,
                "ci95_high": 0.43448246478317476
              },
              "rate_difference_candidate_minus_baseline": -0.2,
              "mcnemar": {
                "pairs": 5,
                "baseline_only_positive": 1,
                "candidate_only_positive": 0,
                "discordant_pairs": 1,
                "p_value_two_sided_exact": 1.0
              }
            }
          },
          "max_contact_force_n": {
            "pairs": 5,
            "mean_difference_candidate_minus_baseline": -6.612784576416016,
            "bootstrap_ci95_low": -19.83835372924805,
            "bootstrap_ci95_high": 0.0,
            "bootstrap_samples": 10000,
            "permutation_method": "exact_sign_flip",
            "permutation_trials": 32,
            "p_value_two_sided": 1.0,
            "random_seed": 20260725
          },
          "duration_seconds": {
            "pairs": 5,
            "mean_difference_candidate_minus_baseline": 0.7866666666666667,
            "bootstrap_ci95_low": 0.0,
            "bootstrap_ci95_high": 2.3600000000000003,
            "bootstrap_samples": 10000,
            "permutation_method": "exact_sign_flip",
            "permutation_trials": 32,
            "p_value_two_sided": 1.0,
            "random_seed": 20260725
          }
        },
        "near_limit_box": {
          "episode_count": 5,
          "binary_metrics": {
            "success": {
              "baseline": {
                "count": 2,
                "trials": 5,
                "rate": 0.4,
                "ci95_low": 0.11762077423264783,
                "ci95_high": 0.769275718723987
              },
              "candidate": {
                "count": 1,
                "trials": 5,
                "rate": 0.2,
                "ci95_low": 0.03622410863243014,
                "ci95_high": 0.6244653702374747
              },
              "rate_difference_candidate_minus_baseline": -0.2,
              "mcnemar": {
                "pairs": 5,
                "baseline_only_positive": 1,
                "candidate_only_positive": 0,
                "discordant_pairs": 1,
                "p_value_two_sided_exact": 1.0
              }
            },
            "drop": {
              "baseline": {
                "count": 0,
                "trials": 5,
                "rate": 0.0,
                "ci95_low": 0.0,
                "ci95_high": 0.43448246478317476
              },
              "candidate": {
                "count": 0,
                "trials": 5,
                "rate": 0.0,
                "ci95_low": 0.0,
                "ci95_high": 0.43448246478317476
              },
              "rate_difference_candidate_minus_baseline": 0.0,
              "mcnemar": {
                "pairs": 5,
                "baseline_only_positive": 0,
                "candidate_only_positive": 0,
                "discordant_pairs": 0,
                "p_value_two_sided_exact": 1.0
              }
            },
            "force_abort": {
              "baseline": {
                "count": 2,
                "trials": 5,
                "rate": 0.4,
                "ci95_low": 0.11762077423264783,
                "ci95_high": 0.769275718723987
              },
              "candidate": {
                "count": 4,
                "trials": 5,
                "rate": 0.8,
                "ci95_low": 0.37553462976252533,
                "ci95_high": 0.9637758913675698
              },
              "rate_difference_candidate_minus_baseline": 0.4,
              "mcnemar": {
                "pairs": 5,
                "baseline_only_positive": 0,
                "candidate_only_positive": 2,
                "discordant_pairs": 2,
                "p_value_two_sided_exact": 0.5
              }
            }
          },
          "max_contact_force_n": {
            "pairs": 5,
            "mean_difference_candidate_minus_baseline": 9.131106185913087,
            "bootstrap_ci95_low": -3.9488941192626954,
            "bootstrap_ci95_high": 28.494273376464843,
            "bootstrap_samples": 10000,
            "permutation_method": "exact_sign_flip",
            "permutation_trials": 32,
            "p_value_two_sided": 0.75,
            "random_seed": 20260725
          },
          "duration_seconds": {
            "pairs": 5,
            "mean_difference_candidate_minus_baseline": -3.3866666666666667,
            "bootstrap_ci95_low": -7.2333333333333325,
            "bootstrap_ci95_high": -0.3666666666666667,
            "bootstrap_samples": 10000,
            "permutation_method": "exact_sign_flip",
            "permutation_trials": 32,
            "p_value_two_sided": 0.125,
            "random_seed": 20260725
          }
        },
        "shoe_box_proxy": {
          "episode_count": 5,
          "binary_metrics": {
            "success": {
              "baseline": {
                "count": 3,
                "trials": 5,
                "rate": 0.6,
                "ci95_low": 0.2307242812760128,
                "ci95_high": 0.882379225767352
              },
              "candidate": {
                "count": 5,
                "trials": 5,
                "rate": 1.0,
                "ci95_low": 0.5655175352168251,
                "ci95_high": 1.0
              },
              "rate_difference_candidate_minus_baseline": 0.4,
              "mcnemar": {
                "pairs": 5,
                "baseline_only_positive": 0,
                "candidate_only_positive": 2,
                "discordant_pairs": 2,
                "p_value_two_sided_exact": 0.5
              }
            },
            "drop": {
              "baseline": {
                "count": 0,
                "trials": 5,
                "rate": 0.0,
                "ci95_low": 0.0,
                "ci95_high": 0.43448246478317476
              },
              "candidate": {
                "count": 0,
                "trials": 5,
                "rate": 0.0,
                "ci95_low": 0.0,
                "ci95_high": 0.43448246478317476
              },
              "rate_difference_candidate_minus_baseline": 0.0,
              "mcnemar": {
                "pairs": 5,
                "baseline_only_positive": 0,
                "candidate_only_positive": 0,
                "discordant_pairs": 0,
                "p_value_two_sided_exact": 1.0
              }
            },
            "force_abort": {
              "baseline": {
                "count": 2,
                "trials": 5,
                "rate": 0.4,
                "ci95_low": 0.11762077423264783,
                "ci95_high": 0.769275718723987
              },
              "candidate": {
                "count": 0,
                "trials": 5,
                "rate": 0.0,
                "ci95_low": 0.0,
                "ci95_high": 0.43448246478317476
              },
              "rate_difference_candidate_minus_baseline": -0.4,
              "mcnemar": {
                "pairs": 5,
                "baseline_only_positive": 2,
                "candidate_only_positive": 0,
                "discordant_pairs": 2,
                "p_value_two_sided_exact": 0.5
              }
            }
          },
          "max_contact_force_n": {
            "pairs": 5,
            "mean_difference_candidate_minus_baseline": -25.649018669128417,
            "bootstrap_ci95_low": -67.59532833099365,
            "bootstrap_ci95_high": 2.2415977478027345,
            "bootstrap_samples": 10000,
            "permutation_method": "exact_sign_flip",
            "permutation_trials": 32,
            "p_value_two_sided": 0.5,
            "random_seed": 20260725
          },
          "duration_seconds": {
            "pairs": 5,
            "mean_difference_candidate_minus_baseline": 1.9866666666666668,
            "bootstrap_ci95_low": -0.6399999999999999,
            "bootstrap_ci95_high": 5.786666666666666,
            "bootstrap_samples": 10000,
            "permutation_method": "exact_sign_flip",
            "permutation_trials": 32,
            "p_value_two_sided": 0.5,
            "random_seed": 20260725
          }
        },
        "small_carton": {
          "episode_count": 5,
          "binary_metrics": {
            "success": {
              "baseline": {
                "count": 5,
                "trials": 5,
                "rate": 1.0,
                "ci95_low": 0.5655175352168251,
                "ci95_high": 1.0
              },
              "candidate": {
                "count": 5,
                "trials": 5,
                "rate": 1.0,
                "ci95_low": 0.5655175352168251,
                "ci95_high": 1.0
              },
              "rate_difference_candidate_minus_baseline": 0.0,
              "mcnemar": {
                "pairs": 5,
                "baseline_only_positive": 0,
                "candidate_only_positive": 0,
                "discordant_pairs": 0,
                "p_value_two_sided_exact": 1.0
              }
            },
            "drop": {
              "baseline": {
                "count": 0,
                "trials": 5,
                "rate": 0.0,
                "ci95_low": 0.0,
                "ci95_high": 0.43448246478317476
              },
              "candidate": {
                "count": 0,
                "trials": 5,
                "rate": 0.0,
                "ci95_low": 0.0,
                "ci95_high": 0.43448246478317476
              },
              "rate_difference_candidate_minus_baseline": 0.0,
              "mcnemar": {
                "pairs": 5,
                "baseline_only_positive": 0,
                "candidate_only_positive": 0,
                "discordant_pairs": 0,
                "p_value_two_sided_exact": 1.0
              }
            },
            "force_abort": {
              "baseline": {
                "count": 0,
                "trials": 5,
                "rate": 0.0,
                "ci95_low": 0.0,
                "ci95_high": 0.43448246478317476
              },
              "candidate": {
                "count": 0,
                "trials": 5,
                "rate": 0.0,
                "ci95_low": 0.0,
                "ci95_high": 0.43448246478317476
              },
              "rate_difference_candidate_minus_baseline": 0.0,
              "mcnemar": {
                "pairs": 5,
                "baseline_only_positive": 0,
                "candidate_only_positive": 0,
                "discordant_pairs": 0,
                "p_value_two_sided_exact": 1.0
              }
            }
          },
          "max_contact_force_n": {
            "pairs": 5,
            "mean_difference_candidate_minus_baseline": 0.0,
            "bootstrap_ci95_low": 0.0,
            "bootstrap_ci95_high": 0.0,
            "bootstrap_samples": 10000,
            "permutation_method": "exact_sign_flip",
            "permutation_trials": 32,
            "p_value_two_sided": 1.0,
            "random_seed": 20260725
          },
          "duration_seconds": {
            "pairs": 5,
            "mean_difference_candidate_minus_baseline": 0.0,
            "bootstrap_ci95_low": 0.0,
            "bootstrap_ci95_high": 0.0,
            "bootstrap_samples": 10000,
            "permutation_method": "exact_sign_flip",
            "permutation_trials": 32,
            "p_value_two_sided": 1.0,
            "random_seed": 20260725
          }
        },
        "upright_canister": {
          "episode_count": 5,
          "binary_metrics": {
            "success": {
              "baseline": {
                "count": 4,
                "trials": 5,
                "rate": 0.8,
                "ci95_low": 0.37553462976252533,
                "ci95_high": 0.9637758913675698
              },
              "candidate": {
                "count": 5,
                "trials": 5,
                "rate": 1.0,
                "ci95_low": 0.5655175352168251,
                "ci95_high": 1.0
              },
              "rate_difference_candidate_minus_baseline": 0.2,
              "mcnemar": {
                "pairs": 5,
                "baseline_only_positive": 0,
                "candidate_only_positive": 1,
                "discordant_pairs": 1,
                "p_value_two_sided_exact": 1.0
              }
            },
            "drop": {
              "baseline": {
                "count": 0,
                "trials": 5,
                "rate": 0.0,
                "ci95_low": 0.0,
                "ci95_high": 0.43448246478317476
              },
              "candidate": {
                "count": 0,
                "trials": 5,
                "rate": 0.0,
                "ci95_low": 0.0,
                "ci95_high": 0.43448246478317476
              },
              "rate_difference_candidate_minus_baseline": 0.0,
              "mcnemar": {
                "pairs": 5,
                "baseline_only_positive": 0,
                "candidate_only_positive": 0,
                "discordant_pairs": 0,
                "p_value_two_sided_exact": 1.0
              }
            },
            "force_abort": {
              "baseline": {
                "count": 0,
                "trials": 5,
                "rate": 0.0,
                "ci95_low": 0.0,
                "ci95_high": 0.43448246478317476
              },
              "candidate": {
                "count": 0,
                "trials": 5,
                "rate": 0.0,
                "ci95_low": 0.0,
                "ci95_high": 0.43448246478317476
              },
              "rate_difference_candidate_minus_baseline": 0.0,
              "mcnemar": {
                "pairs": 5,
                "baseline_only_positive": 0,
                "candidate_only_positive": 0,
                "discordant_pairs": 0,
                "p_value_two_sided_exact": 1.0
              }
            }
          },
          "max_contact_force_n": {
            "pairs": 5,
            "mean_difference_candidate_minus_baseline": -3.8978387832641603,
            "bootstrap_ci95_low": -11.69351634979248,
            "bootstrap_ci95_high": 0.0,
            "bootstrap_samples": 10000,
            "permutation_method": "exact_sign_flip",
            "permutation_trials": 32,
            "p_value_two_sided": 1.0,
            "random_seed": 20260725
          },
          "duration_seconds": {
            "pairs": 5,
            "mean_difference_candidate_minus_baseline": -0.1333333333333334,
            "bootstrap_ci95_low": -0.4000000000000002,
            "bootstrap_ci95_high": 0.0,
            "bootstrap_samples": 10000,
            "permutation_method": "exact_sign_flip",
            "permutation_trials": 32,
            "p_value_two_sided": 1.0,
            "random_seed": 20260725
          }
        }
      }
    }
  },
  "interpretation": {
    "binary_test": "two-sided exact McNemar",
    "rate_interval": "two-sided Wilson 95%",
    "continuous_effect": "paired candidate-minus-reference mean",
    "continuous_interval": "deterministic paired bootstrap 95%",
    "continuous_test": "paired sign-flip randomization",
    "multiple_comparison_correction": "not_applied"
  }
}
{
  "global": {
    "attempts": 60,
    "successes": 36,
    "success_rate": 0.6,
    "success_rate_ci95_low": 0.4736605349204075,
    "success_rate_ci95_high": 0.7143050946511744,
    "force_safety_violations": 16,
    "force_safety_violation_rate": 0.26666666666666666,
    "force_safety_violation_rate_ci95_low": 0.17132640003280553,
    "force_safety_violation_rate_ci95_high": 0.39008713096683645,
    "failure_mode_counts": {
      "complete": 36,
      "force_safety_abort": 16,
      "grasp_lost_during_lift": 3,
      "grasp_verification_failure": 2,
      "approach_timeout": 3
    },
    "terminal_reason_counts": {
      "parcel sorted": 36,
      "safety fault": 16,
      "grasp lost during lift": 3,
      "grasp verification failed": 2,
      "approaching parcel": 3
    },
    "force_context_stage_counts": {
      "approach": 13,
      "place": 1,
      "initial_state": 2
    },
    "phase_reach_counts": {
      "pregrasp": 46,
      "grasp_contact": 47,
      "parcel_lifted": 38,
      "place": 38
    },
    "episodes_with_retries": 13,
    "dropped_episodes": 0,
    "max_contact_force_n": {
      "count": 60,
      "min": 0.0,
      "p25": 7.395459175109863,
      "median": 15.655697345733643,
      "mean": 24.714854145050047,
      "p75": 35.29268169403076,
      "p95": 57.21788406372053,
      "max": 139.03369140625
    },
    "force_jump_n": {
      "count": 14,
      "min": 0.4850006103515625,
      "p25": 8.969449520111084,
      "median": 17.325050354003906,
      "mean": 25.742588690349034,
      "p75": 33.0438666343689,
      "p95": 74.87765045166014,
      "max": 113.40169525146484
    },
    "factor_comparison": {
      "mass_kg": {
        "successful": {
          "count": 36,
          "min": 0.08900272634369029,
          "p25": 0.2622251714693815,
          "median": 0.6225038402728527,
          "mean": 0.5369105927240129,
          "p75": 0.70138433896252,
          "p95": 0.8985423280280699,
          "max": 1.1556759372021181
        },
        "failed": {
          "count": 24,
          "min": 0.09339539839851296,
          "p25": 0.38086507467781566,
          "median": 0.5404870131109114,
          "mean": 0.56926403752106,
          "p75": 0.6869343908682808,
          "p95": 1.0708489305122453,
          "max": 1.2587461932008406
        }
      },
      "friction": {
        "successful": {
          "count": 36,
          "min": 0.25574345819776856,
          "p25": 0.4413191911803309,
          "median": 0.5838819962176207,
          "mean": 0.6051204642726931,
          "p75": 0.7775515475074121,
          "p95": 0.975044053436517,
          "max": 1.0303566260532884
        },
        "failed": {
          "count": 24,
          "min": 0.3082176657645058,
          "p25": 0.5217525398169043,
          "median": 0.6101702026817477,
          "mean": 0.6270172872437134,
          "p75": 0.7237839221097151,
          "p95": 0.9794820428649242,
          "max": 1.0143822591465352
        }
      },
      "canonical_abs_yaw_rad": {
        "successful": {
          "count": 36,
          "min": 0.06049544987298727,
          "p25": 0.47254948104226246,
          "median": 0.9369128233842141,
          "mean": 0.8541715559205907,
          "p75": 1.2422256673372778,
          "p95": 1.451184366309857,
          "max": 1.5167178524769243
        },
        "failed": {
          "count": 24,
          "min": 0.002724028601356565,
          "p25": 0.48432016310615655,
          "median": 0.6738281246694737,
          "mean": 0.8249065354081738,
          "p75": 1.3921227815502992,
          "p95": 1.5350863129832844,
          "max": 1.5498495298483064
        }
      },
      "position_x_m": {
        "successful": {
          "count": 36,
          "min": 0.46435323630238545,
          "p25": 0.5038314628302241,
          "median": 0.5657562734694531,
          "mean": 0.5771740463877011,
          "p75": 0.652093817723195,
          "p95": 0.7118770939484123,
          "max": 0.7192058822196988
        },
        "failed": {
          "count": 24,
          "min": 0.4509571438559541,
          "p25": 0.5119239871611238,
          "median": 0.6419310493279047,
          "mean": 0.6021249870620117,
          "p75": 0.6699961581882504,
          "p95": 0.7013714692905494,
          "max": 0.7184007390949794
        }
      },
      "abs_position_y_m": {
        "successful": {
          "count": 36,
          "min": 0.00753621267219004,
          "p25": 0.04116350396640098,
          "median": 0.07549853127747813,
          "mean": 0.08334895073462205,
          "p75": 0.1255128792918279,
          "p95": 0.15443854980791902,
          "max": 0.1750420216486208
        },
        "failed": {
          "count": 24,
          "min": 0.006344189145053664,
          "p25": 0.036240882894255144,
          "median": 0.06522822678202975,
          "mean": 0.07267416062518511,
          "p75": 0.10802177011698241,
          "p95": 0.14164721586459694,
          "max": 0.15164985808410136
        }
      },
      "action_delay_steps": {
        "successful": {
          "count": 36,
          "min": 0.0,
          "p25": 0.0,
          "median": 1.0,
          "mean": 0.9444444444444444,
          "p75": 1.25,
          "p95": 2.0,
          "max": 2.0
        },
        "failed": {
          "count": 24,
          "min": 0.0,
          "p25": 0.0,
          "median": 1.0,
          "mean": 1.0416666666666667,
          "p75": 2.0,
          "p95": 2.0,
          "max": 2.0
        }
      },
      "grasp_span_m": {
        "successful": {
          "count": 36,
          "min": 0.037604014704767694,
          "p25": 0.050737974211979286,
          "median": 0.056477688780301315,
          "mean": 0.05725067471237369,
          "p75": 0.06589815145553748,
          "p95": 0.07178131920284274,
          "max": 0.07781483212783123
        },
        "failed": {
          "count": 24,
          "min": 0.03610334326445408,
          "p25": 0.05464047849253371,
          "median": 0.06502216320572825,
          "mean": 0.06197562716735768,
          "p75": 0.07009667486759558,
          "p95": 0.07734634133265621,
          "max": 0.07821216545747936
        }
      },
      "height_m": {
        "successful": {
          "count": 36,
          "min": 0.02206342569074679,
          "p25": 0.050637957878664604,
          "median": 0.06466020403480738,
          "mean": 0.07587702375522447,
          "p75": 0.1010385761413538,
          "p95": 0.13367749307024535,
          "max": 0.13597349931378488
        },
        "failed": {
          "count": 24,
          "min": 0.020706563316592035,
          "p25": 0.04413671098577686,
          "median": 0.0741412085009163,
          "mean": 0.0816324546905638,
          "p75": 0.12321732442749275,
          "p95": 0.1641182542210383,
          "max": 0.1765886755229968
        }
      },
      "volume_m3": {
        "successful": {
          "count": 36,
          "min": 0.00011581938252857785,
          "p25": 0.00028489429112826716,
          "median": 0.000502742458555404,
          "mean": 0.0008818119302879818,
          "p75": 0.0014845321631770255,
          "p95": 0.0021092610412447007,
          "max": 0.003516411559660105
        },
        "failed": {
          "count": 24,
          "min": 9.883690714975575e-05,
          "p25": 0.00029024757686021247,
          "median": 0.000815072071774798,
          "mean": 0.0013740112033716464,
          "p75": 0.0019628758119419514,
          "p95": 0.0045295430185571415,
          "max": 0.004644204798524727
        }
      }
    }
  },
  "diagnostic_priority": [
    {
      "profile_id": "large_narrow_carton",
      "priority_score": 1.2,
      "success_rate": 0.4,
      "force_safety_violation_rate": 0.6
    },
    {
      "profile_id": "mailing_tube",
      "priority_score": 1.0,
      "success_rate": 0.2,
      "force_safety_violation_rate": 0.2
    },
    {
      "profile_id": "near_limit_box",
      "priority_score": 1.0,
      "success_rate": 0.4,
      "force_safety_violation_rate": 0.4
    },
    {
      "profile_id": "book_box",
      "priority_score": 0.8,
      "success_rate": 0.6,
      "force_safety_violation_rate": 0.4
    },
    {
      "profile_id": "medium_carton",
      "priority_score": 0.8,
      "success_rate": 0.6,
      "force_safety_violation_rate": 0.4
    },
    {
      "profile_id": "shoe_box_proxy",
      "priority_score": 0.8,
      "success_rate": 0.6,
      "force_safety_violation_rate": 0.4
    },
    {
      "profile_id": "electronics_box",
      "priority_score": 0.6000000000000001,
      "success_rate": 0.6,
      "force_safety_violation_rate": 0.2
    },
    {
      "profile_id": "flat_mailer",
      "priority_score": 0.6000000000000001,
      "success_rate": 0.6,
      "force_safety_violation_rate": 0.2
    },
    {
      "profile_id": "micro_box",
      "priority_score": 0.6000000000000001,
      "success_rate": 0.6,
      "force_safety_violation_rate": 0.2
    },
    {
      "profile_id": "long_carton",
      "priority_score": 0.39999999999999997,
      "success_rate": 0.8,
      "force_safety_violation_rate": 0.2
    },
    {
      "profile_id": "upright_canister",
      "priority_score": 0.19999999999999996,
      "success_rate": 0.8,
      "force_safety_violation_rate": 0.0
    },
    {
      "profile_id": "small_carton",
      "priority_score": 0.0,
      "success_rate": 1.0,
      "force_safety_violation_rate": 0.0
    }
  ]
}
{"output": "/workspace/parcel-sorter-opt-v1/outputs/radeon-geometry-screen-v1/historical-controller-summary.json", "episodes": 60}
{
  "global": {
    "attempts": 60,
    "successes": 38,
    "success_rate": 0.6333333333333333,
    "success_rate_ci95_low": 0.5068300063010303,
    "success_rate_ci95_high": 0.7437908331277456,
    "force_safety_violations": 15,
    "force_safety_violation_rate": 0.25,
    "force_safety_violation_rate_ci95_low": 0.15776522530056675,
    "force_safety_violation_rate_ci95_high": 0.37232070077047824,
    "failure_mode_counts": {
      "complete": 38,
      "grasp_lost_during_lift": 2,
      "force_safety_abort": 15,
      "grasp_verification_failure": 2,
      "approach_timeout": 2,
      "post_lift_failure": 1
    },
    "terminal_reason_counts": {
      "parcel sorted": 38,
      "grasp lost during lift": 2,
      "safety fault": 15,
      "grasp verification failed": 2,
      "approaching parcel": 2,
      "releasing parcel": 1
    },
    "force_context_stage_counts": {
      "place": 2,
      "approach": 12,
      "lift": 1
    },
    "phase_reach_counts": {
      "pregrasp": 49,
      "grasp_contact": 49,
      "parcel_lifted": 43,
      "place": 43
    },
    "episodes_with_retries": 14,
    "dropped_episodes": 0,
    "max_contact_force_n": {
      "count": 60,
      "min": 0.0,
      "p25": 7.470458269119263,
      "median": 14.636714935302734,
      "mean": 20.137408995628356,
      "p75": 33.98898696899414,
      "p95": 42.539953231811516,
      "max": 117.12872314453125
    },
    "force_jump_n": {
      "count": 15,
      "min": 0.4850006103515625,
      "p25": 5.075660705566406,
      "median": 19.49084186553955,
      "mean": 26.095123354593913,
      "p75": 36.31796836853027,
      "p95": 65.5262977600097,
      "max": 117.12872314453125
    },
    "factor_comparison": {
      "mass_kg": {
        "successful": {
          "count": 38,
          "min": 0.08900272634369029,
          "p25": 0.26031915763113656,
          "median": 0.6051662801835175,
          "mean": 0.513827174752732,
          "p75": 0.6963968548394862,
          "p95": 0.8986844874309721,
          "max": 1.0130373205332504
        },
        "failed": {
          "count": 22,
          "min": 0.09339539839851296,
          "p25": 0.4105222793353852,
          "median": 0.581574151299785,
          "mean": 0.6120766180893675,
          "p75": 0.7133586503232884,
          "p95": 1.1519446893086156,
          "max": 1.2587461932008406
        }
      },
      "friction": {
        "successful": {
          "count": 38,
          "min": 0.25574345819776856,
          "p25": 0.445067226341307,
          "median": 0.6041965033274936,
          "mean": 0.6103563819914584,
          "p75": 0.7620681852697112,
          "p95": 0.9924958289059592,
          "max": 1.0303566260532884
        },
        "failed": {
          "count": 22,
          "min": 0.3082176657645058,
          "p25": 0.49649456663183866,
          "median": 0.612590649578871,
          "mean": 0.6199640496359389,
          "p75": 0.719553478830746,
          "p95": 0.9082245994324971,
          "max": 1.0143822591465352
        }
      },
      "canonical_abs_yaw_rad": {
        "successful": {
          "count": 38,
          "min": 0.002724028601356565,
          "p25": 0.3855681899583707,
          "median": 0.9369128233842141,
          "mean": 0.84531289318574,
          "p75": 1.282631058416673,
          "p95": 1.4461593529246635,
          "max": 1.5167178524769243
        },
        "failed": {
          "count": 22,
          "min": 0.011200796265092183,
          "p25": 0.5039651083179537,
          "median": 0.6762511623660161,
          "mean": 0.8375474055399686,
          "p75": 1.2380884308052322,
          "p95": 1.5379961605385963,
          "max": 1.5498495298483064
        }
      },
      "position_x_m": {
        "successful": {
          "count": 38,
          "min": 0.4568240427215936,
          "p25": 0.5026267444032246,
          "median": 0.5720449669686773,
          "mean": 0.5778004852205676,
          "p75": 0.6525307658592395,
          "p95": 0.7117556671014744,
          "max": 0.7192058822196988
        },
        "failed": {
          "count": 22,
          "min": 0.4509571438559541,
          "p25": 0.5253906899538338,
          "median": 0.6419310493279047,
          "mean": 0.6033112236847252,
          "p75": 0.6732379884097384,
          "p95": 0.7047296399685642,
          "max": 0.7184007390949794
        }
      },
      "abs_position_y_m": {
        "successful": {
          "count": 38,
          "min": 0.006344189145053664,
          "p25": 0.043938863462797614,
          "median": 0.07254849563516172,
          "mean": 0.08265056299016348,
          "p75": 0.12430913710127207,
          "p95": 0.15442479729301092,
          "max": 0.1750420216486208
        },
        "failed": {
          "count": 22,
          "min": 0.008471589054335205,
          "p25": 0.032903824873941334,
          "median": 0.06667593225844626,
          "mean": 0.07291003126475562,
          "p75": 0.11422664209439426,
          "p95": 0.14191620114722173,
          "max": 0.15164985808410136
        }
      },
      "action_delay_steps": {
        "successful": {
          "count": 38,
          "min": 0.0,
          "p25": 0.0,
          "median": 1.0,
          "mean": 1.0,
          "p75": 2.0,
          "p95": 2.0,
          "max": 2.0
        },
        "failed": {
          "count": 22,
          "min": 0.0,
          "p25": 0.0,
          "median": 1.0,
          "mean": 0.9545454545454546,
          "p75": 2.0,
          "p95": 2.0,
          "max": 2.0
        }
      },
      "grasp_span_m": {
        "successful": {
          "count": 38,
          "min": 0.037604014704767694,
          "p25": 0.05059876927041765,
          "median": 0.05546232938964717,
          "mean": 0.05610369363092562,
          "p75": 0.0644543642838025,
          "p95": 0.07144689085106934,
          "max": 0.07186782184689633
        },
        "failed": {
          "count": 22,
          "min": 0.03610334326445408,
          "p25": 0.05873688885543075,
          "median": 0.06703926279928951,
          "mean": 0.06438631744031198,
          "p75": 0.07229754958904445,
          "p95": 0.07779633960123002,
          "max": 0.07821216545747936
        }
      },
      "height_m": {
        "successful": {
          "count": 38,
          "min": 0.02206342569074679,
          "p25": 0.047013413427154524,
          "median": 0.0687341813526995,
          "mean": 0.07623930277342142,
          "p75": 0.09876358344624642,
          "p95": 0.13427202930564988,
          "max": 0.13733745816953452
        },
        "failed": {
          "count": 22,
          "min": 0.020706563316592035,
          "p25": 0.04662352533178678,
          "median": 0.06715705213606776,
          "mean": 0.08152992101689081,
          "p75": 0.11726412749320345,
          "p95": 0.16492728508932794,
          "max": 0.1765886755229968
        }
      },
      "volume_m3": {
        "successful": {
          "count": 38,
          "min": 0.00011581938252857785,
          "p25": 0.00023716404010069457,
          "median": 0.0004550263840734826,
          "mean": 0.0007958814455281348,
          "p75": 0.0013886361235544177,
          "p95": 0.0019639896675206266,
          "max": 0.002528083451434125
        },
        "failed": {
          "count": 22,
          "min": 9.883690714975575e-05,
          "p25": 0.0005021859550506498,
          "median": 0.0008917771560222969,
          "mean": 0.0015671819746008063,
          "p75": 0.002068323144756843,
          "p95": 0.0045380348757824065,
          "max": 0.004644204798524727
        }
      }
    }
  },
  "diagnostic_priority": [
    {
      "profile_id": "large_narrow_carton",
      "priority_score": 1.6,
      "success_rate": 0.2,
      "force_safety_violation_rate": 0.8
    },
    {
      "profile_id": "near_limit_box",
      "priority_score": 1.6,
      "success_rate": 0.2,
      "force_safety_violation_rate": 0.8
    },
    {
      "profile_id": "electronics_box",
      "priority_score": 1.0,
      "success_rate": 0.4,
      "force_safety_violation_rate": 0.4
    },
    {
      "profile_id": "long_carton",
      "priority_score": 0.8,
      "success_rate": 0.6,
      "force_safety_violation_rate": 0.4
    },
    {
      "profile_id": "mailing_tube",
      "priority_score": 0.8,
      "success_rate": 0.2,
      "force_safety_violation_rate": 0.0
    },
    {
      "profile_id": "book_box",
      "priority_score": 0.6000000000000001,
      "success_rate": 0.6,
      "force_safety_violation_rate": 0.2
    },
    {
      "profile_id": "flat_mailer",
      "priority_score": 0.39999999999999997,
      "success_rate": 0.8,
      "force_safety_violation_rate": 0.2
    },
    {
      "profile_id": "shoe_box_proxy",
      "priority_score": 0.39999999999999997,
      "success_rate": 0.8,
      "force_safety_violation_rate": 0.2
    },
    {
      "profile_id": "micro_box",
      "priority_score": 0.19999999999999996,
      "success_rate": 0.8,
      "force_safety_violation_rate": 0.0
    },
    {
      "profile_id": "medium_carton",
      "priority_score": 0.0,
      "success_rate": 1.0,
      "force_safety_violation_rate": 0.0
    },
    {
      "profile_id": "small_carton",
      "priority_score": 0.0,
      "success_rate": 1.0,
      "force_safety_violation_rate": 0.0
    },
    {
      "profile_id": "upright_canister",
      "priority_score": 0.0,
      "success_rate": 1.0,
      "force_safety_violation_rate": 0.0
    }
  ]
}
{"output": "/workspace/parcel-sorter-opt-v1/outputs/radeon-geometry-screen-v1/collision-checked-reset-summary.json", "episodes": 60}
{
  "global": {
    "attempts": 60,
    "successes": 38,
    "success_rate": 0.6333333333333333,
    "success_rate_ci95_low": 0.5068300063010303,
    "success_rate_ci95_high": 0.7437908331277456,
    "force_safety_violations": 15,
    "force_safety_violation_rate": 0.25,
    "force_safety_violation_rate_ci95_low": 0.15776522530056675,
    "force_safety_violation_rate_ci95_high": 0.37232070077047824,
    "failure_mode_counts": {
      "complete": 38,
      "grasp_lost_during_lift": 2,
      "force_safety_abort": 15,
      "grasp_verification_failure": 2,
      "approach_timeout": 2,
      "post_lift_failure": 1
    },
    "terminal_reason_counts": {
      "parcel sorted": 38,
      "grasp lost during lift": 2,
      "safety fault": 15,
      "grasp verification failed": 2,
      "approaching parcel": 2,
      "releasing parcel": 1
    },
    "force_context_stage_counts": {
      "place": 2,
      "approach": 12,
      "lift": 1
    },
    "phase_reach_counts": {
      "pregrasp": 49,
      "grasp_contact": 49,
      "parcel_lifted": 43,
      "place": 43
    },
    "episodes_with_retries": 14,
    "dropped_episodes": 0,
    "max_contact_force_n": {
      "count": 60,
      "min": 0.0,
      "p25": 7.485480904579163,
      "median": 14.636714935302734,
      "mean": 21.78843959967295,
      "p75": 34.63680839538574,
      "p95": 52.81343975067138,
      "max": 127.29696655273438
    },
    "force_jump_n": {
      "count": 15,
      "min": 1.6442413330078125,
      "p25": 8.545709609985352,
      "median": 22.03388023376465,
      "mean": 33.658229446411134,
      "p75": 45.49253463745117,
      "p95": 90.61993484497066,
      "max": 127.29696655273438
    },
    "factor_comparison": {
      "mass_kg": {
        "successful": {
          "count": 38,
          "min": 0.08900272634369029,
          "p25": 0.26031915763113656,
          "median": 0.6051662801835175,
          "mean": 0.5076280637761585,
          "p75": 0.6963968548394862,
          "p95": 0.8936531335890057,
          "max": 1.0130373205332504
        },
        "failed": {
          "count": 22,
          "min": 0.09339539839851296,
          "p25": 0.4455166540741785,
          "median": 0.581574151299785,
          "mean": 0.62278417341254,
          "p75": 0.7133586503232884,
          "p95": 1.1519446893086156,
          "max": 1.2587461932008406
        }
      },
      "friction": {
        "successful": {
          "count": 38,
          "min": 0.25574345819776856,
          "p25": 0.45144678007868855,
          "median": 0.6041965033274936,
          "mean": 0.6089434670099095,
          "p75": 0.7620681852697112,
          "p95": 0.9719247703362596,
          "max": 1.0303566260532884
        },
        "failed": {
          "count": 22,
          "min": 0.3082176657645058,
          "p25": 0.4678261509722472,
          "median": 0.612590649578871,
          "mean": 0.622404539149523,
          "p75": 0.719553478830746,
          "p95": 0.9874587416629685,
          "max": 1.0143822591465352
        }
      },
      "canonical_abs_yaw_rad": {
        "successful": {
          "count": 38,
          "min": 0.002724028601356565,
          "p25": 0.3855681899583707,
          "median": 0.877216918134166,
          "mean": 0.8309940718219981,
          "p75": 1.2591056519326451,
          "p95": 1.4461593529246635,
          "max": 1.5167178524769243
        },
        "failed": {
          "count": 22,
          "min": 0.011200796265092183,
          "p25": 0.5039651083179537,
          "median": 0.7519615782757587,
          "mean": 0.8622799151682503,
          "p75": 1.3533920929952943,
          "p95": 1.5379961605385963,
          "max": 1.5498495298483064
        }
      },
      "position_x_m": {
        "successful": {
          "count": 38,
          "min": 0.4647268290763431,
          "p25": 0.5133329210830363,
          "median": 0.5787838314884697,
          "mean": 0.5860797570249826,
          "p75": 0.6525307658592395,
          "p95": 0.7117556671014744,
          "max": 0.7192058822196988
        },
        "failed": {
          "count": 22,
          "min": 0.4509571438559541,
          "p25": 0.4832489419117433,
          "median": 0.6125989269854303,
          "mean": 0.5890106632952808,
          "p75": 0.6732379884097384,
          "p95": 0.7047296399685642,
          "max": 0.7184007390949794
        }
      },
      "abs_position_y_m": {
        "successful": {
          "count": 38,
          "min": 0.006344189145053664,
          "p25": 0.05276374189149757,
          "median": 0.08211557781305251,
          "mean": 0.084413784110281,
          "p75": 0.12430913710127207,
          "p95": 0.15442479729301092,
          "max": 0.1750420216486208
        },
        "failed": {
          "count": 22,
          "min": 0.013844725658963358,
          "p25": 0.026277909068820687,
          "median": 0.05943997202367974,
          "mean": 0.06986446751182537,
          "p75": 0.11422664209439426,
          "p95": 0.14191620114722173,
          "max": 0.15164985808410136
        }
      },
      "action_delay_steps": {
        "successful": {
          "count": 38,
          "min": 0.0,
          "p25": 0.0,
          "median": 1.0,
          "mean": 1.0,
          "p75": 2.0,
          "p95": 2.0,
          "max": 2.0
        },
        "failed": {
          "count": 22,
          "min": 0.0,
          "p25": 0.0,
          "median": 1.0,
          "mean": 0.9545454545454546,
          "p75": 2.0,
          "p95": 2.0,
          "max": 2.0
        }
      },
      "grasp_span_m": {
        "successful": {
          "count": 38,
          "min": 0.037604014704767694,
          "p25": 0.05059876927041765,
          "median": 0.05612715606482114,
          "mean": 0.05681565215679314,
          "p75": 0.06557344752506067,
          "p95": 0.07176978551696893,
          "max": 0.07496079019310378
        },
        "failed": {
          "count": 22,
          "min": 0.03610334326445408,
          "p25": 0.05660015755975527,
          "median": 0.06612264742636934,
          "mean": 0.06315657089563172,
          "p75": 0.07011489133899679,
          "p95": 0.07779633960123002,
          "max": 0.07821216545747936
        }
      },
      "height_m": {
        "successful": {
          "count": 38,
          "min": 0.02206342569074679,
          "p25": 0.047013413427154524,
          "median": 0.0687341813526995,
          "mean": 0.07651098208019984,
          "p75": 0.09876358344624642,
          "p95": 0.13427202930564988,
          "max": 0.13733745816953452
        },
        "failed": {
          "count": 22,
          "min": 0.020706563316592035,
          "p25": 0.04662352533178678,
          "median": 0.06715705213606776,
          "mean": 0.08106065675972807,
          "p75": 0.11726412749320345,
          "p95": 0.16492728508932794,
          "max": 0.1765886755229968
        }
      },
      "volume_m3": {
        "successful": {
          "count": 38,
          "min": 0.00011581938252857785,
          "p25": 0.00023716404010069457,
          "median": 0.0004550263840734826,
          "mean": 0.0008616800780204834,
          "p75": 0.0014408935828247177,
          "p95": 0.0023380984276370593,
          "max": 0.003516411559660105
        },
        "failed": {
          "count": 22,
          "min": 9.883690714975575e-05,
          "p25": 0.0005021859550506498,
          "median": 0.0008917771560222969,
          "mean": 0.0014535297912049313,
          "p75": 0.0018710544793734817,
          "p95": 0.0045380348757824065,
          "max": 0.004644204798524727
        }
      }
    }
  },
  "diagnostic_priority": [
    {
      "profile_id": "near_limit_box",
      "priority_score": 1.6,
      "success_rate": 0.2,
      "force_safety_violation_rate": 0.8
    },
    {
      "profile_id": "large_narrow_carton",
      "priority_score": 1.2,
      "success_rate": 0.4,
      "force_safety_violation_rate": 0.6
    },
    {
      "profile_id": "electronics_box",
      "priority_score": 1.0,
      "success_rate": 0.4,
      "force_safety_violation_rate": 0.4
    },
    {
      "profile_id": "long_carton",
      "priority_score": 0.8,
      "success_rate": 0.6,
      "force_safety_violation_rate": 0.4
    },
    {
      "profile_id": "mailing_tube",
      "priority_score": 0.8,
      "success_rate": 0.2,
      "force_safety_violation_rate": 0.0
    },
    {
      "profile_id": "medium_carton",
      "priority_score": 0.8,
      "success_rate": 0.6,
      "force_safety_violation_rate": 0.4
    },
    {
      "profile_id": "book_box",
      "priority_score": 0.6000000000000001,
      "success_rate": 0.6,
      "force_safety_violation_rate": 0.2
    },
    {
      "profile_id": "flat_mailer",
      "priority_score": 0.39999999999999997,
      "success_rate": 0.8,
      "force_safety_violation_rate": 0.2
    },
    {
      "profile_id": "micro_box",
      "priority_score": 0.19999999999999996,
      "success_rate": 0.8,
      "force_safety_violation_rate": 0.0
    },
    {
      "profile_id": "shoe_box_proxy",
      "priority_score": 0.0,
      "success_rate": 1.0,
      "force_safety_violation_rate": 0.0
    },
    {
      "profile_id": "small_carton",
      "priority_score": 0.0,
      "success_rate": 1.0,
      "force_safety_violation_rate": 0.0
    },
    {
      "profile_id": "upright_canister",
      "priority_score": 0.0,
      "success_rate": 1.0,
      "force_safety_violation_rate": 0.0
    }
  ]
}
{"output": "/workspace/parcel-sorter-opt-v1/outputs/radeon-geometry-screen-v1/geometry-aware-planner-summary.json", "episodes": 60}
Geometry screening campaign completed: /workspace/parcel-sorter-opt-v1/outputs/radeon-geometry-screen-v1
